ean,matterhorn_product,matterhorn_brand,matterhorn_stock,tabu_product,tabu_brand,tabu_stock,mada_product,mada_brand,mada_stock
00011T180291,  Rajstopy Model Silver Party wz.18 Nero/Silver - Gatta ,Gatta,0,Rajstopy SILVER PARTY 18,GATTA,0,Rajstopy Gatta Silver Party wz.18 Lurex 20 den 2-4,Gatta,14
00011T180391,  Rajstopy Model Silver Party wz.18 Nero/Silver - Gatta ,Gatta,0,Rajstopy SILVER PARTY 18,GATTA,0,Rajstopy Gatta Silver Party wz.18 Lurex 20 den 2-4,Gatta,30
00011T180491,  Rajstopy Model Silver Party wz.18 Nero/Silver - Gatta ,Gatta,6,Rajstopy SILVER PARTY 18,GATTA,6,Rajstopy Gatta Silver Party wz.18 Lurex 20 den 2-4,Gatta,30
000429000290,  Rajstopy Model Funny 20 Black - Gatta ,Gatta,40,Rajstopy FUNNY,GATTA,42,Rajstopy Gatta Funny 20 den 2-4,Gatta,66
000429000390,  Rajstopy Model Funny 20 Black - Gatta ,Gatta,40,Rajstopy FUNNY,GATTA,51,Rajstopy Gatta Funny 20 den 2-4,Gatta,163
000429000490,  Rajstopy Model Funny 20 Black - Gatta ,Gatta,40,Rajstopy FUNNY,GATTA,59,Rajstopy Gatta Funny 20 den 2-4,Gatta,166
000664180290,  Rajstopy Model Dotsy 18 Black - Gatta ,Gatta,2,Rajstopy DOTSY 18,GATTA,2,Rajstopy Gatta Trendy Dotsy wz.18 20 den 2-4,Gatta,2
000664180390,  Rajstopy Model Dotsy 18 Black - Gatta ,Gatta,6,Rajstopy DOTSY 18,GATTA,6,Rajstopy Gatta Trendy Dotsy wz.18 20 den 2-4,Gatta,4
000795070290,  Rajstopy Model Fabiane 07 40 Den Nero - Gatta ,Gatta,4,Rajstopy FABIANE 07,GATTA,4,Rajstopy Gatta Trendy Fabiane wz.07 40 den 2-4,Gatta,8
000795070390,  Rajstopy Model Fabiane 07 40 Den Nero - Gatta ,Gatta,2,Rajstopy FABIANE 07,GATTA,2,Rajstopy Gatta Trendy Fabiane wz.07 40 den 2-4,Gatta,12
0008611470290,  Rajstopy Model Loretta 147 50 Den Nero - Gatta ,Gatta,1,Rajstopy LORETTA 147,GATTA,0,Rajstopy Gatta Loretta wz.147 50 den 2-4,Gatta,13
0008611560290,  Rajstopy Model Loretta 156 50 Den Nero - Gatta ,Gatta,10,Rajstopy LORETTA 156,GATTA,10,Rajstopy Gatta Loretta wz.156 50 den 2-4,Gatta,6
0008611560390,  Rajstopy Model Loretta 156 50 Den Nero - Gatta ,Gatta,0,Rajstopy LORETTA 156,GATTA,0,Rajstopy Gatta Loretta wz.156 50 den 2-4,Gatta,8
0008611560590,  Rajstopy Model Loretta 156 50 Den Nero - Gatta ,Gatta,0,Rajstopy LORETTA 156,GATTA,0,Rajstopy Gatta Loretta wz.156 50 den 5-XL,Gatta,6
0008611560690,  Rajstopy Model Loretta 156 50 Den Nero - Gatta ,Gatta,0,Rajstopy LORETTA 156,GATTA,0,Rajstopy Gatta Loretta wz.156 50 den 6-XXL,Gatta,5
0009750003253,  Rajstopy Model Celia Sabbia - Gatta ,Gatta,7,Rajstopy CELIA,GATTA,7,Rajstopy Gatta Celia 2-4,Gatta,8
000975000390,  Rajstopy Model Celia Nero - Gatta ,Gatta,22,Rajstopy CELIA,GATTA,22,Rajstopy Gatta Celia 2-4,Gatta,13
0009750004253,  Rajstopy Model Celia Sabbia - Gatta ,Gatta,6,Rajstopy CELIA,GATTA,6,Rajstopy Gatta Celia 2-4,Gatta,7
000975000490,  Rajstopy Model Celia Nero - Gatta ,Gatta,31,Rajstopy CELIA,GATTA,31,Rajstopy Gatta Celia 2-4,Gatta,12
000975000590,  Rajstopy Model Celia Nero - Gatta ,Gatta,12,Rajstopy CELIA,GATTA,12,Rajstopy Gatta Celia 5-XL,Gatta,11
0047049S4690,  Rajstopy Model Black Brillant  - Gatta ,Gatta,0,Rajstopy BLACK BRILLANT,GATTA,0,Rajstopy Gatta Black Brillant 2-5,Gatta,30
2000621509607, Figi Model 62 White - Gabidar ,Gabidar,3,Figi 62,Gabidar,3,Figi Gabidar 62 M-2XL,Gabidar,1
2000671213707, Figi Model Zuza 67 White - Gabidar ,Gabidar,5,Figi 67,Gabidar,5,Figi Gabidar 067 M-2XL,Gabidar,4
2000671313704, Figi Model Zuza 67 White - Gabidar ,Gabidar,2,Figi 67,Gabidar,2,Figi Gabidar 067 M-2XL,Gabidar,5
2000671413701, Figi Model Zuza 67 White - Gabidar ,Gabidar,4,Figi 67,Gabidar,4,Figi Gabidar 067 M-2XL,Gabidar,6
2000671513708, Figi Model Zuza 67 White - Gabidar ,Gabidar,7,Figi 67,Gabidar,7,Figi Gabidar 067 M-2XL,Gabidar,3
2000672213706, Figi Model Zuza 67 Black - Gabidar ,Gabidar,6,Figi 67,Gabidar,6,Figi Gabidar 067 M-2XL,Gabidar,4
2000672313703, Figi Model Zuza 67 Black - Gabidar ,Gabidar,4,Figi 67,Gabidar,4,Figi Gabidar 067 M-2XL,Gabidar,8
2000672413700, Figi Model Zuza 67 Black - Gabidar ,Gabidar,5,Figi 67,Gabidar,5,Figi Gabidar 067 M-2XL,Gabidar,4
2000672513707, Figi Model Zuza 67 Black - Gabidar ,Gabidar,4,Figi 67,Gabidar,4,Figi Gabidar 067 M-2XL,Gabidar,6
2001091310809, Figi Model Bijou 109 White - Gabidar ,Gabidar,4,Figi 109,Gabidar,4,Figi Gabidar 109 S-XL,Gabidar,8
2001092110804, Figi Model Bijou 109 Black - Gabidar ,Gabidar,2,Figi 109,Gabidar,2,Figi Gabidar 109 S-XL,Gabidar,2
2001092210801, Figi Model Bijou 109 Black - Gabidar ,Gabidar,5,Figi 109,Gabidar,5,Figi Gabidar 109 S-XL,Gabidar,7
2001092310808, Figi Model Bijou 109 Black - Gabidar ,Gabidar,6,Figi 109,Gabidar,6,Figi Gabidar 109 S-XL,Gabidar,4
2001101113208, Stringi Model 110 White - Gabidar ,Gabidar,1,Stringi 110,Gabidar,1,Stringi Gabidar 110 S-XL,Gabidar,4
2001101213205, Stringi Model 110 White - Gabidar ,Gabidar,4,Stringi 110,Gabidar,4,Stringi Gabidar 110 S-XL,Gabidar,4
2001101313202, Stringi Model 110 White - Gabidar ,Gabidar,2,Stringi 110,Gabidar,2,Stringi Gabidar 110 S-XL,Gabidar,7
2001101413209, Stringi Model 110 White - Gabidar ,Gabidar,2,Stringi 110,Gabidar,2,Stringi Gabidar 110 S-XL,Gabidar,9
2001241211000, Figi Model 124 White - Gabidar ,Gabidar,6,Figi 124,Gabidar,6,Figi Gabidar 124 M-3XL,Gabidar,4
2001241311007, Figi Model 124 White - Gabidar ,Gabidar,2,Figi 124,Gabidar,2,Figi Gabidar 124 M-3XL,Gabidar,2
2001241411004, Figi Model 124 White - Gabidar ,Gabidar,4,Figi 124,Gabidar,4,Figi Gabidar 124 M-3XL,Gabidar,1
2001241511001, Figi Model 124 White - Gabidar ,Gabidar,3,Figi 124,Gabidar,3,Figi Gabidar 124 M-3XL,Gabidar,6
2001241611008, Figi Model 124 White - Gabidar ,Gabidar,4,Figi 124,Gabidar,4,Figi Gabidar 124 M-3XL,Gabidar,4
2001242211009, Figi Model 124 Black - Gabidar ,Gabidar,7,Figi 124,Gabidar,7,Figi Gabidar 124 M-3XL,Gabidar,4
2001242311006, Figi Model 124 Black - Gabidar ,Gabidar,6,Figi 124,Gabidar,6,Figi Gabidar 124 M-3XL,Gabidar,5
2001242411003, Figi Model 124 Black - Gabidar ,Gabidar,6,Figi 124,Gabidar,6,Figi Gabidar 124 M-3XL,Gabidar,5
2001242511000, Figi Model 124 Black - Gabidar ,Gabidar,2,Figi 124,Gabidar,2,Figi Gabidar 124 M-3XL,Gabidar,4
2001242611007, Figi Model 124 Black - Gabidar ,Gabidar,4,Figi 124,Gabidar,4,Figi Gabidar 124 M-3XL,Gabidar,3
2001361211607, Figi Model Andrea 136 White - Gabidar ,Gabidar,4,Figi 136,Gabidar,4,Figi Gabidar 136 M-2XL,Gabidar,7
2001361311604, Figi Model Andrea 136 White - Gabidar ,Gabidar,3,Figi 136,Gabidar,2,Figi Gabidar 136 M-2XL,Gabidar,8
2001361411601, Figi Model Andrea 136 White - Gabidar ,Gabidar,3,Figi 136,Gabidar,3,Figi Gabidar 136 M-2XL,Gabidar,8
2001361511608, Figi Model Andrea 136 White - Gabidar ,Gabidar,3,Figi 136,Gabidar,3,Figi Gabidar 136 M-2XL,Gabidar,9
2001391210205, Figi Model 139 White - Gabidar ,Gabidar,5,Figi 139,Gabidar,5,Figi Gabidar 139 M-2XL,Gabidar,5
2001391310202, Figi Model 139 White - Gabidar ,Gabidar,4,Figi 139,Gabidar,4,Figi Gabidar 139 M-2XL,Gabidar,3
2001391410209, Figi Model 139 White - Gabidar ,Gabidar,4,Figi 139,Gabidar,4,Figi Gabidar 139 M-2XL,Gabidar,11
2001391510206, Figi Model 139 White - Gabidar ,Gabidar,4,Figi 139,Gabidar,4,Figi Gabidar 139 M-2XL,Gabidar,8
2001461215000, Figi Model Paloma 146 White - Gabidar ,Gabidar,5,Figi 146,Gabidar,5,Figi Gabidar 146 M-2XL,Gabidar,2
2001461315007, Figi Model Paloma 146 White - Gabidar ,Gabidar,4,Figi 146,Gabidar,4,Figi Gabidar 146 M-2XL,Gabidar,10
2001461415004, Figi Model Paloma 146 White - Gabidar ,Gabidar,3,Figi 146,Gabidar,3,Figi Gabidar 146 M-2XL,Gabidar,6
2001461515001, Figi Model Paloma 146 White - Gabidar ,Gabidar,3,Figi 146,Gabidar,3,Figi Gabidar 146 M-2XL,Gabidar,6
2001462215009, Figi Model Paloma 146 Black - Gabidar ,Gabidar,5,Figi 146,Gabidar,5,Figi Gabidar 146 M-2XL,Gabidar,7
2001462315006, Figi Model Paloma 146 Black - Gabidar ,Gabidar,5,Figi 146,Gabidar,5,Figi Gabidar 146 M-2XL,Gabidar,9
2001462415003, Figi Model Paloma 146 Black - Gabidar ,Gabidar,6,Figi 146,Gabidar,6,Figi Gabidar 146 M-2XL,Gabidar,8
2001462515000, Figi Model Paloma 146 Black - Gabidar ,Gabidar,3,Figi 146,Gabidar,3,Figi Gabidar 146 M-2XL,Gabidar,8
2001541116302, Szorty Model She 154 White - Gabidar ,Gabidar,4,Szorty 154,Gabidar,4,Szorty Gabidar 154 S-XL,Gabidar,9
2001691109001, Stringi Model 169 White - Gabidar ,Gabidar,3,Stringi 169,Gabidar,3,Stringi Gabidar 169 S-XL,Gabidar,6
2001691209008, Stringi Model 169 White - Gabidar ,Gabidar,0,Stringi 169,Gabidar,0,Stringi Gabidar 169 S-XL,Gabidar,7
2001691309005, Stringi Model 169 White - Gabidar ,Gabidar,0,Stringi 169,Gabidar,0,Stringi Gabidar 169 S-XL,Gabidar,10
2001691409002, Stringi Model 169 White - Gabidar ,Gabidar,1,Stringi 169,Gabidar,1,Stringi Gabidar 169 S-XL,Gabidar,5
2001692109000, Stringi Model 169 Black - Gabidar ,Gabidar,0,Stringi 169,Gabidar,0,Stringi Gabidar 169 S-XL,Gabidar,4
2001692209007, Stringi Model 169 Black - Gabidar ,Gabidar,0,Stringi 169,Gabidar,0,Stringi Gabidar 169 S-XL,Gabidar,8
2001692309004, Stringi Model 169 Black - Gabidar ,Gabidar,0,Stringi 169,Gabidar,0,Stringi Gabidar 169 S-XL,Gabidar,6
2001692409001, Stringi Model 169 Black - Gabidar ,Gabidar,0,Stringi 169,Gabidar,0,Stringi Gabidar 169 S-XL,Gabidar,4
2001694109008, Stringi Model 169 Beige - Gabidar ,Gabidar,0,Stringi 169,Gabidar,0,Stringi Gabidar 169 S-XL,Gabidar,5
2001694209005, Stringi Model 169 Beige - Gabidar ,Gabidar,2,Stringi 169,Gabidar,2,Stringi Gabidar 169 S-XL,Gabidar,9
2001694309002, Stringi Model 169 Beige - Gabidar ,Gabidar,0,Stringi 169,Gabidar,0,Stringi Gabidar 169 S-XL,Gabidar,12
2001694409009, Stringi Model 169 Beige - Gabidar ,Gabidar,3,Stringi 169,Gabidar,3,Stringi Gabidar 169 S-XL,Gabidar,11
2001712214400, Szorty Model Poli 171 Black - Gabidar ,Gabidar,3,Szorty 171,Gabidar,3,Szorty Gabidar 171 S-2XL,Gabidar,27
2001712314407, Szorty Model Poli 171 Black - Gabidar ,Gabidar,3,Szorty 171,Gabidar,3,Szorty Gabidar 171 S-2XL,Gabidar,26
2001712414404, Szorty Model Poli 171 Black - Gabidar ,Gabidar,3,Szorty 171,Gabidar,3,Szorty Gabidar 171 S-2XL,Gabidar,21
2001712514401, Szorty Model Poli 171 Black - Gabidar ,Gabidar,4,Szorty 171,Gabidar,4,Szorty Gabidar 171 S-2XL,Gabidar,7
2001801211006, Figi Model Stella 180 White - Gabidar ,Gabidar,7,Figi 180,Gabidar,7,Figi Gabidar 180 M-2XL,Gabidar,13
2001801311003, Figi Model Stella 180 White - Gabidar ,Gabidar,5,Figi 180,Gabidar,5,Figi Gabidar 180 M-2XL,Gabidar,16
2001801411000, Figi Model Stella 180 White - Gabidar ,Gabidar,3,Figi 180,Gabidar,3,Figi Gabidar 180 M-2XL,Gabidar,17
2001801511007, Figi Model Stella 180 White - Gabidar ,Gabidar,4,Figi 180,Gabidar,4,Figi Gabidar 180 M-2XL,Gabidar,10
2001802211005, Figi Model Stella 180 Black - Gabidar ,Gabidar,5,Figi 180,Gabidar,4,Figi Gabidar 180 M-2XL,Gabidar,8
2001802311002, Figi Model Stella 180 Black - Gabidar ,Gabidar,3,Figi 180,Gabidar,2,Figi Gabidar 180 M-2XL,Gabidar,7
2001802411009, Figi Model Stella 180 Black - Gabidar ,Gabidar,5,Figi 180,Gabidar,4,Figi Gabidar 180 M-2XL,Gabidar,7
2001802511006, Figi Model Stella 180 Black - Gabidar ,Gabidar,4,Figi 180,Gabidar,4,Figi Gabidar 180 M-2XL,Gabidar,8
2001811211607, Figi Model Sami 181 White - Gabidar ,Gabidar,7,Figi 181,Gabidar,7,Figi Gabidar 181 M-2XL,Gabidar,5
2001811311604, Figi Model Sami 181 White - Gabidar ,Gabidar,7,Figi 181,Gabidar,7,Figi Gabidar 181 M-2XL,Gabidar,7
2001811411601, Figi Model Sami 181 White - Gabidar ,Gabidar,6,Figi 181,Gabidar,6,Figi Gabidar 181 M-2XL,Gabidar,7
2001811511608, Figi Model Sami 181 White - Gabidar ,Gabidar,6,Figi 181,Gabidar,6,Figi Gabidar 181 M-2XL,Gabidar,12
2001812211606, Figi Model Sami 181 Black - Gabidar ,Gabidar,6,Figi 181,Gabidar,6,Figi Gabidar 181 M-2XL,Gabidar,8
2001812311603, Figi Model Sami 181 Black - Gabidar ,Gabidar,5,Figi 181,Gabidar,5,Figi Gabidar 181 M-2XL,Gabidar,12
2001812411600, Figi Model Sami 181 Black - Gabidar ,Gabidar,7,Figi 181,Gabidar,7,Figi Gabidar 181 M-2XL,Gabidar,12
2001812511607, Figi Model Sami 181 Black - Gabidar ,Gabidar,5,Figi 181,Gabidar,5,Figi Gabidar 181 M-2XL,Gabidar,5
2001831212608, Figi Model Holi 183 White - Gabidar ,Gabidar,3,Figi 183,Gabidar,3,Figi Gabidar 183 M-3XL,Gabidar,18
2001831312605, Figi Model Holi 183 White - Gabidar ,Gabidar,4,Figi 183,Gabidar,4,Figi Gabidar 183 M-3XL,Gabidar,21
2001831412602, Figi Model Holi 183 White - Gabidar ,Gabidar,1,Figi 183,Gabidar,1,Figi Gabidar 183 M-3XL,Gabidar,26
2001831512609, Figi Model Holi 183 White - Gabidar ,Gabidar,2,Figi 183,Gabidar,2,Figi Gabidar 183 M-3XL,Gabidar,8
2001831612606, Figi Model Holi 183 White - Gabidar ,Gabidar,3,Figi 183,Gabidar,3,Figi Gabidar 183 M-3XL,Gabidar,9
2001832212607, Figi Model Holi 183 Black - Gabidar ,Gabidar,4,Figi 183,Gabidar,4,Figi Gabidar 183 M-3XL,Gabidar,11
2001832312604, Figi Model Holi 183 Black - Gabidar ,Gabidar,4,Figi 183,Gabidar,4,Figi Gabidar 183 M-3XL,Gabidar,14
2001832412601, Figi Model Holi 183 Black - Gabidar ,Gabidar,1,Figi 183,Gabidar,1,Figi Gabidar 183 M-3XL,Gabidar,19
2001832512608, Figi Model Holi 183 Black - Gabidar ,Gabidar,4,Figi 183,Gabidar,4,Figi Gabidar 183 M-3XL,Gabidar,9
2001832612605, Figi Model Holi 183 Black - Gabidar ,Gabidar,3,Figi 183,Gabidar,3,Figi Gabidar 183 M-3XL,Gabidar,5
2001834212605, Figi Model Holi 183 Beige - Gabidar ,Gabidar,2,Figi 183,Gabidar,2,Figi Gabidar 183 M-3XL,Gabidar,5
2001834312602, Figi Model Holi 183 Beige - Gabidar ,Gabidar,3,Figi 183,Gabidar,3,Figi Gabidar 183 M-3XL,Gabidar,22
2001834412609, Figi Model Holi 183 Beige - Gabidar ,Gabidar,2,Figi 183,Gabidar,2,Figi Gabidar 183 M-3XL,Gabidar,14
2001834512606, Figi Model Holi 183 Beige - Gabidar ,Gabidar,5,Figi 183,Gabidar,5,Figi Gabidar 183 M-3XL,Gabidar,12
2001834612603, Figi Model Holi 183 Beige - Gabidar ,Gabidar,3,Figi 183,Gabidar,3,Figi Gabidar 183 M-3XL,Gabidar,18
2001882117907, Figi Model Pola 188 Black - Gabidar ,Gabidar,0,Szorty 188,Gabidar,0,Szorty Gabidar 188 S-XL,Gabidar,7
2001882217904, Figi Model Pola 188 Black - Gabidar ,Gabidar,1,Szorty 188,Gabidar,1,Szorty Gabidar 188 S-XL,Gabidar,12
2001882317901, Figi Model Pola 188 Black - Gabidar ,Gabidar,0,Szorty 188,Gabidar,0,Szorty Gabidar 188 S-XL,Gabidar,16
2001882417908, Figi Model Pola 188 Black - Gabidar ,Gabidar,0,Szorty 188,Gabidar,0,Szorty Gabidar 188 S-XL,Gabidar,17
2001951116503, Figi Model 195 White - Gabidar ,Gabidar,8,Figi 195,Gabidar,8,Figi Gabidar 195 S-XL,Gabidar,2
2001951316507, Figi Model 195 White - Gabidar ,Gabidar,6,Figi 195,Gabidar,6,Figi Gabidar 195 S-XL,Gabidar,1
2001951416504, Figi Model 195 White - Gabidar ,Gabidar,8,Figi 195,Gabidar,8,Figi Gabidar 195 S-XL,Gabidar,4
2001952416503, Figi Model 195 Black - Gabidar ,Gabidar,8,Figi 195,Gabidar,8,Figi Gabidar 195 S-XL,Gabidar,1
2002012118504, Figi Model 201 Black - Gabidar ,Gabidar,2,Figi 201,Gabidar,2,Figi Gabidar 201 S-2XL,Gabidar,5
2002012218501, Figi Model 201 Black - Gabidar ,Gabidar,2,Figi 201,Gabidar,2,Figi Gabidar 201 S-2XL,Gabidar,7
2002012318508, Figi Model 201 Black - Gabidar ,Gabidar,2,Figi 201,Gabidar,1,Figi Gabidar 201 S-2XL,Gabidar,8
2002012418505, Figi Model 201 Black - Gabidar ,Gabidar,2,Figi 201,Gabidar,2,Figi Gabidar 201 S-2XL,Gabidar,9
2002012518502, Figi Model 201 Black - Gabidar ,Gabidar,1,Figi 201,Gabidar,1,Figi Gabidar 201 S-2XL,Gabidar,9
2002022119003, Figi Model 202 Black - Gabidar ,Gabidar,2,Figi 202,Gabidar,2,Figi Gabidar 202 S-XL,Gabidar,4
2002022219000, Figi Model 202 Black - Gabidar ,Gabidar,4,Figi 202,Gabidar,4,Figi Gabidar 202 S-XL,Gabidar,3
2002022319007, Figi Model 202 Black - Gabidar ,Gabidar,2,Figi 202,Gabidar,2,Figi Gabidar 202 S-XL,Gabidar,7
2002024119001, Figi Model 202 Beige - Gabidar ,Gabidar,3,Figi 202,Gabidar,2,Figi Gabidar 202 S-XL,Gabidar,8
2002024219008, Figi Model 202 Beige - Gabidar ,Gabidar,5,Figi 202,Gabidar,5,Figi Gabidar 202 S-XL,Gabidar,5
2002024319005, Figi Model 202 Beige - Gabidar ,Gabidar,3,Figi 202,Gabidar,3,Figi Gabidar 202 S-XL,Gabidar,7
2002024419002, Figi Model 202 Beige - Gabidar ,Gabidar,2,Figi 202,Gabidar,2,Figi Gabidar 202 S-XL,Gabidar,6
2002025119000, Figi Model 202 Black/Beige - Gabidar ,Gabidar,1,Figi 202,Gabidar,1,Figi Gabidar 202 S-XL,Gabidar,5
2002025219007, Figi Model 202 Black/Beige - Gabidar ,Gabidar,0,Figi 202,Gabidar,0,Figi Gabidar 202 S-XL,Gabidar,4
2002025319004, Figi Model 202 Black/Beige - Gabidar ,Gabidar,1,Figi 202,Gabidar,1,Figi Gabidar 202 S-XL,Gabidar,5
2002025419001, Figi Model 202 Black/Beige - Gabidar ,Gabidar,1,Figi 202,Gabidar,1,Figi Gabidar 202 S-XL,Gabidar,1
2002026119009, Figi Model 202 Black/Red - Gabidar ,Gabidar,0,Figi 202,Gabidar,0,Figi Gabidar 202 S-XL,Gabidar,3
2002026219006, Figi Model 202 Black/Red - Gabidar ,Gabidar,0,Figi 202,Gabidar,0,Figi Gabidar 202 S-XL,Gabidar,3
2002026319003, Figi Model 202 Black/Red - Gabidar ,Gabidar,0,Figi 202,Gabidar,0,Figi Gabidar 202 S-XL,Gabidar,4
2002026419000, Figi Model 202 Black/Red - Gabidar ,Gabidar,3,Figi 202,Gabidar,3,Figi Gabidar 202 S-XL,Gabidar,4
2002031117601, Figi Model 203 White - Gabidar ,Gabidar,4,Figi 203,Gabidar,4,Figi Gabidar 203 S-2XL,Gabidar,3
2002031217608, Figi Model 203 White - Gabidar ,Gabidar,5,Figi 203,Gabidar,5,Figi Gabidar 203 S-2XL,Gabidar,19
2002031317605, Figi Model 203 White - Gabidar ,Gabidar,6,Figi 203,Gabidar,6,Figi Gabidar 203 S-2XL,Gabidar,16
2002031417602, Figi Model 203 White - Gabidar ,Gabidar,3,Figi 203,Gabidar,3,Figi Gabidar 203 S-2XL,Gabidar,14
2002031517609, Figi Model 203 White - Gabidar ,Gabidar,2,Figi 203,Gabidar,2,Figi Gabidar 203 S-2XL,Gabidar,12
2002032117600, Figi Model 203 Black - Gabidar ,Gabidar,3,Figi 203,Gabidar,3,Figi Gabidar 203 S-2XL,Gabidar,5
2002032217607, Figi Model 203 Black - Gabidar ,Gabidar,5,Figi 203,Gabidar,5,Figi Gabidar 203 S-2XL,Gabidar,6
2002032317604, Figi Model 203 Black - Gabidar ,Gabidar,6,Figi 203,Gabidar,6,Figi Gabidar 203 S-2XL,Gabidar,15
2002032417601, Figi Model 203 Black - Gabidar ,Gabidar,5,Figi 203,Gabidar,5,Figi Gabidar 203 S-2XL,Gabidar,16
2002032517608, Figi Model 203 Black - Gabidar ,Gabidar,3,Figi 203,Gabidar,3,Figi Gabidar 203 S-2XL,Gabidar,13
2002071217002, Figi Model 207 White - Gabidar ,Gabidar,6,Figi 207,Gabidar,6,Figi Gabidar 207 M-3XL,Gabidar,14
2002071317009, Figi Model 207 White - Gabidar ,Gabidar,3,Figi 207,Gabidar,3,Figi Gabidar 207 M-3XL,Gabidar,15
2002071417006, Figi Model 207 White - Gabidar ,Gabidar,2,Figi 207,Gabidar,2,Figi Gabidar 207 M-3XL,Gabidar,12
2002071517003, Figi Model 207 White - Gabidar ,Gabidar,4,Figi 207,Gabidar,4,Figi Gabidar 207 M-3XL,Gabidar,11
2002071617000, Figi Model 207 White - Gabidar ,Gabidar,3,Figi 207,Gabidar,3,Figi Gabidar 207 M-3XL,Gabidar,5
2002072217001, Figi Model 207 Black - Gabidar ,Gabidar,7,Figi 207,Gabidar,6,Figi Gabidar 207 M-3XL,Gabidar,9
2002072317008, Figi Model 207 Black - Gabidar ,Gabidar,4,Figi 207,Gabidar,4,Figi Gabidar 207 M-3XL,Gabidar,10
2002072417005, Figi Model 207 Black - Gabidar ,Gabidar,3,Figi 207,Gabidar,3,Figi Gabidar 207 M-3XL,Gabidar,12
2002072517002, Figi Model 207 Black - Gabidar ,Gabidar,3,Figi 207,Gabidar,3,Figi Gabidar 207 M-3XL,Gabidar,12
2002072617009, Figi Model 207 Black - Gabidar ,Gabidar,2,Figi 207,Gabidar,2,Figi Gabidar 207 M-3XL,Gabidar,8
2002091218508, Figi Model 209 White - Gabidar ,Gabidar,3,Figi 209,Gabidar,3,Figi Gabidar 209 M-2XL,Gabidar,8
2002091318505, Figi Model 209 White - Gabidar ,Gabidar,6,Figi 209,Gabidar,6,Figi Gabidar 209 M-2XL,Gabidar,8
2002091418502, Figi Model 209 White - Gabidar ,Gabidar,5,Figi 209,Gabidar,5,Figi Gabidar 209 M-2XL,Gabidar,4
2002091518509, Figi Model 209 White - Gabidar ,Gabidar,5,Figi 209,Gabidar,5,Figi Gabidar 209 M-2XL,Gabidar,1
2002092218507, Figi Model 209 Black - Gabidar ,Gabidar,6,Figi 209,Gabidar,6,Figi Gabidar 209 M-2XL,Gabidar,7
2002092318504, Figi Model 209 Black - Gabidar ,Gabidar,5,Figi 209,Gabidar,5,Figi Gabidar 209 M-2XL,Gabidar,7
2002092418501, Figi Model 209 Black - Gabidar ,Gabidar,5,Figi 209,Gabidar,5,Figi Gabidar 209 M-2XL,Gabidar,5
2002092518508, Figi Model 209 Black - Gabidar ,Gabidar,4,Figi 209,Gabidar,4,Figi Gabidar 209 M-2XL,Gabidar,5
2002121117207, Figi Model 212 White - Gabidar ,Gabidar,8,Szorty 212,Gabidar,8,Szorty Gabidar 212 S-XL,Gabidar,15
2002121217204, Figi Model 212 White - Gabidar ,Gabidar,6,Szorty 212,Gabidar,6,Szorty Gabidar 212 S-XL,Gabidar,9
2002121317201, Figi Model 212 White - Gabidar ,Gabidar,6,Szorty 212,Gabidar,6,Szorty Gabidar 212 S-XL,Gabidar,13
2002121417208, Figi Model 212 White - Gabidar ,Gabidar,7,Szorty 212,Gabidar,7,Szorty Gabidar 212 S-XL,Gabidar,13
2002122117206, Figi Model 212 Black - Gabidar ,Gabidar,9,Szorty 212,Gabidar,9,Szorty Gabidar 212 S-XL,Gabidar,11
2002122217203, Figi Model 212 Black - Gabidar ,Gabidar,6,Szorty 212,Gabidar,6,Szorty Gabidar 212 S-XL,Gabidar,5
2002122317200, Figi Model 212 Black - Gabidar ,Gabidar,5,Szorty 212,Gabidar,5,Szorty Gabidar 212 S-XL,Gabidar,8
2002122417207, Figi Model 212 Black - Gabidar ,Gabidar,7,Szorty 212,Gabidar,7,Szorty Gabidar 212 S-XL,Gabidar,11
2002124117204, Figi Model 212 Beige - Gabidar ,Gabidar,9,Szorty 212,Gabidar,9,Szorty Gabidar 212 S-XL,Gabidar,9
2002124217201, Figi Model 212 Beige - Gabidar ,Gabidar,6,Szorty 212,Gabidar,6,Szorty Gabidar 212 S-XL,Gabidar,11
2002124317208, Figi Model 212 Beige - Gabidar ,Gabidar,5,Szorty 212,Gabidar,5,Szorty Gabidar 212 S-XL,Gabidar,10
2002124417205, Figi Model 212 Beige - Gabidar ,Gabidar,8,Szorty 212,Gabidar,8,Szorty Gabidar 212 S-XL,Gabidar,5
2002151219506, Figi Model 215 White - Gabidar ,Gabidar,6,Figi 215,Gabidar,6,Figi Gabidar 215 M-2XL,Gabidar,3
2002151319503, Figi Model 215 White - Gabidar ,Gabidar,3,Figi 215,Gabidar,3,Figi Gabidar 215 M-2XL,Gabidar,8
2002151419500, Figi Model 215 White - Gabidar ,Gabidar,3,Figi 215,Gabidar,3,Figi Gabidar 215 M-2XL,Gabidar,9
2002151519507, Figi Model 215 White - Gabidar ,Gabidar,5,Figi 215,Gabidar,5,Figi Gabidar 215 M-2XL,Gabidar,14
2002154219503, Figi Model 215 Beige - Gabidar ,Gabidar,4,Figi 215,Gabidar,4,Figi Gabidar 215 M-2XL,Gabidar,1
2002154319500, Figi Model 215 Beige - Gabidar ,Gabidar,6,Figi 215,Gabidar,6,Figi Gabidar 215 M-2XL,Gabidar,1
2002154419507, Figi Model 215 Beige - Gabidar ,Gabidar,4,Figi 215,Gabidar,4,Figi Gabidar 215 M-2XL,Gabidar,7
2002154519504, Figi Model 215 Beige - Gabidar ,Gabidar,6,Figi 215,Gabidar,6,Figi Gabidar 215 M-2XL,Gabidar,8
2002211119005, Szorty Model 221 White - Gabidar ,Gabidar,5,Szorty 221,Gabidar,5,Szorty Gabidar 221 S-XL,Gabidar,11
2002211219002, Szorty Model 221 White - Gabidar ,Gabidar,4,Szorty 221,Gabidar,4,Szorty Gabidar 221 S-XL,Gabidar,1
2002211319009, Szorty Model 221 White - Gabidar ,Gabidar,4,Szorty 221,Gabidar,4,Szorty Gabidar 221 S-XL,Gabidar,6
2002211419006, Szorty Model 221 White - Gabidar ,Gabidar,6,Szorty 221,Gabidar,6,Szorty Gabidar 221 S-XL,Gabidar,8
2002212119004, Szorty Model 221 Black - Gabidar ,Gabidar,3,Szorty 221,Gabidar,3,Szorty Gabidar 221 S-XL,Gabidar,10
2002212219001, Szorty Model 221 Black - Gabidar ,Gabidar,2,Szorty 221,Gabidar,2,Szorty Gabidar 221 S-XL,Gabidar,7
2002212319008, Szorty Model 221 Black - Gabidar ,Gabidar,3,Szorty 221,Gabidar,3,Szorty Gabidar 221 S-XL,Gabidar,5
2002212419005, Szorty Model 221 Black - Gabidar ,Gabidar,1,Szorty 221,Gabidar,1,Szorty Gabidar 221 S-XL,Gabidar,3
2002224119504, Figi Model 222 Beige - Gabidar ,Gabidar,2,Figi 222,Gabidar,2,Figi Gabidar 222 S-2XL,Gabidar,14
2002224219501, Figi Model 222 Beige - Gabidar ,Gabidar,4,Figi 222,Gabidar,4,Figi Gabidar 222 S-2XL,Gabidar,8
2002224319508, Figi Model 222 Beige - Gabidar ,Gabidar,4,Figi 222,Gabidar,4,Figi Gabidar 222 S-2XL,Gabidar,5
2002224419505, Figi Model 222 Beige - Gabidar ,Gabidar,2,Figi 222,Gabidar,2,Figi Gabidar 222 S-2XL,Gabidar,8
2002224519502, Figi Model 222 Beige - Gabidar ,Gabidar,5,Figi 222,Gabidar,5,Figi Gabidar 222 S-2XL,Gabidar,12
32926800180203600, Figi Model Sara Beige - De Lafense ,De Lafense,28,Figi SARA,De Lafense,28,Figi De Lafense 018 Sara S-2XL,De Lafense,56
32926800180303600, Figi Model Sara Beige - De Lafense ,De Lafense,31,Figi SARA,De Lafense,30,Figi De Lafense 018 Sara S-2XL,De Lafense,48
32926800180403600, Figi Model Sara Beige - De Lafense ,De Lafense,31,Figi SARA,De Lafense,31,Figi De Lafense 018 Sara S-2XL,De Lafense,56
32926800180503600, Figi Model Sara Beige - De Lafense ,De Lafense,25,Figi SARA,De Lafense,25,Figi De Lafense 018 Sara S-2XL,De Lafense,49
32926800180603600, Figi Model Sara Beige - De Lafense ,De Lafense,20,Figi SARA,De Lafense,20,Figi De Lafense 018 Sara 3XL-4XL,De Lafense,29
32926800180703600, Figi Model Sara Beige - De Lafense ,De Lafense,12,Figi SARA,De Lafense,12,Figi De Lafense 018 Sara 3XL-4XL,De Lafense,21
32926800450100400, Szlafrok Damski Model Stella 045 Ecru - De Lafense ,De Lafense,3,Szlafrok 045/STELLA,De Lafense,3,Szlafrok De Lafense 045 Stella S-2XL,De Lafense,4
32926800450200400, Szlafrok Damski Model Stella 045 Ecru - De Lafense ,De Lafense,0,Szlafrok 045/STELLA,De Lafense,0,Szlafrok De Lafense 045 Stella S-2XL,De Lafense,4
32926800450300400, Szlafrok Damski Model Stella 045 Ecru - De Lafense ,De Lafense,1,Szlafrok 045/STELLA,De Lafense,1,Szlafrok De Lafense 045 Stella S-2XL,De Lafense,1
32926800450400400, Szlafrok Damski Model Stella 045 Ecru - De Lafense ,De Lafense,2,Szlafrok 045/STELLA,De Lafense,2,Szlafrok De Lafense 045 Stella S-2XL,De Lafense,2
32926800450500400, Szlafrok Damski Model Stella 045 Ecru - De Lafense ,De Lafense,2,Szlafrok 045/STELLA,De Lafense,2,Szlafrok De Lafense 045 Stella S-2XL,De Lafense,1
32926800460105700, Piżama Komplet Model Vera 046 Amarant - De Lafense ,De Lafense,4,Komplet VERA,De Lafense,4,Piżama/Komplet De Lafense 046 Vera sz/r S-2XL,De Lafense,5
32926800460123800, Piżama Komplet Model Vera Czekolada - De Lafense ,De Lafense,3,Komplet VERA,De Lafense,3,Piżama/Komplet De Lafense 046 Vera sz/r S-2XL,De Lafense,4
32926800460205700, Piżama Komplet Model Vera 046 Amarant - De Lafense ,De Lafense,4,Komplet VERA,De Lafense,4,Piżama/Komplet De Lafense 046 Vera sz/r S-2XL,De Lafense,6
32926800460223800, Piżama Komplet Model Vera Czekolada - De Lafense ,De Lafense,0,Komplet VERA,De Lafense,0,Piżama/Komplet De Lafense 046 Vera sz/r S-2XL,De Lafense,3
32926800460305700, Piżama Komplet Model Vera 046 Amarant - De Lafense ,De Lafense,2,Komplet VERA,De Lafense,2,Piżama/Komplet De Lafense 046 Vera sz/r S-2XL,De Lafense,4
32926800460323800, Piżama Komplet Model Vera Czekolada - De Lafense ,De Lafense,2,Komplet VERA,De Lafense,2,Piżama/Komplet De Lafense 046 Vera sz/r S-2XL,De Lafense,3
32926800460405700, Piżama Komplet Model Vera 046 Amarant - De Lafense ,De Lafense,2,Komplet VERA,De Lafense,2,Piżama/Komplet De Lafense 046 Vera sz/r S-2XL,De Lafense,4
32926800460423800, Piżama Komplet Model Vera Czekolada - De Lafense ,De Lafense,1,Komplet VERA,De Lafense,1,Piżama/Komplet De Lafense 046 Vera sz/r S-2XL,De Lafense,4
32926800460523800, Piżama Komplet Model Vera Czekolada - De Lafense ,De Lafense,2,Komplet VERA,De Lafense,2,Piżama/Komplet De Lafense 046 Vera sz/r S-2XL,De Lafense,6
32926800470105700, Koszulka nocna Koszula Nocna Model Vera 047 Amarant - De Lafense ,De Lafense,1,Koszula 047/VERA,De Lafense,1,Koszula De Lafense 047 Vera sz/r S-2XL,De Lafense,2
32926800470123800, Koszulka nocna Koszula Nocna Model Vera 047 Czekolada - De Lafense ,De Lafense,3,Koszula 047/VERA,De Lafense,3,Koszula De Lafense 047 Vera sz/r S-2XL,De Lafense,3
32926800470124200, Koszulka nocna Koszula Nocna Model Vera 047 Szałwia - De Lafense ,De Lafense,0,Koszula 047/VERA,De Lafense,0,Koszula De Lafense 047 Vera sz/r S-2XL,De Lafense,1
32926800470205700, Koszulka nocna Koszula Nocna Model Vera 047 Amarant - De Lafense ,De Lafense,0,Koszula 047/VERA,De Lafense,0,Koszula De Lafense 047 Vera sz/r S-2XL,De Lafense,5
32926800470223800, Koszulka nocna Koszula Nocna Model Vera 047 Czekolada - De Lafense ,De Lafense,3,Koszula 047/VERA,De Lafense,3,Koszula De Lafense 047 Vera sz/r S-2XL,De Lafense,8
32926800470224200, Koszulka nocna Koszula Nocna Model Vera 047 Szałwia - De Lafense ,De Lafense,0,Koszula 047/VERA,De Lafense,0,Koszula De Lafense 047 Vera sz/r S-2XL,De Lafense,6
32926800470305700, Koszulka nocna Koszula Nocna Model Vera 047 Amarant - De Lafense ,De Lafense,0,Koszula 047/VERA,De Lafense,0,Koszula De Lafense 047 Vera sz/r S-2XL,De Lafense,6
32926800470323800, Koszulka nocna Koszula Nocna Model Vera 047 Czekolada - De Lafense ,De Lafense,0,Koszula 047/VERA,De Lafense,0,Koszula De Lafense 047 Vera sz/r S-2XL,De Lafense,3
32926800470324200, Koszulka nocna Koszula Nocna Model Vera 047 Szałwia - De Lafense ,De Lafense,0,Koszula 047/VERA,De Lafense,0,Koszula De Lafense 047 Vera sz/r S-2XL,De Lafense,4
32926800470405700, Koszulka nocna Koszula Nocna Model Vera 047 Amarant - De Lafense ,De Lafense,0,Koszula 047/VERA,De Lafense,0,Koszula De Lafense 047 Vera sz/r S-2XL,De Lafense,7
32926800470423800, Koszulka nocna Koszula Nocna Model Vera 047 Czekolada - De Lafense ,De Lafense,0,Koszula 047/VERA,De Lafense,0,Koszula De Lafense 047 Vera sz/r S-2XL,De Lafense,6
32926800470505700, Koszulka nocna Koszula Nocna Model Vera 047 Amarant - De Lafense ,De Lafense,0,Koszula 047/VERA,De Lafense,0,Koszula De Lafense 047 Vera sz/r S-2XL,De Lafense,6
32926800470523800, Koszulka nocna Koszula Nocna Model Vera 047 Czekolada - De Lafense ,De Lafense,0,Koszula 047/VERA,De Lafense,0,Koszula De Lafense 047 Vera sz/r S-2XL,De Lafense,7
32926801360109900," Gorsety, body, pasy Pas do pończoch Model 136 Black - De Lafense ",De Lafense,1,Pas 136,De Lafense,1,Pas De Lafense 136 S-2XL,De Lafense,4
32926801360209900," Gorsety, body, pasy Pas do pończoch Model 136 Black - De Lafense ",De Lafense,2,Pas 136,De Lafense,1,Pas De Lafense 136 S-2XL,De Lafense,3
32926801360300100," Gorsety, body, pasy Pas do pończoch Model 136 White - De Lafense ",De Lafense,0,Pas 136,De Lafense,0,Pas De Lafense 136 S-2XL,De Lafense,2
32926801360309900," Gorsety, body, pasy Pas do pończoch Model 136 Black - De Lafense ",De Lafense,5,Pas 136,De Lafense,4,Pas De Lafense 136 S-2XL,De Lafense,1
32926801360409900," Gorsety, body, pasy Pas do pończoch Model 136 Black - De Lafense ",De Lafense,3,Pas 136,De Lafense,3,Pas De Lafense 136 S-2XL,De Lafense,4
32926801360509900," Gorsety, body, pasy Pas do pończoch Model 136 Black - De Lafense ",De Lafense,0,Pas 136,De Lafense,0,Pas De Lafense 136 S-2XL,De Lafense,4
32926803400102400, Koszulka nocna Koszula Nocna Model Fanny 340 Red - De Lafense ,De Lafense,0,Koszulka 340/FANNY,De Lafense,0,Koszula De Lafense 340 Fanny kr/r S-2XL,De Lafense,2
32926803400202400, Koszulka nocna Koszula Nocna Model Fanny 340 Red - De Lafense ,De Lafense,0,Koszulka 340/FANNY,De Lafense,0,Koszula De Lafense 340 Fanny kr/r S-2XL,De Lafense,5
32926803400209900, Koszulka nocna Koszula Nocna Model Fanny 340 Black - De Lafense ,De Lafense,1,Koszulka 340/FANNY,De Lafense,1,Koszula De Lafense 340 Fanny kr/r S-2XL,De Lafense,1
32926803400302400, Koszulka nocna Koszula Nocna Model Fanny 340 Red - De Lafense ,De Lafense,0,Koszulka 340/FANNY,De Lafense,0,Koszula De Lafense 340 Fanny kr/r S-2XL,De Lafense,4
32926803400502400, Koszulka nocna Koszula Nocna Model Fanny 340 Red - De Lafense ,De Lafense,0,Koszulka 340/FANNY,De Lafense,0,Koszula De Lafense 340 Fanny kr/r S-2XL,De Lafense,4
32926803420102400, Szlafrok Damski Model Fanny 342 Red - De Lafense ,De Lafense,0,Szlafrok 342/FANNY,De Lafense,0,Szlafrok De Lafense 342 Fanny S-2XL damski,De Lafense,5
32926803420109900, Szlafrok Damski Model Fanny 342 Black - De Lafense ,De Lafense,1,Szlafrok 342/FANNY,De Lafense,1,Szlafrok De Lafense 342 Fanny S-2XL damski,De Lafense,6
32926803420202400, Szlafrok Damski Model Fanny 342 Red - De Lafense ,De Lafense,2,Szlafrok 342/FANNY,De Lafense,2,Szlafrok De Lafense 342 Fanny S-2XL damski,De Lafense,3
32926803420209900, Szlafrok Damski Model Fanny 342 Black - De Lafense ,De Lafense,0,Szlafrok 342/FANNY,De Lafense,0,Szlafrok De Lafense 342 Fanny S-2XL damski,De Lafense,8
32926803420302400, Szlafrok Damski Model Fanny 342 Red - De Lafense ,De Lafense,2,Szlafrok 342/FANNY,De Lafense,2,Szlafrok De Lafense 342 Fanny S-2XL damski,De Lafense,6
32926803420309900, Szlafrok Damski Model Fanny 342 Black - De Lafense ,De Lafense,2,Szlafrok 342/FANNY,De Lafense,2,Szlafrok De Lafense 342 Fanny S-2XL damski,De Lafense,5
32926803420402400, Szlafrok Damski Model Fanny 342 Red - De Lafense ,De Lafense,2,Szlafrok 342/FANNY,De Lafense,2,Szlafrok De Lafense 342 Fanny S-2XL damski,De Lafense,4
32926803420409900, Szlafrok Damski Model Fanny 342 Black - De Lafense ,De Lafense,2,Szlafrok 342/FANNY,De Lafense,2,Szlafrok De Lafense 342 Fanny S-2XL damski,De Lafense,6
32926803420502400, Szlafrok Damski Model Fanny 342 Red - De Lafense ,De Lafense,0,Szlafrok 342/FANNY,De Lafense,0,Szlafrok De Lafense 342 Fanny S-2XL damski,De Lafense,3
32926803420509900, Szlafrok Damski Model Fanny 342 Black - De Lafense ,De Lafense,4,Szlafrok 342/FANNY,De Lafense,3,Szlafrok De Lafense 342 Fanny S-2XL damski,De Lafense,4
32926804680304200, Szlafrok Damski Model Mia 468 Navy - De Lafense ,De Lafense,2,Szlafrok 468/MIA,De Lafense,2,Szlafrok De Lafense 468 Mia S-2XL damski,De Lafense,2
32926804680404200, Szlafrok Damski Model Mia 468 Navy - De Lafense ,De Lafense,1,Szlafrok 468/MIA,De Lafense,1,Szlafrok De Lafense 468 Mia S-2XL damski,De Lafense,3
32926805300200100, Figi Model Iness 530 White - De Lafense ,De Lafense,1,Figi 530/INESS,De Lafense,1,Figi De Lafense Iness 530 M-2XL,De Lafense,5
32926805300209900, Figi Model Iness 530 Black - De Lafense ,De Lafense,5,Figi 530/INESS,De Lafense,5,Figi De Lafense Iness 530 M-2XL,De Lafense,4
32926806050200400, Szlafrok Damski Model Perla 605 Ecru - De Lafense ,De Lafense,0,Szlafrok 605/PERLA,De Lafense,0,Szlafrok De Lafense 605 Perla S-2XL damski,De Lafense,2
32926806050300400, Szlafrok Damski Model Perla 605 Ecru - De Lafense ,De Lafense,0,Szlafrok 605/PERLA,De Lafense,0,Szlafrok De Lafense 605 Perla S-2XL damski,De Lafense,1
32926806050400400, Szlafrok Damski Model Perla 605 Ecru - De Lafense ,De Lafense,0,Szlafrok 605/PERLA,De Lafense,0,Szlafrok De Lafense 605 Perla S-2XL damski,De Lafense,2
32926806080109900,  Koszulka Model Priscila 608 Black - De Lafense ,De Lafense,1,Koszulka 608/PRISCILA,De Lafense,1,Koszula De Lafense 608 Priscila w/r S-2XL,De Lafense,2
32926806430103600, Szlafrok Damski Model Noela 643 Beige - De Lafense ,De Lafense,0,Szlafrok 643/NOELA,De Lafense,0,Szlafrok De Lafense 643 Noela kr/r S-2XL,De Lafense,1
32926806430104500, Szlafrok Damski Model Noela 643 Grey - De Lafense ,De Lafense,3,Szlafrok 643/NOELA,De Lafense,3,Szlafrok De Lafense 643 Noela kr/r S-2XL,De Lafense,3
32926806930109900, Koszulka nocna Koszula Nocna Model Freya 693 Black - De Lafense ,De Lafense,0,Koszula 693/FREYA,De Lafense,0,Koszula De Lafense 693 Freya kr/r S-2XL,De Lafense,3
32926806930200400, Koszulka nocna Koszula Nocna Model Freya 693 Ecru - De Lafense ,De Lafense,1,Koszula 693/FREYA,De Lafense,1,Koszula De Lafense 693 Freya kr/r S-2XL,De Lafense,2
32926806930300400, Koszulka nocna Koszula Nocna Model Freya 693 Ecru - De Lafense ,De Lafense,0,Koszula 693/FREYA,De Lafense,0,Koszula De Lafense 693 Freya kr/r S-2XL,De Lafense,5
32926806930322200, Koszulka nocna Koszula Nocna Model Freya 693 Piasek - De Lafense ,De Lafense,0,Koszula 693/FREYA,De Lafense,0,Koszula De Lafense 693 Freya kr/r S-2XL,De Lafense,7
32926806930400400, Koszulka nocna Koszula Nocna Model Freya 693 Ecru - De Lafense ,De Lafense,1,Koszula 693/FREYA,De Lafense,1,Koszula De Lafense 693 Freya kr/r S-2XL,De Lafense,6
32926806930422200, Koszulka nocna Koszula Nocna Model Freya 693 Piasek - De Lafense ,De Lafense,1,Koszula 693/FREYA,De Lafense,1,Koszula De Lafense 693 Freya kr/r S-2XL,De Lafense,3
32926806930500400, Koszulka nocna Koszula Nocna Model Freya 693 Ecru - De Lafense ,De Lafense,2,Koszula 693/FREYA,De Lafense,2,Koszula De Lafense 693 Freya kr/r S-2XL,De Lafense,2
32926806980106000,  Bluzka Model Freya 698 Jagoda - De Lafense ,De Lafense,1,Bluzka 698/FREYA,De Lafense,1,Bluzka De Lafense 698 Freya kr/r S-2XL,De Lafense,3
32926806980109900,  Bluzka Model Freya 698 Black - De Lafense ,De Lafense,3,Bluzka 698/FREYA,De Lafense,3,Bluzka De Lafense 698 Freya kr/r S-2XL,De Lafense,5
32926806980122300,  Bluzka Model Freya 698 Groszek - De Lafense ,De Lafense,1,Bluzka 698/FREYA,De Lafense,1,Bluzka De Lafense 698 Freya kr/r S-2XL,De Lafense,1
32926806980200400,  Bluzka Model Freya 698 Ecru - De Lafense ,De Lafense,2,Bluzka 698/FREYA,De Lafense,1,Bluzka De Lafense 698 Freya kr/r S-2XL,De Lafense,6
32926806980206000,  Bluzka Model Freya 698 Jagoda - De Lafense ,De Lafense,2,Bluzka 698/FREYA,De Lafense,2,Bluzka De Lafense 698 Freya kr/r S-2XL,De Lafense,7
32926806980209900,  Bluzka Model Freya 698 Black - De Lafense ,De Lafense,3,Bluzka 698/FREYA,De Lafense,2,Bluzka De Lafense 698 Freya kr/r S-2XL,De Lafense,10
32926806980222300,  Bluzka Model Freya 698 Groszek - De Lafense ,De Lafense,0,Bluzka 698/FREYA,De Lafense,0,Bluzka De Lafense 698 Freya kr/r S-2XL,De Lafense,7
32926806980300400,  Bluzka Model Freya 698 Ecru - De Lafense ,De Lafense,2,Bluzka 698/FREYA,De Lafense,2,Bluzka De Lafense 698 Freya kr/r S-2XL,De Lafense,8
32926806980306000,  Bluzka Model Freya 698 Jagoda - De Lafense ,De Lafense,2,Bluzka 698/FREYA,De Lafense,2,Bluzka De Lafense 698 Freya kr/r S-2XL,De Lafense,6
32926806980309900,  Bluzka Model Freya 698 Black - De Lafense ,De Lafense,0,Bluzka 698/FREYA,De Lafense,0,Bluzka De Lafense 698 Freya kr/r S-2XL,De Lafense,6
32926806980322300,  Bluzka Model Freya 698 Groszek - De Lafense ,De Lafense,0,Bluzka 698/FREYA,De Lafense,0,Bluzka De Lafense 698 Freya kr/r S-2XL,De Lafense,2
32926806980400400,  Bluzka Model Freya 698 Ecru - De Lafense ,De Lafense,2,Bluzka 698/FREYA,De Lafense,2,Bluzka De Lafense 698 Freya kr/r S-2XL,De Lafense,6
32926806980406000,  Bluzka Model Freya 698 Jagoda - De Lafense ,De Lafense,3,Bluzka 698/FREYA,De Lafense,3,Bluzka De Lafense 698 Freya kr/r S-2XL,De Lafense,6
32926806980409900,  Bluzka Model Freya 698 Black - De Lafense ,De Lafense,2,Bluzka 698/FREYA,De Lafense,2,Bluzka De Lafense 698 Freya kr/r S-2XL,De Lafense,6
32926806980422300,  Bluzka Model Freya 698 Groszek - De Lafense ,De Lafense,1,Bluzka 698/FREYA,De Lafense,1,Bluzka De Lafense 698 Freya kr/r S-2XL,De Lafense,4
32926806980500400,  Bluzka Model Freya 698 Ecru - De Lafense ,De Lafense,2,Bluzka 698/FREYA,De Lafense,2,Bluzka De Lafense 698 Freya kr/r S-2XL,De Lafense,7
32926806980506000,  Bluzka Model Freya 698 Jagoda - De Lafense ,De Lafense,0,Bluzka 698/FREYA,De Lafense,0,Bluzka De Lafense 698 Freya kr/r S-2XL,De Lafense,4
32926807230109900,  Bluzka Model Freya 723 Black - De Lafense ,De Lafense,0,Bluzka 723/FREYA,De Lafense,0,Bluzka De Lafense 723 Freya dł/r S-2XL,De Lafense,2
32926807230209900,  Bluzka Model Freya 723 Black - De Lafense ,De Lafense,0,Bluzka 723/FREYA,De Lafense,0,Bluzka De Lafense 723 Freya dł/r S-2XL,De Lafense,4
32926807230309900,  Bluzka Model Freya 723 Black - De Lafense ,De Lafense,0,Bluzka 723/FREYA,De Lafense,0,Bluzka De Lafense 723 Freya dł/r S-2XL,De Lafense,3
32926807230409900,  Bluzka Model Freya 723 Black - De Lafense ,De Lafense,0,Bluzka 723/FREYA,De Lafense,0,Bluzka De Lafense 723 Freya dł/r S-2XL,De Lafense,4
32926807230509900,  Bluzka Model Freya 723 Black - De Lafense ,De Lafense,0,Bluzka 723/FREYA,De Lafense,0,Bluzka De Lafense 723 Freya dł/r S-2XL,De Lafense,6
32926807380109900, Piżama Damska Model Velar 738 Black - De Lafense ,De Lafense,0,Piżama 738/VELAR,De Lafense,0,Piżama De Lafense 738 Velar kr/r S-2XL,De Lafense,2
32926807380409900, Piżama Damska Model Velar 738 Black - De Lafense ,De Lafense,0,Piżama 738/VELAR,De Lafense,0,Piżama De Lafense 738 Velar kr/r S-2XL,De Lafense,1
32926807520104200,  Koszulka Model Lilian 752 Navy - De Lafense ,De Lafense,3,Koszula 752/LILIAN,De Lafense,3,Koszulka De Lafense Lilian 752 w/r S-2XL,De Lafense,2
32926807520201800,  Koszulka Model Lilian 752 Dirty Pink - De Lafense ,De Lafense,3,Koszula 752/LILIAN,De Lafense,3,Koszulka De Lafense Lilian 752 w/r S-2XL,De Lafense,4
32926807520204200,  Koszulka Model Lilian 752 Navy - De Lafense ,De Lafense,3,Koszula 752/LILIAN,De Lafense,3,Koszulka De Lafense Lilian 752 w/r S-2XL,De Lafense,6
32926807520301800,  Koszulka Model Lilian 752 Dirty Pink - De Lafense ,De Lafense,4,Koszula 752/LILIAN,De Lafense,4,Koszulka De Lafense Lilian 752 w/r S-2XL,De Lafense,6
32926807520304200,  Koszulka Model Lilian 752 Navy - De Lafense ,De Lafense,3,Koszula 752/LILIAN,De Lafense,3,Koszulka De Lafense Lilian 752 w/r S-2XL,De Lafense,4
32926807520309900,  Koszulka Model  Lilian 752 Black - De Lafense ,De Lafense,0,Koszula 752/LILIAN,De Lafense,0,Koszulka De Lafense Lilian 752 w/r S-2XL,De Lafense,10
32926807520401800,  Koszulka Model Lilian 752 Dirty Pink - De Lafense ,De Lafense,0,Koszula 752/LILIAN,De Lafense,0,Koszulka De Lafense Lilian 752 w/r S-2XL,De Lafense,4
32926807520404200,  Koszulka Model Lilian 752 Navy - De Lafense ,De Lafense,0,Koszula 752/LILIAN,De Lafense,0,Koszulka De Lafense Lilian 752 w/r S-2XL,De Lafense,5
32926807520501800,  Koszulka Model Lilian 752 Dirty Pink - De Lafense ,De Lafense,3,Koszula 752/LILIAN,De Lafense,3,Koszulka De Lafense Lilian 752 w/r S-2XL,De Lafense,4
32926807520504200,  Koszulka Model Lilian 752 Navy - De Lafense ,De Lafense,2,Koszula 752/LILIAN,De Lafense,2,Koszulka De Lafense Lilian 752 w/r S-2XL,De Lafense,4
32926807540201800, Koszulka nocna Koszula Nocna Model Lilian 754 Dirty Pink - De Lafense ,De Lafense,0,Koszula 754/LILIAN,De Lafense,0,Koszula De Lafense 754 Lilian kr/r M-2XL,De Lafense,2
32926807540204200, Koszulka nocna Koszula Nocna Model Lilian 754 Navy - De Lafense ,De Lafense,0,Koszula 754/LILIAN,De Lafense,0,Koszula De Lafense 754 Lilian kr/r M-2XL,De Lafense,3
32926807540206900, Koszulka nocna Koszula Nocna Model Lilian 754 Bordo - De Lafense ,De Lafense,3,Koszula 754/LILIAN,De Lafense,3,Koszula De Lafense 754 Lilian kr/r M-2XL,De Lafense,3
32926807540301800, Koszulka nocna Koszula Nocna Model Lilian 754 Dirty Pink - De Lafense ,De Lafense,1,Koszula 754/LILIAN,De Lafense,1,Koszula De Lafense 754 Lilian kr/r M-2XL,De Lafense,3
32926807540304200, Koszulka nocna Koszula Nocna Model Lilian 754 Navy - De Lafense ,De Lafense,3,Koszula 754/LILIAN,De Lafense,3,Koszula De Lafense 754 Lilian kr/r M-2XL,De Lafense,2
32926807540306900, Koszulka nocna Koszula Nocna Model Lilian 754 Bordo - De Lafense ,De Lafense,1,Koszula 754/LILIAN,De Lafense,1,Koszula De Lafense 754 Lilian kr/r M-2XL,De Lafense,2
32926807540401800, Koszulka nocna Koszula Nocna Model Lilian 754 Dirty Pink - De Lafense ,De Lafense,0,Koszula 754/LILIAN,De Lafense,0,Koszula De Lafense 754 Lilian kr/r M-2XL,De Lafense,2
32926807540404200, Koszulka nocna Koszula Nocna Model Lilian 754 Navy - De Lafense ,De Lafense,1,Koszula 754/LILIAN,De Lafense,1,Koszula De Lafense 754 Lilian kr/r M-2XL,De Lafense,2
32926807540406900, Koszulka nocna Koszula Nocna Model Lilian 754 Bordo - De Lafense ,De Lafense,3,Koszula 754/LILIAN,De Lafense,3,Koszula De Lafense 754 Lilian kr/r M-2XL,De Lafense,2
32926807540501800, Koszulka nocna Koszula Nocna Model Lilian 754 Dirty Pink - De Lafense ,De Lafense,0,Koszula 754/LILIAN,De Lafense,0,Koszula De Lafense 754 Lilian kr/r M-2XL,De Lafense,3
32926807540504200, Koszulka nocna Koszula Nocna Model Lilian 754 Navy - De Lafense ,De Lafense,2,Koszula 754/LILIAN,De Lafense,2,Koszula De Lafense 754 Lilian kr/r M-2XL,De Lafense,2
32926807540506900, Koszulka nocna Koszula Nocna Model Lilian 754 Bordo - De Lafense ,De Lafense,3,Koszula 754/LILIAN,De Lafense,3,Koszula De Lafense 754 Lilian kr/r M-2XL,De Lafense,2
32926807540604200, Koszulka nocna Koszula Nocna Model Lilian 754 Navy - De Lafense ,De Lafense,2,Koszula 754/LILIAN,De Lafense,2,Koszula De Lafense 754 Lilian kr/r 3XL-4XL,De Lafense,2
32926807570106000, Szlafrok Damski Model Cordelia 757 Jagoda - De Lafense ,De Lafense,1,Szlafrok 757/CORDELIA,De Lafense,1,Peniuar De Lafense 757 Cordelia kr/r S-2XL,De Lafense,2
32926807570109900, Szlafrok Damski Model Cordelia 757 Black - De Lafense ,De Lafense,1,Szlafrok 757/CORDELIA,De Lafense,1,Peniuar De Lafense 757 Cordelia kr/r S-2XL,De Lafense,1
32926807570306000, Szlafrok Damski Model Cordelia 757 Jagoda - De Lafense ,De Lafense,1,Szlafrok 757/CORDELIA,De Lafense,1,Peniuar De Lafense 757 Cordelia kr/r S-2XL,De Lafense,3
32926807570309900, Szlafrok Damski Model Cordelia 757 Black - De Lafense ,De Lafense,0,Szlafrok 757/CORDELIA,De Lafense,0,Peniuar De Lafense 757 Cordelia kr/r S-2XL,De Lafense,2
32926807570406000, Szlafrok Damski Model Cordelia 757 Jagoda - De Lafense ,De Lafense,2,Szlafrok 757/CORDELIA,De Lafense,2,Peniuar De Lafense 757 Cordelia kr/r S-2XL,De Lafense,3
32926807570409900, Szlafrok Damski Model Cordelia 757 Black - De Lafense ,De Lafense,1,Szlafrok 757/CORDELIA,De Lafense,1,Peniuar De Lafense 757 Cordelia kr/r S-2XL,De Lafense,3
32926807570506000, Szlafrok Damski Model Cordelia 757 Jagoda - De Lafense ,De Lafense,0,Szlafrok 757/CORDELIA,De Lafense,0,Peniuar De Lafense 757 Cordelia kr/r S-2XL,De Lafense,1
32926807570509900, Szlafrok Damski Model Cordelia 757 Black - De Lafense ,De Lafense,0,Szlafrok 757/CORDELIA,De Lafense,0,Peniuar De Lafense 757 Cordelia kr/r S-2XL,De Lafense,3
32926807580106000, Koszulka nocna Koszula Nocna Model Cordelia 758 Jagoda - De Lafense ,De Lafense,0,Koszulka 758/CORDELIA,De Lafense,0,Koszulka De Lafense 758 Cordelia w/r S-XL,De Lafense,3
32926807580109900, Koszulka nocna Koszula Nocna Model Cordelia 758 Black - De Lafense ,De Lafense,2,Koszulka 758/CORDELIA,De Lafense,2,Koszulka De Lafense 758 Cordelia w/r S-XL,De Lafense,1
32926807580118900, Koszulka nocna Koszula Nocna Model Cordelia 758 Cappuccino - De Lafense ,De Lafense,0,Koszulka 758/CORDELIA,De Lafense,0,Koszulka De Lafense 758 Cordelia w/r S-XL,De Lafense,2
32926807580206000, Koszulka nocna Koszula Nocna Model Cordelia 758 Jagoda - De Lafense ,De Lafense,0,Koszulka 758/CORDELIA,De Lafense,0,Koszulka De Lafense 758 Cordelia w/r S-XL,De Lafense,1
32926807580209900, Koszulka nocna Koszula Nocna Model Cordelia 758 Black - De Lafense ,De Lafense,1,Koszulka 758/CORDELIA,De Lafense,0,Koszulka De Lafense 758 Cordelia w/r S-XL,De Lafense,2
32926807580306000, Koszulka nocna Koszula Nocna Model Cordelia 758 Jagoda - De Lafense ,De Lafense,1,Koszulka 758/CORDELIA,De Lafense,1,Koszulka De Lafense 758 Cordelia w/r S-XL,De Lafense,2
32926807580309900, Koszulka nocna Koszula Nocna Model Cordelia 758 Black - De Lafense ,De Lafense,2,Koszulka 758/CORDELIA,De Lafense,2,Koszulka De Lafense 758 Cordelia w/r S-XL,De Lafense,1
32926807580406000, Koszulka nocna Koszula Nocna Model Cordelia 758 Jagoda - De Lafense ,De Lafense,1,Koszulka 758/CORDELIA,De Lafense,1,Koszulka De Lafense 758 Cordelia w/r S-XL,De Lafense,2
32926807580409900, Koszulka nocna Koszula Nocna Model Cordelia 758 Black - De Lafense ,De Lafense,1,Koszulka 758/CORDELIA,De Lafense,1,Koszulka De Lafense 758 Cordelia w/r S-XL,De Lafense,1
32926807580418900, Koszulka nocna Koszula Nocna Model Cordelia 758 Cappuccino - De Lafense ,De Lafense,0,Koszulka 758/CORDELIA,De Lafense,0,Koszulka De Lafense 758 Cordelia w/r S-XL,De Lafense,1
32926807580506000, Koszulka nocna Koszula Nocna Model Cordelia 758 Jagoda - De Lafense ,De Lafense,1,Koszulka 758/CORDELIA,De Lafense,1,Koszulka De Lafense 758 Cordelia w/r S-XL,De Lafense,2
32926807580509900, Koszulka nocna Koszula Nocna Model Cordelia 758 Black - De Lafense ,De Lafense,0,Koszulka 758/CORDELIA,De Lafense,0,Koszulka De Lafense 758 Cordelia w/r S-XL,De Lafense,3
32926807580518900, Koszulka nocna Koszula Nocna Model Cordelia 758 Cappuccino - De Lafense ,De Lafense,0,Koszulka 758/CORDELIA,De Lafense,0,Koszulka De Lafense 758 Cordelia w/r S-XL,De Lafense,1
32926807600102400, Koszulka nocna Koszula Nocna Model Codrelia 760 Red - De Lafense ,De Lafense,0,Koszulka 760/CORDELIA,De Lafense,0,Koszula De Lafense 760 Cordelia dł/r S-2XL rozpinana,De Lafense,3
32926807600106000, Koszulka nocna Koszula Nocna Model Cordelia 760 Jagoda - De Lafense ,De Lafense,2,Koszulka 760/CORDELIA,De Lafense,2,Koszula De Lafense 760 Cordelia dł/r S-2XL rozpinana,De Lafense,2
32926807600106300, Koszulka nocna Koszula Nocna Model Condelia 760 Jeans - De Lafense ,De Lafense,1,Koszulka 760/CORDELIA,De Lafense,1,Koszula De Lafense 760 Cordelia dł/r S-2XL rozpinana,De Lafense,2
32926807600202400, Koszulka nocna Koszula Nocna Model Codrelia 760 Red - De Lafense ,De Lafense,1,Koszulka 760/CORDELIA,De Lafense,1,Koszula De Lafense 760 Cordelia dł/r S-2XL rozpinana,De Lafense,2
32926807600206000, Koszulka nocna Koszula Nocna Model Cordelia 760 Jagoda - De Lafense ,De Lafense,0,Koszulka 760/CORDELIA,De Lafense,0,Koszula De Lafense 760 Cordelia dł/r S-2XL rozpinana,De Lafense,1
32926807600206300, Koszulka nocna Koszula Nocna Model Condelia 760 Jeans - De Lafense ,De Lafense,0,Koszulka 760/CORDELIA,De Lafense,0,Koszula De Lafense 760 Cordelia dł/r S-2XL rozpinana,De Lafense,2
32926807600302400, Koszulka nocna Koszula Nocna Model Codrelia 760 Red - De Lafense ,De Lafense,0,Koszulka 760/CORDELIA,De Lafense,0,Koszula De Lafense 760 Cordelia dł/r S-2XL rozpinana,De Lafense,3
32926807600306000, Koszulka nocna Koszula Nocna Model Cordelia 760 Jagoda - De Lafense ,De Lafense,1,Koszulka 760/CORDELIA,De Lafense,1,Koszula De Lafense 760 Cordelia dł/r S-2XL rozpinana,De Lafense,2
32926807600306300, Koszulka nocna Koszula Nocna Model Condelia 760 Jeans - De Lafense ,De Lafense,1,Koszulka 760/CORDELIA,De Lafense,1,Koszula De Lafense 760 Cordelia dł/r S-2XL rozpinana,De Lafense,3
32926807600402400, Koszulka nocna Koszula Nocna Model Codrelia 760 Red - De Lafense ,De Lafense,1,Koszulka 760/CORDELIA,De Lafense,1,Koszula De Lafense 760 Cordelia dł/r S-2XL rozpinana,De Lafense,1
32926807600406000, Koszulka nocna Koszula Nocna Model Cordelia 760 Jagoda - De Lafense ,De Lafense,1,Koszulka 760/CORDELIA,De Lafense,1,Koszula De Lafense 760 Cordelia dł/r S-2XL rozpinana,De Lafense,2
32926807600406300, Koszulka nocna Koszula Nocna Model Condelia 760 Jeans - De Lafense ,De Lafense,0,Koszulka 760/CORDELIA,De Lafense,0,Koszula De Lafense 760 Cordelia dł/r S-2XL rozpinana,De Lafense,1
32926807600502400, Koszulka nocna Koszula Nocna Model Codrelia 760 Red - De Lafense ,De Lafense,1,Koszulka 760/CORDELIA,De Lafense,1,Koszula De Lafense 760 Cordelia dł/r S-2XL rozpinana,De Lafense,3
32926807600506000, Koszulka nocna Koszula Nocna Model Cordelia 760 Jagoda - De Lafense ,De Lafense,0,Koszulka 760/CORDELIA,De Lafense,0,Koszula De Lafense 760 Cordelia dł/r S-2XL rozpinana,De Lafense,2
32926807600506300, Koszulka nocna Koszula Nocna Model Condelia 760 Jeans - De Lafense ,De Lafense,0,Koszulka 760/CORDELIA,De Lafense,0,Koszula De Lafense 760 Cordelia dł/r S-2XL rozpinana,De Lafense,2
32926807660123400, Piżama Damska Model Carmel 766 Fuksja - De Lafense ,De Lafense,0,Piżama 766/CARMEL,De Lafense,0,Piżama De Lafense 766 Carmel kr/r S-2XL,De Lafense,3
32926807660323400, Piżama Damska Model Carmel 766 Fuksja - De Lafense ,De Lafense,0,Piżama 766/CARMEL,De Lafense,0,Piżama De Lafense 766 Carmel kr/r S-2XL,De Lafense,2
32926807660523400, Piżama Damska Model Carmel 766 Fuksja - De Lafense ,De Lafense,0,Piżama 766/CARMEL,De Lafense,0,Piżama De Lafense 766 Carmel kr/r S-2XL,De Lafense,3
32926807670209900, Koszulka nocna Koszula Nocna Model Carmel 767 Black - De Lafense ,De Lafense,0,Koszula 767/CARMEL,De Lafense,0,Koszula De Lafense 767 Carmel kr/r M-2XL,De Lafense,2
32926807670309900, Koszulka nocna Koszula Nocna Model Carmel 767 Black - De Lafense ,De Lafense,0,Koszula 767/CARMEL,De Lafense,0,Koszula De Lafense 767 Carmel kr/r M-2XL,De Lafense,1
32926807670400500, Koszulka nocna Koszula Nocna Model Carmel 767 Light Mocca - De Lafense ,De Lafense,0,Koszula 767/CARMEL,De Lafense,0,Koszula De Lafense 767 Carmel kr/r M-2XL,De Lafense,3
32926807670409900, Koszulka nocna Koszula Nocna Model Carmel 767 Black - De Lafense ,De Lafense,0,Koszula 767/CARMEL,De Lafense,0,Koszula De Lafense 767 Carmel kr/r M-2XL,De Lafense,2
32926807670509900, Koszulka nocna Koszula Nocna Model Carmel 767 Black - De Lafense ,De Lafense,0,Koszula 767/CARMEL,De Lafense,0,Koszula De Lafense 767 Carmel kr/r M-2XL,De Lafense,3
32926807670600500, Koszulka nocna Koszula Nocna Model Carmel 767 Light Mocca - De Lafense ,De Lafense,0,Koszula 767/CARMEL,De Lafense,0,Koszula De Lafense 767 Carmel kr/r 3XL-4XL,De Lafense,3
32926807670700500, Koszulka nocna Koszula Nocna Model Carmel 767 Light Mocca - De Lafense ,De Lafense,2,Koszula 767/CARMEL,De Lafense,2,Koszula De Lafense 767 Carmel kr/r 3XL-4XL,De Lafense,7
32926807670709900, Koszulka nocna Koszula Nocna Model Carmel 767 Black - De Lafense ,De Lafense,0,Koszula 767/CARMEL,De Lafense,0,Koszula De Lafense 767 Carmel kr/r 3XL-4XL,De Lafense,2
32926807670723400, Koszulka nocna Koszula Nocna Model Carmel 767 Fuksja - De Lafense ,De Lafense,0,Koszula 767/CARMEL,De Lafense,0,Koszula De Lafense 767 Carmel kr/r 3XL-4XL,De Lafense,5
32926808160206000, Koszulka nocna Koszula Nocna Model Hezel 816 Jagoda - De Lafense ,De Lafense,1,Koszulka 816/HAZEL,De Lafense,0,Koszula De Lafense 816 Hazel kr/r S-2XL,De Lafense,8
32926808160209900, Koszulka nocna Koszula Nocna Model Hazel 816 Black - De Lafense ,De Lafense,2,Koszulka 816/HAZEL,De Lafense,2,Koszula De Lafense 816 Hazel kr/r S-2XL,De Lafense,6
32926808160222200, Koszulka nocna Koszula Nocna Model Hezel 816 Piasek - De Lafense ,De Lafense,0,Koszulka 816/HAZEL,De Lafense,0,Koszula De Lafense 816 Hazel kr/r S-2XL,De Lafense,7
32926808160306000, Koszulka nocna Koszula Nocna Model Hezel 816 Jagoda - De Lafense ,De Lafense,1,Koszulka 816/HAZEL,De Lafense,0,Koszula De Lafense 816 Hazel kr/r S-2XL,De Lafense,11
32926808160309900, Koszulka nocna Koszula Nocna Model Hazel 816 Black - De Lafense ,De Lafense,2,Koszulka 816/HAZEL,De Lafense,2,Koszula De Lafense 816 Hazel kr/r S-2XL,De Lafense,8
32926808160322200, Koszulka nocna Koszula Nocna Model Hezel 816 Piasek - De Lafense ,De Lafense,1,Koszulka 816/HAZEL,De Lafense,1,Koszula De Lafense 816 Hazel kr/r S-2XL,De Lafense,5
32926808160406000, Koszulka nocna Koszula Nocna Model Hezel 816 Jagoda - De Lafense ,De Lafense,0,Koszulka 816/HAZEL,De Lafense,0,Koszula De Lafense 816 Hazel kr/r S-2XL,De Lafense,13
32926808160409900, Koszulka nocna Koszula Nocna Model Hazel 816 Black - De Lafense ,De Lafense,2,Koszulka 816/HAZEL,De Lafense,2,Koszula De Lafense 816 Hazel kr/r S-2XL,De Lafense,3
32926808160422200, Koszulka nocna Koszula Nocna Model Hezel 816 Piasek - De Lafense ,De Lafense,1,Koszulka 816/HAZEL,De Lafense,1,Koszula De Lafense 816 Hazel kr/r S-2XL,De Lafense,8
32926808160506000, Koszulka nocna Koszula Nocna Model Hezel 816 Jagoda - De Lafense ,De Lafense,0,Koszulka 816/HAZEL,De Lafense,0,Koszula De Lafense 816 Hazel kr/r S-2XL,De Lafense,7
32926808160509900, Koszulka nocna Koszula Nocna Model Hazel 816 Black - De Lafense ,De Lafense,0,Koszulka 816/HAZEL,De Lafense,0,Koszula De Lafense 816 Hazel kr/r S-2XL,De Lafense,3
32926808160522200, Koszulka nocna Koszula Nocna Model Hezel 816 Piasek - De Lafense ,De Lafense,0,Koszulka 816/HAZEL,De Lafense,0,Koszula De Lafense 816 Hazel kr/r S-2XL,De Lafense,7
32926808250201500, Piżama Damska Model Primrose 825 Blue - De Lafense ,De Lafense,0,Piżama 825/PRIMROSE,De Lafense,0,Piżama De Lafense 825 Primrose dł/r S-2XL rozpinana,De Lafense,1
32926808250300600, Piżama Damska Model Primrose 825 Mocca - De Lafense ,De Lafense,1,Piżama 825/PRIMROSE,De Lafense,1,Piżama De Lafense 825 Primrose dł/r S-2XL rozpinana,De Lafense,1
32926808250301500, Piżama Damska Model Primrose 825 Blue - De Lafense ,De Lafense,0,Piżama 825/PRIMROSE,De Lafense,0,Piżama De Lafense 825 Primrose dł/r S-2XL rozpinana,De Lafense,1
32926808250400600, Piżama Damska Model Primrose 825 Mocca - De Lafense ,De Lafense,1,Piżama 825/PRIMROSE,De Lafense,1,Piżama De Lafense 825 Primrose dł/r S-2XL rozpinana,De Lafense,1
32926808250401500, Piżama Damska Model Primrose 825 Blue - De Lafense ,De Lafense,1,Piżama 825/PRIMROSE,De Lafense,1,Piżama De Lafense 825 Primrose dł/r S-2XL rozpinana,De Lafense,1
32926808250500600, Piżama Damska Model Primrose 825 Mocca - De Lafense ,De Lafense,2,Piżama 825/PRIMROSE,De Lafense,2,Piżama De Lafense 825 Primrose dł/r S-2XL rozpinana,De Lafense,2
32926808250501500, Piżama Damska Model Primrose 825 Blue - De Lafense ,De Lafense,2,Piżama 825/PRIMROSE,De Lafense,2,Piżama De Lafense 825 Primrose dł/r S-2XL rozpinana,De Lafense,2
32926808400106000, Piżama Damska Model Hazel 840 Jagoda - De Lafense ,De Lafense,2,Piżama 840/HAZEL,De Lafense,2,Piżama De Lafense 840 Hazel kr/r S-2XL,De Lafense,3
32926808400122200, Piżama Damska Model Hazel 840 Piasek - De Lafense ,De Lafense,1,Piżama 840/HAZEL,De Lafense,1,Piżama De Lafense 840 Hazel kr/r S-2XL,De Lafense,5
32926808400406000, Piżama Damska Model Hazel 840 Jagoda - De Lafense ,De Lafense,0,Piżama 840/HAZEL,De Lafense,0,Piżama De Lafense 840 Hazel kr/r S-2XL,De Lafense,3
32926808400422200, Piżama Damska Model Hazel 840 Piasek - De Lafense ,De Lafense,0,Piżama 840/HAZEL,De Lafense,0,Piżama De Lafense 840 Hazel kr/r S-2XL,De Lafense,7
32926808400522200, Piżama Damska Model Hazel 840 Piasek - De Lafense ,De Lafense,0,Piżama 840/HAZEL,De Lafense,0,Piżama De Lafense 840 Hazel kr/r S-2XL,De Lafense,5
32926808700200400, Koszulka nocna Koszula Nocna Model Visa 870 Ecru - De Lafense ,De Lafense,0,Koszulka 870/VISA,De Lafense,0,Koszula De Lafense 870 Visa kr/r S-2XL,De Lafense,4
32926808700201800, Koszulka nocna Koszula Nocna Model Visa 870 Dirty Pink - De Lafense ,De Lafense,1,Koszulka 870/VISA,De Lafense,1,Koszula De Lafense 870 Visa kr/r S-2XL,De Lafense,5
32926808700204200, Koszulka nocna Koszula Nocna Model Visa 870 Navy - De Lafense ,De Lafense,2,Koszulka 870/VISA,De Lafense,2,Koszula De Lafense 870 Visa kr/r S-2XL,De Lafense,3
32926808700206900, Koszulka nocna Koszula Nocna Model Visa 870 Bordo - De Lafense ,De Lafense,3,Koszulka 870/VISA,De Lafense,3,Koszula De Lafense 870 Visa kr/r S-2XL,De Lafense,3
32926808700300400, Koszulka nocna Koszula Nocna Model Visa 870 Ecru - De Lafense ,De Lafense,1,Koszulka 870/VISA,De Lafense,1,Koszula De Lafense 870 Visa kr/r S-2XL,De Lafense,2
32926808700301800, Koszulka nocna Koszula Nocna Model Visa 870 Dirty Pink - De Lafense ,De Lafense,0,Koszulka 870/VISA,De Lafense,0,Koszula De Lafense 870 Visa kr/r S-2XL,De Lafense,5
32926808700304200, Koszulka nocna Koszula Nocna Model Visa 870 Navy - De Lafense ,De Lafense,3,Koszulka 870/VISA,De Lafense,3,Koszula De Lafense 870 Visa kr/r S-2XL,De Lafense,1
32926808700400400, Koszulka nocna Koszula Nocna Model Visa 870 Ecru - De Lafense ,De Lafense,2,Koszulka 870/VISA,De Lafense,2,Koszula De Lafense 870 Visa kr/r S-2XL,De Lafense,3
32926808700401800, Koszulka nocna Koszula Nocna Model Visa 870 Dirty Pink - De Lafense ,De Lafense,0,Koszulka 870/VISA,De Lafense,0,Koszula De Lafense 870 Visa kr/r S-2XL,De Lafense,7
32926808700404200, Koszulka nocna Koszula Nocna Model Visa 870 Navy - De Lafense ,De Lafense,3,Koszulka 870/VISA,De Lafense,3,Koszula De Lafense 870 Visa kr/r S-2XL,De Lafense,5
32926808700406900, Koszulka nocna Koszula Nocna Model Visa 870 Bordo - De Lafense ,De Lafense,0,Koszulka 870/VISA,De Lafense,0,Koszula De Lafense 870 Visa kr/r S-2XL,De Lafense,5
32926808700500400, Koszulka nocna Koszula Nocna Model Visa 870 Ecru - De Lafense ,De Lafense,3,Koszulka 870/VISA,De Lafense,3,Koszula De Lafense 870 Visa kr/r S-2XL,De Lafense,2
32926808700501800, Koszulka nocna Koszula Nocna Model Visa 870 Dirty Pink - De Lafense ,De Lafense,0,Koszulka 870/VISA,De Lafense,0,Koszula De Lafense 870 Visa kr/r S-2XL,De Lafense,6
32926808700504200, Koszulka nocna Koszula Nocna Model Visa 870 Navy - De Lafense ,De Lafense,1,Koszulka 870/VISA,De Lafense,1,Koszula De Lafense 870 Visa kr/r S-2XL,De Lafense,4
32926808700506500, Koszulka nocna Koszula Nocna Model Visa 870 Light Melange - De Lafense ,De Lafense,0,Koszulka 870/VISA,De Lafense,0,Koszula De Lafense 870 Visa kr/r S-2XL,De Lafense,5
32926808710103300, Szlafrok Damski Model Visa 871 Green - De Lafense ,De Lafense,0,Szlafrok 871/VISA,De Lafense,0,Szlafrok De Lafense 871 Visa S-2XL damski,De Lafense,4
32926808710104200, Szlafrok Damski Model Visa 871 Navy - De Lafense ,De Lafense,2,Szlafrok 871/VISA,De Lafense,2,Szlafrok De Lafense 871 Visa S-2XL damski,De Lafense,7
32926808710106900, Szlafrok Damski Model Visa 871 Bordo - De Lafense ,De Lafense,3,Szlafrok 871/VISA,De Lafense,3,Szlafrok De Lafense 871 Visa S-2XL damski,De Lafense,5
32926808710109900, Szlafrok Damski Model Visa 871 Black - De Lafense ,De Lafense,2,Szlafrok 871/VISA,De Lafense,2,Szlafrok De Lafense 871 Visa S-2XL damski,De Lafense,11
32926808710203300, Szlafrok Damski Model Visa 871 Green - De Lafense ,De Lafense,0,Szlafrok 871/VISA,De Lafense,0,Szlafrok De Lafense 871 Visa S-2XL damski,De Lafense,4
32926808710204200, Szlafrok Damski Model Visa 871 Navy - De Lafense ,De Lafense,2,Szlafrok 871/VISA,De Lafense,1,Szlafrok De Lafense 871 Visa S-2XL damski,De Lafense,15
32926808710206900, Szlafrok Damski Model Visa 871 Bordo - De Lafense ,De Lafense,2,Szlafrok 871/VISA,De Lafense,2,Szlafrok De Lafense 871 Visa S-2XL damski,De Lafense,7
32926808710209900, Szlafrok Damski Model Visa 871 Black - De Lafense ,De Lafense,1,Szlafrok 871/VISA,De Lafense,0,Szlafrok De Lafense 871 Visa S-2XL damski,De Lafense,15
32926808710303300, Szlafrok Damski Model Visa 871 Green - De Lafense ,De Lafense,0,Szlafrok 871/VISA,De Lafense,0,Szlafrok De Lafense 871 Visa S-2XL damski,De Lafense,5
32926808710304200, Szlafrok Damski Model Visa 871 Navy - De Lafense ,De Lafense,3,Szlafrok 871/VISA,De Lafense,2,Szlafrok De Lafense 871 Visa S-2XL damski,De Lafense,12
32926808710306900, Szlafrok Damski Model Visa 871 Bordo - De Lafense ,De Lafense,2,Szlafrok 871/VISA,De Lafense,2,Szlafrok De Lafense 871 Visa S-2XL damski,De Lafense,4
32926808710309900, Szlafrok Damski Model Visa 871 Black - De Lafense ,De Lafense,2,Szlafrok 871/VISA,De Lafense,2,Szlafrok De Lafense 871 Visa S-2XL damski,De Lafense,9
32926808710403300, Szlafrok Damski Model Visa 871 Green - De Lafense ,De Lafense,0,Szlafrok 871/VISA,De Lafense,0,Szlafrok De Lafense 871 Visa S-2XL damski,De Lafense,3
32926808710406900, Szlafrok Damski Model Visa 871 Bordo - De Lafense ,De Lafense,3,Szlafrok 871/VISA,De Lafense,3,Szlafrok De Lafense 871 Visa S-2XL damski,De Lafense,3
32926808710409900, Szlafrok Damski Model Visa 871 Black - De Lafense ,De Lafense,0,Szlafrok 871/VISA,De Lafense,0,Szlafrok De Lafense 871 Visa S-2XL damski,De Lafense,14
32926808710503300, Szlafrok Damski Model Visa 871 Green - De Lafense ,De Lafense,0,Szlafrok 871/VISA,De Lafense,0,Szlafrok De Lafense 871 Visa S-2XL damski,De Lafense,2
32926808710504200, Szlafrok Damski Model Visa 871 Navy - De Lafense ,De Lafense,1,Szlafrok 871/VISA,De Lafense,1,Szlafrok De Lafense 871 Visa S-2XL damski,De Lafense,10
32926808710506900, Szlafrok Damski Model Visa 871 Bordo - De Lafense ,De Lafense,1,Szlafrok 871/VISA,De Lafense,1,Szlafrok De Lafense 871 Visa S-2XL damski,De Lafense,4
32926808710509900, Szlafrok Damski Model Visa 871 Black - De Lafense ,De Lafense,2,Szlafrok 871/VISA,De Lafense,2,Szlafrok De Lafense 871 Visa S-2XL damski,De Lafense,7
32926808720101800, Koszulka nocna Koszula Nocna Model Visa 872 Dirty Pink - De Lafense ,De Lafense,2,Koszulka 872/VISA,De Lafense,2,Koszula De Lafense 872 Visa w/r S-2XL,De Lafense,3
32926808720201800, Koszulka nocna Koszula Nocna Model Visa 872 Dirty Pink - De Lafense ,De Lafense,2,Koszulka 872/VISA,De Lafense,2,Koszula De Lafense 872 Visa w/r S-2XL,De Lafense,13
32926808720204200, Koszulka nocna Koszula Nocna Model Visa 872 Navy - De Lafense ,De Lafense,1,Koszulka 872/VISA,De Lafense,1,Koszula De Lafense 872 Visa w/r S-2XL,De Lafense,4
32926808720301800, Koszulka nocna Koszula Nocna Model Visa 872 Dirty Pink - De Lafense ,De Lafense,1,Koszulka 872/VISA,De Lafense,1,Koszula De Lafense 872 Visa w/r S-2XL,De Lafense,4
32926808720304200, Koszulka nocna Koszula Nocna Model Visa 872 Navy - De Lafense ,De Lafense,0,Koszulka 872/VISA,De Lafense,0,Koszula De Lafense 872 Visa w/r S-2XL,De Lafense,4
32926808720404200, Koszulka nocna Koszula Nocna Model Visa 872 Navy - De Lafense ,De Lafense,2,Koszulka 872/VISA,De Lafense,2,Koszula De Lafense 872 Visa w/r S-2XL,De Lafense,4
32926808770204500, Koszulka nocna Koszula Nocna Model Dahlia 877 Grey - De Lafense ,De Lafense,0,Koszula 877/DAHLIA,De Lafense,0,Koszula De Lafense 877 Dahlia kr/r M-2XL,De Lafense,4
32926808770209900, Koszulka nocna Koszula Nocna Model Dahlia 877 Black - De Lafense ,De Lafense,0,Koszula 877/DAHLIA,De Lafense,0,Koszula De Lafense 877 Dahlia kr/r M-2XL,De Lafense,1
32926808770304500, Koszulka nocna Koszula Nocna Model Dahlia 877 Grey - De Lafense ,De Lafense,0,Koszula 877/DAHLIA,De Lafense,0,Koszula De Lafense 877 Dahlia kr/r M-2XL,De Lafense,2
32926808770306300, Koszulka nocna Koszula Nocna Model Dahlia 877 Jeans - De Lafense ,De Lafense,0,Koszula 877/DAHLIA,De Lafense,0,Koszula De Lafense 877 Dahlia kr/r M-2XL,De Lafense,3
32926808770309900, Koszulka nocna Koszula Nocna Model Dahlia 877 Black - De Lafense ,De Lafense,2,Koszula 877/DAHLIA,De Lafense,2,Koszula De Lafense 877 Dahlia kr/r M-2XL,De Lafense,2
32926808770324200, Koszulka nocna Koszula Nocna Model Dahlia 877 Szałwia - De Lafense ,De Lafense,0,Koszula 877/DAHLIA,De Lafense,0,Koszula De Lafense 877 Dahlia kr/r M-2XL,De Lafense,2
32926808770404500, Koszulka nocna Koszula Nocna Model Dahlia 877 Grey - De Lafense ,De Lafense,1,Koszula 877/DAHLIA,De Lafense,1,Koszula De Lafense 877 Dahlia kr/r M-2XL,De Lafense,1
32926808770406300, Koszulka nocna Koszula Nocna Model Dahlia 877 Jeans - De Lafense ,De Lafense,0,Koszula 877/DAHLIA,De Lafense,0,Koszula De Lafense 877 Dahlia kr/r M-2XL,De Lafense,1
32926808770409900, Koszulka nocna Koszula Nocna Model Dahlia 877 Black - De Lafense ,De Lafense,1,Koszula 877/DAHLIA,De Lafense,1,Koszula De Lafense 877 Dahlia kr/r M-2XL,De Lafense,2
32926808770424200, Koszulka nocna Koszula Nocna Model Dahlia 877 Szałwia - De Lafense ,De Lafense,0,Koszula 877/DAHLIA,De Lafense,0,Koszula De Lafense 877 Dahlia kr/r M-2XL,De Lafense,1
32926808770504500, Koszulka nocna Koszula Nocna Model Dahlia 877 Grey - De Lafense ,De Lafense,0,Koszula 877/DAHLIA,De Lafense,0,Koszula De Lafense 877 Dahlia kr/r M-2XL,De Lafense,1
32926808770506300, Koszulka nocna Koszula Nocna Model Dahlia 877 Jeans - De Lafense ,De Lafense,0,Koszula 877/DAHLIA,De Lafense,0,Koszula De Lafense 877 Dahlia kr/r M-2XL,De Lafense,1
32926808770509900, Koszulka nocna Koszula Nocna Model Dahlia 877 Black - De Lafense ,De Lafense,1,Koszula 877/DAHLIA,De Lafense,1,Koszula De Lafense 877 Dahlia kr/r M-2XL,De Lafense,2
32926808770606300, Koszulka nocna Koszula Nocna Model Dahlia 877 Jeans - De Lafense ,De Lafense,0,Koszula 877/DAHLIA,De Lafense,0,Koszula De Lafense 877 Dahlia kr/r 3XL-4XL,De Lafense,2
32926808770609900, Koszulka nocna Koszula Nocna Model Dahlia 877 Black - De Lafense ,De Lafense,1,Koszula 877/DAHLIA,De Lafense,1,Koszula De Lafense 877 Dahlia kr/r 3XL-4XL,De Lafense,1
32926808770624200, Koszulka nocna Koszula Nocna Model Dahlia 877 Szałwia - De Lafense ,De Lafense,0,Koszula 877/DAHLIA,De Lafense,0,Koszula De Lafense 877 Dahlia kr/r 3XL-4XL,De Lafense,1
32926808770724200, Koszulka nocna Koszula Nocna Model Dahlia 877 Szałwia - De Lafense ,De Lafense,0,Koszula 877/DAHLIA,De Lafense,0,Koszula De Lafense 877 Dahlia kr/r 3XL-4XL,De Lafense,2
32926808830209900, Piżama Damska Model Cordelia 883 Black - De Lafense ,De Lafense,1,Piżama 883/CORDELIA,De Lafense,1,Piżama De Lafense 883 Cordelia dł/r M-2XL rozpinana,De Lafense,2
32926808830309900, Piżama Damska Model Cordelia 883 Black - De Lafense ,De Lafense,1,Piżama 883/CORDELIA,De Lafense,1,Piżama De Lafense 883 Cordelia dł/r M-2XL rozpinana,De Lafense,4
32926808830409900, Piżama Damska Model Cordelia 883 Black - De Lafense ,De Lafense,1,Piżama 883/CORDELIA,De Lafense,1,Piżama De Lafense 883 Cordelia dł/r M-2XL rozpinana,De Lafense,2
32926808830509900, Piżama Damska Model Cordelia 883 Black - De Lafense ,De Lafense,1,Piżama 883/CORDELIA,De Lafense,1,Piżama De Lafense 883 Cordelia dł/r M-2XL rozpinana,De Lafense,3
32926808860100600, Spodnie Dres Damski Model Butter 886 Mocca - De Lafense ,De Lafense,2,Komplet 886/BUTTER,De Lafense,2,Dres De Lafense 886 Butter dł/r S-2XL,De Lafense,2
32926808860109900, Spodnie Dres Damski Model Butter 886 Black - De Lafense ,De Lafense,1,Komplet 886/BUTTER,De Lafense,1,Dres De Lafense 886 Butter dł/r S-2XL,De Lafense,3
32926808860122200, Spodnie Dres Damski Model Butter 886 Piasek - De Lafense ,De Lafense,0,Komplet 886/BUTTER,De Lafense,0,Dres De Lafense 886 Butter dł/r S-2XL,De Lafense,2
32926808860123800, Spodnie Dres Damski Model Butter 886 Czekolada - De Lafense ,De Lafense,2,Komplet 886/BUTTER,De Lafense,2,Dres De Lafense 886 Butter dł/r S-2XL,De Lafense,8
32926808860200600, Spodnie Dres Damski Model Butter 886 Mocca - De Lafense ,De Lafense,1,Komplet 886/BUTTER,De Lafense,1,Dres De Lafense 886 Butter dł/r S-2XL,De Lafense,5
32926808860209900, Spodnie Dres Damski Model Butter 886 Black - De Lafense ,De Lafense,0,Komplet 886/BUTTER,De Lafense,0,Dres De Lafense 886 Butter dł/r S-2XL,De Lafense,3
32926808860223800, Spodnie Dres Damski Model Butter 886 Czekolada - De Lafense ,De Lafense,1,Komplet 886/BUTTER,De Lafense,1,Dres De Lafense 886 Butter dł/r S-2XL,De Lafense,1
32926808860224000, Spodnie Dres Damski Model Butter 886 Burgund - De Lafense ,De Lafense,2,Komplet 886/BUTTER,De Lafense,2,Dres De Lafense 886 Butter dł/r S-2XL,De Lafense,3
32926808860300600, Spodnie Dres Damski Model Butter 886 Mocca - De Lafense ,De Lafense,1,Komplet 886/BUTTER,De Lafense,1,Dres De Lafense 886 Butter dł/r S-2XL,De Lafense,4
32926808860309900, Spodnie Dres Damski Model Butter 886 Black - De Lafense ,De Lafense,1,Komplet 886/BUTTER,De Lafense,1,Dres De Lafense 886 Butter dł/r S-2XL,De Lafense,7
32926808860322200, Spodnie Dres Damski Model Butter 886 Piasek - De Lafense ,De Lafense,0,Komplet 886/BUTTER,De Lafense,0,Dres De Lafense 886 Butter dł/r S-2XL,De Lafense,4
32926808860323800, Spodnie Dres Damski Model Butter 886 Czekolada - De Lafense ,De Lafense,1,Komplet 886/BUTTER,De Lafense,1,Dres De Lafense 886 Butter dł/r S-2XL,De Lafense,2
32926808860324000, Spodnie Dres Damski Model Butter 886 Burgund - De Lafense ,De Lafense,1,Komplet 886/BUTTER,De Lafense,1,Dres De Lafense 886 Butter dł/r S-2XL,De Lafense,4
32926808860400600, Spodnie Dres Damski Model Butter 886 Mocca - De Lafense ,De Lafense,1,Komplet 886/BUTTER,De Lafense,1,Dres De Lafense 886 Butter dł/r S-2XL,De Lafense,1
32926808860422200, Spodnie Dres Damski Model Butter 886 Piasek - De Lafense ,De Lafense,1,Komplet 886/BUTTER,De Lafense,1,Dres De Lafense 886 Butter dł/r S-2XL,De Lafense,6
32926808860424000, Spodnie Dres Damski Model Butter 886 Burgund - De Lafense ,De Lafense,2,Komplet 886/BUTTER,De Lafense,1,Dres De Lafense 886 Butter dł/r S-2XL,De Lafense,2
32926808860500600, Spodnie Dres Damski Model Butter 886 Mocca - De Lafense ,De Lafense,2,Komplet 886/BUTTER,De Lafense,2,Dres De Lafense 886 Butter dł/r S-2XL,De Lafense,2
32926808860509900, Spodnie Dres Damski Model Butter 886 Black - De Lafense ,De Lafense,1,Komplet 886/BUTTER,De Lafense,1,Dres De Lafense 886 Butter dł/r S-2XL,De Lafense,2
32926808860522200, Spodnie Dres Damski Model Butter 886 Piasek - De Lafense ,De Lafense,1,Komplet 886/BUTTER,De Lafense,1,Dres De Lafense 886 Butter dł/r S-2XL,De Lafense,5
32926808860523800, Spodnie Dres Damski Model Butter 886 Czekolada - De Lafense ,De Lafense,1,Komplet 886/BUTTER,De Lafense,1,Dres De Lafense 886 Butter dł/r S-2XL,De Lafense,5
32926808880123800, Koszulka nocna Top Model Cordelia 888 Czekolada - De Lafense ,De Lafense,1,Top 888/CORDELIA,De Lafense,0,Top De Lafense 888 Cordelia ramiączko S-XL,De Lafense,7
32926808880223800, Koszulka nocna Top Model Cordelia 888 Czekolada - De Lafense ,De Lafense,1,Top 888/CORDELIA,De Lafense,1,Top De Lafense 888 Cordelia ramiączko S-XL,De Lafense,7
32926808880323800, Koszulka nocna Top Model Cordelia 888 Czekolada - De Lafense ,De Lafense,0,Top 888/CORDELIA,De Lafense,0,Top De Lafense 888 Cordelia ramiączko S-XL,De Lafense,8
32926808880423800, Koszulka nocna Top Model Cordelia 888 Czekolada - De Lafense ,De Lafense,1,Top 888/CORDELIA,De Lafense,0,Top De Lafense 888 Cordelia ramiączko S-XL,De Lafense,7
32926808880523800, Koszulka nocna Top Model Cordelia 888 Czekolada - De Lafense ,De Lafense,0,Top 888/CORDELIA,De Lafense,0,Top De Lafense 888 Cordelia ramiączko S-XL,De Lafense,7
32926808990304500, Szlafrok Damski Model Scarlet 899 Grey - De Lafense ,De Lafense,0,Szlafrok 899/SCARLET,De Lafense,0,Szlafrok De Lafense 899 Scarlett S-2XL damski,De Lafense,1
32926809420200600, Szlafrok Damski Model Visa 942 Mocca - De Lafense ,De Lafense,1,Szlafrok 942/VISA,De Lafense,1,"Szlafrok De Lafense 940, 942 Visa M-2XL damski",De Lafense,4
32926809420201800, Szlafrok Damski Model Visa 942 Dirty Pink - De Lafense ,De Lafense,1,Szlafrok 942/VISA,De Lafense,1,"Szlafrok De Lafense 940, 942 Visa M-2XL damski",De Lafense,4
32926809420204200, Szlafrok Damski Model Visa 942 Navy - De Lafense ,De Lafense,3,Szlafrok 942/VISA,De Lafense,1,"Szlafrok De Lafense 940, 942 Visa M-2XL damski",De Lafense,4
32926809420300400, Szlafrok Damski Model Visa 942 Ecru - De Lafense ,De Lafense,3,Szlafrok 942/VISA,De Lafense,3,"Szlafrok De Lafense 940, 942 Visa M-2XL damski",De Lafense,4
32926809420300600, Szlafrok Damski Model Visa 942 Mocca - De Lafense ,De Lafense,1,Szlafrok 942/VISA,De Lafense,1,"Szlafrok De Lafense 940, 942 Visa M-2XL damski",De Lafense,12
32926809420301800, Szlafrok Damski Model Visa 942 Dirty Pink - De Lafense ,De Lafense,3,Szlafrok 942/VISA,De Lafense,2,"Szlafrok De Lafense 940, 942 Visa M-2XL damski",De Lafense,7
32926809420304200, Szlafrok Damski Model Visa 942 Navy - De Lafense ,De Lafense,1,Szlafrok 942/VISA,De Lafense,1,"Szlafrok De Lafense 940, 942 Visa M-2XL damski",De Lafense,8
32926809420309900, Szlafrok Damski Model Visa 942 Black - De Lafense ,De Lafense,0,Szlafrok 942/VISA,De Lafense,0,"Szlafrok De Lafense 940, 942 Visa M-2XL damski",De Lafense,10
32926809420400400, Szlafrok Damski Model Visa 942 Ecru - De Lafense ,De Lafense,1,Szlafrok 942/VISA,De Lafense,1,"Szlafrok De Lafense 940, 942 Visa M-2XL damski",De Lafense,4
32926809420400600, Szlafrok Damski Model Visa 942 Mocca - De Lafense ,De Lafense,0,Szlafrok 942/VISA,De Lafense,0,"Szlafrok De Lafense 940, 942 Visa M-2XL damski",De Lafense,6
32926809420401800, Szlafrok Damski Model Visa 942 Dirty Pink - De Lafense ,De Lafense,2,Szlafrok 942/VISA,De Lafense,2,"Szlafrok De Lafense 940, 942 Visa M-2XL damski",De Lafense,6
32926809420404200, Szlafrok Damski Model Visa 942 Navy - De Lafense ,De Lafense,2,Szlafrok 942/VISA,De Lafense,0,"Szlafrok De Lafense 940, 942 Visa M-2XL damski",De Lafense,7
32926809420409900, Szlafrok Damski Model Visa 942 Black - De Lafense ,De Lafense,0,Szlafrok 942/VISA,De Lafense,0,"Szlafrok De Lafense 940, 942 Visa M-2XL damski",De Lafense,5
32926809420500400, Szlafrok Damski Model Visa 942 Ecru - De Lafense ,De Lafense,1,Szlafrok 942/VISA,De Lafense,1,"Szlafrok De Lafense 940, 942 Visa M-2XL damski",De Lafense,4
32926809420500600, Szlafrok Damski Model Visa 942 Mocca - De Lafense ,De Lafense,1,Szlafrok 942/VISA,De Lafense,1,"Szlafrok De Lafense 940, 942 Visa M-2XL damski",De Lafense,5
32926809420504200, Szlafrok Damski Model Visa 942 Navy - De Lafense ,De Lafense,1,Szlafrok 942/VISA,De Lafense,1,"Szlafrok De Lafense 940, 942 Visa M-2XL damski",De Lafense,5
32926809420509900, Szlafrok Damski Model Visa 942 Black - De Lafense ,De Lafense,0,Szlafrok 942/VISA,De Lafense,0,"Szlafrok De Lafense 940, 942 Visa M-2XL damski",De Lafense,2
32926809450109900," Gorsety, body, pasy Pas do pończoch Model Babette 945 Black - De Lafense ",De Lafense,0,Pas 945,De Lafense,0,Pas De Lafense 945 Babette S-4XL,De Lafense,3
32926809450309900," Gorsety, body, pasy Pas do pończoch Model Babette 945 Black - De Lafense ",De Lafense,0,Pas 945,De Lafense,0,Pas De Lafense 945 Babette S-4XL,De Lafense,3
50000104,  Podkolanówki Model 500 Bezuciskowe 15 Blue - Gabriella ,Gabriella,7,Podkolanówki 500 BEZUCISKOWE 15,GABRIELLA,7,Podkolanówki Gabriella 500 bezuciskowe 15 den A2,Gabriella,1
50000132,  Podkolanówki Model 500 Bezuciskowe 15 Rose - Gabriella ,Gabriella,4,Podkolanówki 500 BEZUCISKOWE 15,GABRIELLA,4,Podkolanówki Gabriella 500 bezuciskowe 15 den A2,Gabriella,6
5900050092053,  Komplet Slipy Model 1446 White - Henderson ,Henderson,28,Slipy 1446,Henderson,28,Slipy Henderson 1446 K121 A3 M-3XL,Henderson,29
5900050092060,  Komplet Slipy Model 1446 White - Henderson ,Henderson,40,Slipy 1446,Henderson,40,Slipy Henderson 1446 K121 A3 M-3XL,Henderson,51
5900050092077,  Komplet Slipy Model 1446 White - Henderson ,Henderson,29,Slipy 1446,Henderson,27,Slipy Henderson 1446 K121 A3 M-3XL,Henderson,68
5900050092084,  Komplet Slipy Model 1446 White - Henderson ,Henderson,26,Slipy 1446,Henderson,24,Slipy Henderson 1446 K121 A3 M-3XL,Henderson,82
5900050092121,  Komplet Slipy Model 1446 Black - Henderson ,Henderson,8,Slipy 1446,Henderson,8,Slipy Henderson 1446 K122 A3 M-2XL,Henderson,12
5900050092138,  Komplet Slipy Model 1446 Black - Henderson ,Henderson,19,Slipy 1446,Henderson,19,Slipy Henderson 1446 K122 A3 M-2XL,Henderson,105
5900050092145,  Komplet Slipy Model 1446 Black - Henderson ,Henderson,11,Slipy 1446,Henderson,11,Slipy Henderson 1446 K122 A3 M-2XL,Henderson,29
5900050092152,  Komplet Slipy Model 1446 Black - Henderson ,Henderson,16,Slipy 1446,Henderson,16,Slipy Henderson 1446 K122 A3 M-2XL,Henderson,25
5900402324627, Biustonosz Soft Biustonosz Semi-Soft Model Keto 1134 Ecru/Mocca - Gaia ,Gaia,3,Biustonosz 1134 EMO,Gaia,3,Biustonosz Semi Soft Gaia BS 1134 Keto Ecru-Mokka,Gaia,1
5900402324696, Biustonosz Soft Biustonosz Semi-Soft Model Keto 1134 Ecru/Mocca - Gaia ,Gaia,0,Biustonosz 1134 EMO,Gaia,0,Biustonosz Semi Soft Gaia BS 1134 Keto Ecru-Mokka,Gaia,1
5900402324740, Biustonosz Soft Biustonosz Semi-Soft Model Keto 1134 Ecru/Mocca - Gaia ,Gaia,0,Biustonosz 1134 EMO,Gaia,0,Biustonosz Semi Soft Gaia BS 1134 Keto Ecru-Mokka,Gaia,1
5900402331045, Biustonosz Soft Biustonosz Semi-Soft Model Rosina 1349 Blue - Gaia ,Gaia,2,Biustonosz 1349 NIE,Gaia,2,Biustonosz semi soft Gaia BS 1349 Rosina,Gaia,2
5900402331052, Biustonosz Soft Biustonosz Semi-Soft Model Rosina 1349 Blue - Gaia ,Gaia,0,Biustonosz 1349 NIE,Gaia,0,Biustonosz semi soft Gaia BS 1349 Rosina,Gaia,1
5900402331106, Biustonosz Soft Biustonosz Semi-Soft Model Rosina 1349 Blue - Gaia ,Gaia,3,Biustonosz 1349 NIE,Gaia,3,Biustonosz semi soft Gaia BS 1349 Rosina,Gaia,1
5900402331168, Biustonosz Soft Biustonosz Semi-Soft Model Rosina 1349 Blue - Gaia ,Gaia,2,Biustonosz 1349 NIE,Gaia,2,Biustonosz semi soft Gaia BS 1349 Rosina,Gaia,1
5900402331298, Biustonosz Soft Biustonosz Semi-Soft Model Rosina 1349 Blue - Gaia ,Gaia,2,Biustonosz 1349 NIE,Gaia,2,Biustonosz semi soft Gaia BS 1349 Rosina,Gaia,1
5900402331342, Biustonosz Soft Biustonosz Semi-Soft Model Rosina 1349 Blue - Gaia ,Gaia,2,Biustonosz 1349 NIE,Gaia,2,Biustonosz semi soft Gaia BS 1349 Rosina,Gaia,1
5900402331359, Biustonosz Soft Biustonosz Semi-Soft Model Rosina 1349 Blue - Gaia ,Gaia,2,Biustonosz 1349 NIE,Gaia,2,Biustonosz semi soft Gaia BS 1349 Rosina,Gaia,1
5900402331366, Biustonosz Soft Biustonosz Semi-Soft Model Rosina 1349 Blue - Gaia ,Gaia,2,Biustonosz 1349 NIE,Gaia,2,Biustonosz semi soft Gaia BS 1349 Rosina,Gaia,1
5900402332318, Biustonosz Soft Biustonosz Semi-Soft Model Melanie 1354 Green - Gaia ,Gaia,0,Biustonosz 1354 ZIE,Gaia,0,Biustonosz semi soft Gaia BS 1354 Melanie,Gaia,1
5900402332332, Biustonosz Soft Biustonosz Semi-Soft Model Melanie 1354 Green - Gaia ,Gaia,1,Biustonosz 1354 ZIE,Gaia,1,Biustonosz semi soft Gaia BS 1354 Melanie,Gaia,1
5900402332387, Biustonosz Soft Biustonosz Semi-Soft Model Melanie 1354 Green - Gaia ,Gaia,0,Biustonosz 1354 ZIE,Gaia,0,Biustonosz semi soft Gaia BS 1354 Melanie,Gaia,1
5900402332448, Biustonosz Soft Biustonosz Semi-Soft Model Melanie 1354 Green - Gaia ,Gaia,1,Biustonosz 1354 ZIE,Gaia,1,Biustonosz semi soft Gaia BS 1354 Melanie,Gaia,1
5900402332455, Biustonosz Soft Biustonosz Semi-Soft Model Melanie 1354 Green - Gaia ,Gaia,1,Biustonosz 1354 ZIE,Gaia,1,Biustonosz semi soft Gaia BS 1354 Melanie,Gaia,4
5900402332509, Biustonosz Soft Biustonosz Semi-Soft Model Melanie 1354 Green - Gaia ,Gaia,1,Biustonosz 1354 ZIE,Gaia,1,Biustonosz semi soft Gaia BS 1354 Melanie,Gaia,1
5900402332523, Biustonosz Soft Biustonosz Semi-Soft Model Melanie 1354 Green - Gaia ,Gaia,3,Biustonosz 1354 ZIE,Gaia,3,Biustonosz semi soft Gaia BS 1354 Melanie,Gaia,2
5900402332554, Biustonosz Soft Biustonosz Semi-Soft Model Melanie 1354 Green - Gaia ,Gaia,0,Biustonosz 1354 ZIE,Gaia,0,Biustonosz semi soft Gaia BS 1354 Melanie,Gaia,1
5900402332608, Biustonosz Soft Biustonosz Semi-Soft Model Melanie 1354 Green - Gaia ,Gaia,0,Biustonosz 1354 ZIE,Gaia,0,Biustonosz semi soft Gaia BS 1354 Melanie,Gaia,4
5900402332639, Biustonosz Soft Biustonosz Semi-Soft Model Melanie 1354 Green - Gaia ,Gaia,2,Biustonosz 1354 ZIE,Gaia,2,Biustonosz semi soft Gaia BS 1354 Melanie,Gaia,1
5900402332646, Biustonosz Soft Biustonosz Semi-Soft Model Melanie 1354 Green - Gaia ,Gaia,0,Biustonosz 1354 ZIE,Gaia,0,Biustonosz semi soft Gaia BS 1354 Melanie,Gaia,1
5900402332653, Biustonosz Soft Biustonosz Semi-Soft Model Melanie 1354 Green - Gaia ,Gaia,2,Biustonosz 1354 ZIE,Gaia,2,Biustonosz semi soft Gaia BS 1354 Melanie,Gaia,2
5900402332707, Biustonosz Soft Biustonosz Semi-Soft Model Melanie 1354 Green - Gaia ,Gaia,1,Biustonosz 1354 ZIE,Gaia,1,Biustonosz semi soft Gaia BS 1354 Melanie,Gaia,3
5900402332738, Biustonosz Soft Biustonosz Semi-Soft Model Melanie 1354 Green - Gaia ,Gaia,1,Biustonosz 1354 ZIE,Gaia,1,Biustonosz semi soft Gaia BS 1354 Melanie,Gaia,1
5900402332820, Biustonosz Soft Model Cassandra 1355 Green - Gaia ,Gaia,1,Biustonosz 1355 ZIE,Gaia,1,Biustonosz soft Gaia BS 1355 Cassandra,Gaia,3
5900402332837, Biustonosz Soft Model Cassandra 1355 Green - Gaia ,Gaia,2,Biustonosz 1355 ZIE,Gaia,2,Biustonosz soft Gaia BS 1355 Cassandra,Gaia,3
5900402332844, Biustonosz Soft Model Cassandra 1355 Green - Gaia ,Gaia,2,Biustonosz 1355 ZIE,Gaia,2,Biustonosz soft Gaia BS 1355 Cassandra,Gaia,1
5900402332875, Biustonosz Soft Model Cassandra 1355 Green - Gaia ,Gaia,2,Biustonosz 1355 ZIE,Gaia,2,Biustonosz soft Gaia BS 1355 Cassandra,Gaia,3
5900402332882, Biustonosz Soft Model Cassandra 1355 Green - Gaia ,Gaia,2,Biustonosz 1355 ZIE,Gaia,2,Biustonosz soft Gaia BS 1355 Cassandra,Gaia,5
5900402332899, Biustonosz Soft Model Cassandra 1355 Green - Gaia ,Gaia,2,Biustonosz 1355 ZIE,Gaia,2,Biustonosz soft Gaia BS 1355 Cassandra,Gaia,4
5900402332905, Biustonosz Soft Model Cassandra 1355 Green - Gaia ,Gaia,1,Biustonosz 1355 ZIE,Gaia,1,Biustonosz soft Gaia BS 1355 Cassandra,Gaia,2
5900402332912, Biustonosz Soft Model Cassandra 1355 Green - Gaia ,Gaia,1,Biustonosz 1355 ZIE,Gaia,1,Biustonosz soft Gaia BS 1355 Cassandra,Gaia,1
5900402332936, Biustonosz Soft Model Cassandra 1355 Green - Gaia ,Gaia,1,Biustonosz 1355 ZIE,Gaia,1,Biustonosz soft Gaia BS 1355 Cassandra,Gaia,2
5900402332943, Biustonosz Soft Model Cassandra 1355 Green - Gaia ,Gaia,3,Biustonosz 1355 ZIE,Gaia,3,Biustonosz soft Gaia BS 1355 Cassandra,Gaia,3
5900402332950, Biustonosz Soft Model Cassandra 1355 Green - Gaia ,Gaia,2,Biustonosz 1355 ZIE,Gaia,2,Biustonosz soft Gaia BS 1355 Cassandra,Gaia,4
5900402332967, Biustonosz Soft Model Cassandra 1355 Green - Gaia ,Gaia,0,Biustonosz 1355 ZIE,Gaia,0,Biustonosz soft Gaia BS 1355 Cassandra,Gaia,3
5900402333001, Biustonosz Soft Model Cassandra 1355 Green - Gaia ,Gaia,1,Biustonosz 1355 ZIE,Gaia,1,Biustonosz soft Gaia BS 1355 Cassandra,Gaia,2
5900402333018, Biustonosz Soft Model Cassandra 1355 Green - Gaia ,Gaia,1,Biustonosz 1355 ZIE,Gaia,1,Biustonosz soft Gaia BS 1355 Cassandra,Gaia,1
5900402333025, Biustonosz Soft Model Cassandra 1355 Green - Gaia ,Gaia,0,Biustonosz 1355 ZIE,Gaia,0,Biustonosz soft Gaia BS 1355 Cassandra,Gaia,4
5900402333032, Biustonosz Soft Model Cassandra 1355 Green - Gaia ,Gaia,2,Biustonosz 1355 ZIE,Gaia,2,Biustonosz soft Gaia BS 1355 Cassandra,Gaia,4
5900402333049, Biustonosz Soft Model Cassandra 1355 Green - Gaia ,Gaia,1,Biustonosz 1355 ZIE,Gaia,1,Biustonosz soft Gaia BS 1355 Cassandra,Gaia,1
5900402333063, Biustonosz Soft Model Cassandra 1355 Green - Gaia ,Gaia,2,Biustonosz 1355 ZIE,Gaia,2,Biustonosz soft Gaia BS 1355 Cassandra,Gaia,1
5900402333070, Biustonosz Soft Model Cassandra 1355 Green - Gaia ,Gaia,2,Biustonosz 1355 ZIE,Gaia,2,Biustonosz soft Gaia BS 1355 Cassandra,Gaia,2
5900402333087, Biustonosz Soft Model Cassandra 1355 Green - Gaia ,Gaia,1,Biustonosz 1355 ZIE,Gaia,1,Biustonosz soft Gaia BS 1355 Cassandra,Gaia,2
5900402333094, Biustonosz Soft Model Cassandra 1355 Green - Gaia ,Gaia,0,Biustonosz 1355 ZIE,Gaia,0,Biustonosz soft Gaia BS 1355 Cassandra,Gaia,2
5900402333117, Biustonosz Soft Model Cassandra 1355 Green - Gaia ,Gaia,2,Biustonosz 1355 ZIE,Gaia,2,Biustonosz soft Gaia BS 1355 Cassandra,Gaia,1
5900402333131, Biustonosz Soft Model Cassandra 1355 Green - Gaia ,Gaia,2,Biustonosz 1355 ZIE,Gaia,2,Biustonosz soft Gaia BS 1355 Cassandra,Gaia,2
5900402333254, Biustonosz Soft Biustonosz Semi-soft Model 1356 Judith Ecru/Grey - Gaia ,Gaia,0,Biustonosz 1356 ESZ,Gaia,0,Biustonosz semi soft Gaia BS 1356 Judith,Gaia,3
5900402333346, Biustonosz Soft Biustonosz Semi-soft Model 1356 Judith Ecru/Grey - Gaia ,Gaia,4,Biustonosz 1356 ESZ,Gaia,4,Biustonosz semi soft Gaia BS 1356 Judith,Gaia,1
5900402333360, Biustonosz Soft Biustonosz Semi-soft Model 1356 Judith Ecru/Grey - Gaia ,Gaia,1,Biustonosz 1356 ESZ,Gaia,1,Biustonosz semi soft Gaia BS 1356 Judith,Gaia,1
5900402333407, Biustonosz Soft Biustonosz Semi-soft Model 1356 Judith Ecru/Grey - Gaia ,Gaia,3,Biustonosz 1356 ESZ,Gaia,3,Biustonosz semi soft Gaia BS 1356 Judith,Gaia,1
5900402333438, Biustonosz Soft Biustonosz Semi-soft Model 1356 Judith Ecru/Grey - Gaia ,Gaia,1,Biustonosz 1356 ESZ,Gaia,1,Biustonosz semi soft Gaia BS 1356 Judith,Gaia,2
5900402333452, Biustonosz Soft Biustonosz Semi-soft Model 1356 Judith Ecru/Grey - Gaia ,Gaia,4,Biustonosz 1356 ESZ,Gaia,4,Biustonosz semi soft Gaia BS 1356 Judith,Gaia,4
5900402333469, Biustonosz Soft Biustonosz Semi-soft Model 1356 Judith Ecru/Grey - Gaia ,Gaia,2,Biustonosz 1356 ESZ,Gaia,2,Biustonosz semi soft Gaia BS 1356 Judith,Gaia,1
5900402333476, Biustonosz Soft Biustonosz Semi-soft Model 1356 Judith Ecru/Grey - Gaia ,Gaia,1,Biustonosz 1356 ESZ,Gaia,1,Biustonosz semi soft Gaia BS 1356 Judith,Gaia,1
5900402333506, Biustonosz Soft Biustonosz Semi-soft Model 1356 Judith Ecru/Grey - Gaia ,Gaia,1,Biustonosz 1356 ESZ,Gaia,1,Biustonosz semi soft Gaia BS 1356 Judith,Gaia,2
5900402333513, Biustonosz Soft Biustonosz Semi-soft Model 1356 Judith Ecru/Grey - Gaia ,Gaia,1,Biustonosz 1356 ESZ,Gaia,1,Biustonosz semi soft Gaia BS 1356 Judith,Gaia,5
5900402333520, Biustonosz Soft Biustonosz Semi-soft Model 1356 Judith Ecru/Grey - Gaia ,Gaia,3,Biustonosz 1356 ESZ,Gaia,3,Biustonosz semi soft Gaia BS 1356 Judith,Gaia,4
5900402333544, Biustonosz Soft Biustonosz Semi-soft Model 1356 Judith Ecru/Grey - Gaia ,Gaia,1,Biustonosz 1356 ESZ,Gaia,1,Biustonosz semi soft Gaia BS 1356 Judith,Gaia,1
5900402333551, Biustonosz Soft Biustonosz Semi-soft Model 1356 Judith Ecru/Grey - Gaia ,Gaia,2,Biustonosz 1356 ESZ,Gaia,2,Biustonosz semi soft Gaia BS 1356 Judith,Gaia,2
5900402333568, Biustonosz Soft Biustonosz Semi-soft Model 1356 Judith Ecru/Grey - Gaia ,Gaia,2,Biustonosz 1356 ESZ,Gaia,2,Biustonosz semi soft Gaia BS 1356 Judith,Gaia,2
5900402333599, Biustonosz Soft Biustonosz Semi-soft Model 1356 Judith Ecru/Grey - Gaia ,Gaia,1,Biustonosz 1356 ESZ,Gaia,1,Biustonosz semi soft Gaia BS 1356 Judith,Gaia,2
5900402333636, Biustonosz Soft Biustonosz Semi-Soft Model Imogen 1357 Pink - Gaia ,Gaia,2,Biustonosz 1357 RÓŻ,Gaia,2,Biustonosz semi soft Gaia BS 1357 Imogen,Gaia,1
5900402333742, Biustonosz Soft Biustonosz Semi-Soft Model Imogen 1357 Pink - Gaia ,Gaia,3,Biustonosz 1357 RÓŻ,Gaia,3,Biustonosz semi soft Gaia BS 1357 Imogen,Gaia,1
5900402333810, Biustonosz Soft Biustonosz Semi-Soft Model Imogen 1357 Pink - Gaia ,Gaia,0,Biustonosz 1357 RÓŻ,Gaia,0,Biustonosz semi soft Gaia BS 1357 Imogen,Gaia,3
5900402333841, Biustonosz Soft Biustonosz Semi-Soft Model Imogen 1357 Pink - Gaia ,Gaia,2,Biustonosz 1357 RÓŻ,Gaia,2,Biustonosz semi soft Gaia BS 1357 Imogen,Gaia,1
5900402333940, Biustonosz Soft Biustonosz Semi-Soft Model Imogen 1357 Pink - Gaia ,Gaia,0,Biustonosz 1357 RÓŻ,Gaia,0,Biustonosz semi soft Gaia BS 1357 Imogen,Gaia,1
5900402333988, Biustonosz Soft Biustonosz Semi-Soft Model Imogen 1357 Pink - Gaia ,Gaia,3,Biustonosz 1357 RÓŻ,Gaia,3,Biustonosz semi soft Gaia BS 1357 Imogen,Gaia,1
5900402333995, Biustonosz Soft Biustonosz Semi-Soft Model Imogen 1357 Pink - Gaia ,Gaia,2,Biustonosz 1357 RÓŻ,Gaia,2,Biustonosz semi soft Gaia BS 1357 Imogen,Gaia,2
5900402339959, Biustonosz Soft Biustonosz Semi-Soft Model 1370 Calliope Pink/Blue - Gaia ,Gaia,2,Biustonosz 1370 RNI,Gaia,2,Biustonosz semi soft Gaia BS 1370 Calliope,Gaia,2
5900402340047, Biustonosz Soft Biustonosz Semi-Soft Model 1370 Calliope Pink/Blue - Gaia ,Gaia,1,Biustonosz 1370 RNI,Gaia,1,Biustonosz semi soft Gaia BS 1370 Calliope,Gaia,2
5900402340436, Biustonosz Soft Model 1371 Cameron Pink/Blue - Gaia ,Gaia,2,Biustonosz 1371 RNI,Gaia,2,Biustonosz soft Gaia BS 1371 Cameron,Gaia,3
5900402340443, Biustonosz Soft Model 1371 Cameron Pink/Blue - Gaia ,Gaia,3,Biustonosz 1371 RNI,Gaia,3,Biustonosz soft Gaia BS 1371 Cameron,Gaia,2
5900402340467, Biustonosz Soft Model 1371 Cameron Pink/Blue - Gaia ,Gaia,1,Biustonosz 1371 RNI,Gaia,1,Biustonosz soft Gaia BS 1371 Cameron,Gaia,1
5900402340481, Biustonosz Soft Model 1371 Cameron Pink/Blue - Gaia ,Gaia,3,Biustonosz 1371 RNI,Gaia,3,Biustonosz soft Gaia BS 1371 Cameron,Gaia,2
5900402340498, Biustonosz Soft Model 1371 Cameron Pink/Blue - Gaia ,Gaia,3,Biustonosz 1371 RNI,Gaia,3,Biustonosz soft Gaia BS 1371 Cameron,Gaia,5
5900402340504, Biustonosz Soft Model 1371 Cameron Pink/Blue - Gaia ,Gaia,3,Biustonosz 1371 RNI,Gaia,3,Biustonosz soft Gaia BS 1371 Cameron,Gaia,4
5900402340511, Biustonosz Soft Model 1371 Cameron Pink/Blue - Gaia ,Gaia,2,Biustonosz 1371 RNI,Gaia,2,Biustonosz soft Gaia BS 1371 Cameron,Gaia,3
5900402340559, Biustonosz Soft Model 1371 Cameron Pink/Blue - Gaia ,Gaia,2,Biustonosz 1371 RNI,Gaia,2,Biustonosz soft Gaia BS 1371 Cameron,Gaia,1
5900402340566, Biustonosz Soft Model 1371 Cameron Pink/Blue - Gaia ,Gaia,3,Biustonosz 1371 RNI,Gaia,3,Biustonosz soft Gaia BS 1371 Cameron,Gaia,3
5900402340580, Biustonosz Soft Model 1371 Cameron Pink/Blue - Gaia ,Gaia,2,Biustonosz 1371 RNI,Gaia,2,Biustonosz soft Gaia BS 1371 Cameron,Gaia,1
5900402340597, Biustonosz Soft Model 1371 Cameron Pink/Blue - Gaia ,Gaia,2,Biustonosz 1371 RNI,Gaia,2,Biustonosz soft Gaia BS 1371 Cameron,Gaia,1
5900402340610, Biustonosz Soft Model 1371 Cameron Pink/Blue - Gaia ,Gaia,2,Biustonosz 1371 RNI,Gaia,2,Biustonosz soft Gaia BS 1371 Cameron,Gaia,1
5900402340634, Biustonosz Soft Model 1371 Cameron Pink/Blue - Gaia ,Gaia,1,Biustonosz 1371 RNI,Gaia,1,Biustonosz soft Gaia BS 1371 Cameron,Gaia,5
5900402340641, Biustonosz Soft Model 1371 Cameron Pink/Blue - Gaia ,Gaia,2,Biustonosz 1371 RNI,Gaia,2,Biustonosz soft Gaia BS 1371 Cameron,Gaia,1
5900402340658, Biustonosz Soft Model 1371 Cameron Pink/Blue - Gaia ,Gaia,2,Biustonosz 1371 RNI,Gaia,2,Biustonosz soft Gaia BS 1371 Cameron,Gaia,2
5900402340689, Biustonosz Soft Model 1371 Cameron Pink/Blue - Gaia ,Gaia,1,Biustonosz 1371 RNI,Gaia,1,Biustonosz soft Gaia BS 1371 Cameron,Gaia,2
5900402340696, Biustonosz Soft Model 1371 Cameron Pink/Blue - Gaia ,Gaia,1,Biustonosz 1371 RNI,Gaia,1,Biustonosz soft Gaia BS 1371 Cameron,Gaia,1
5900402340740, Biustonosz Soft Model 1371 Cameron Pink/Blue - Gaia ,Gaia,1,Biustonosz 1371 RNI,Gaia,1,Biustonosz soft Gaia BS 1371 Cameron,Gaia,1
5900402342034, Biustonosz Soft Biustonosz Semi-Soft Model Keto 1134M Maxi Ecru/Mocca - Gaia ,Gaia,2,Biustonosz 1134M EMO,Gaia,2,Biustonosz semi soft Gaia BSM 1134 Keto Maxi Ecru-Mokka,Gaia,2
5900402342041, Biustonosz Soft Biustonosz Semi-Soft Model Keto 1134M Maxi Ecru/Mocca - Gaia ,Gaia,1,Biustonosz 1134M EMO,Gaia,1,Biustonosz semi soft Gaia BSM 1134 Keto Maxi Ecru-Mokka,Gaia,2
5900402342072, Biustonosz Soft Biustonosz Semi-Soft Model Keto 1134M Maxi Ecru/Mocca - Gaia ,Gaia,1,Biustonosz 1134M EMO,Gaia,1,Biustonosz semi soft Gaia BSM 1134 Keto Maxi Ecru-Mokka,Gaia,1
5900402342102, Biustonosz Soft Biustonosz Semi-Soft Model Keto 1134M Maxi Ecru/Mocca - Gaia ,Gaia,0,Biustonosz 1134M EMO,Gaia,0,Biustonosz semi soft Gaia BSM 1134 Keto Maxi Ecru-Mokka,Gaia,1
5900402342133, Biustonosz Soft Biustonosz Semi-Soft Model Keto 1134M Maxi Ecru/Mocca - Gaia ,Gaia,2,Biustonosz 1134M EMO,Gaia,2,Biustonosz semi soft Gaia BSM 1134 Keto Maxi Ecru-Mokka,Gaia,2
5900402342140, Biustonosz Soft Biustonosz Semi-Soft Model Keto 1134M Maxi Ecru/Mocca - Gaia ,Gaia,2,Biustonosz 1134M EMO,Gaia,2,Biustonosz semi soft Gaia BSM 1134 Keto Maxi Ecru-Mokka,Gaia,1
5900402342164, Biustonosz Soft Biustonosz Semi-Soft Model Keto 1134M Maxi Ecru/Mocca - Gaia ,Gaia,2,Biustonosz 1134M EMO,Gaia,2,Biustonosz semi soft Gaia BSM 1134 Keto Maxi Ecru-Mokka,Gaia,1
5900402342171, Biustonosz Soft Biustonosz Semi-Soft Model Keto 1134M Maxi Ecru/Mocca - Gaia ,Gaia,1,Biustonosz 1134M EMO,Gaia,1,Biustonosz semi soft Gaia BSM 1134 Keto Maxi Ecru-Mokka,Gaia,2
5900402342188, Biustonosz Soft Biustonosz Semi-Soft Model Keto 1134M Maxi Ecru/Mocca - Gaia ,Gaia,1,Biustonosz 1134M EMO,Gaia,1,Biustonosz semi soft Gaia BSM 1134 Keto Maxi Ecru-Mokka,Gaia,2
5900402342218, Biustonosz Soft Biustonosz Semi-Soft Model Keto 1134M Maxi Ecru/Mocca - Gaia ,Gaia,2,Biustonosz 1134M EMO,Gaia,2,Biustonosz semi soft Gaia BSM 1134 Keto Maxi Ecru-Mokka,Gaia,1
5900402342225, Biustonosz Soft Biustonosz Semi-Soft Model Keto 1134M Maxi Ecru/Mocca - Gaia ,Gaia,1,Biustonosz 1134M EMO,Gaia,1,Biustonosz semi soft Gaia BSM 1134 Keto Maxi Ecru-Mokka,Gaia,3
5900402342232, Biustonosz Soft Biustonosz Semi-Soft Model Keto 1134M Maxi Ecru/Mocca - Gaia ,Gaia,2,Biustonosz 1134M EMO,Gaia,2,Biustonosz semi soft Gaia BSM 1134 Keto Maxi Ecru-Mokka,Gaia,1
5900402342263, Biustonosz Soft Biustonosz Semi-Soft Model Keto 1134M Maxi Ecru/Mocca - Gaia ,Gaia,1,Biustonosz 1134M EMO,Gaia,1,Biustonosz semi soft Gaia BSM 1134 Keto Maxi Ecru-Mokka,Gaia,1
5900402342270, Biustonosz Soft Biustonosz Semi-Soft Model Keto 1134M Maxi Ecru/Mocca - Gaia ,Gaia,1,Biustonosz 1134M EMO,Gaia,1,Biustonosz semi soft Gaia BSM 1134 Keto Maxi Ecru-Mokka,Gaia,2
5900402343703, Biustonosz Soft Biustonosz Semi-Soft Model Melanie 1354M Green - Gaia ,Gaia,2,Biustonosz 1354M ZIE,Gaia,2,Biustonosz semi soft Gaia BSM 1354 Melanie Maxi,Gaia,2
5900402343727, Biustonosz Soft Biustonosz Semi-Soft Model Melanie 1354M Green - Gaia ,Gaia,2,Biustonosz 1354M ZIE,Gaia,2,Biustonosz semi soft Gaia BSM 1354 Melanie Maxi,Gaia,1
5900402343734, Biustonosz Soft Biustonosz Semi-Soft Model Melanie 1354M Green - Gaia ,Gaia,2,Biustonosz 1354M ZIE,Gaia,2,Biustonosz semi soft Gaia BSM 1354 Melanie Maxi,Gaia,2
5900402343765, Biustonosz Soft Biustonosz Semi-Soft Model Melanie 1354M Green - Gaia ,Gaia,1,Biustonosz 1354M ZIE,Gaia,1,Biustonosz semi soft Gaia BSM 1354 Melanie Maxi,Gaia,2
5900402343796, Biustonosz Soft Biustonosz Semi-Soft Model Melanie 1354M Green - Gaia ,Gaia,3,Biustonosz 1354M ZIE,Gaia,3,Biustonosz semi soft Gaia BSM 1354 Melanie Maxi,Gaia,1
5900402343826, Biustonosz Soft Biustonosz Semi-Soft Model Melanie 1354M Green - Gaia ,Gaia,0,Biustonosz 1354M ZIE,Gaia,0,Biustonosz semi soft Gaia BSM 1354 Melanie Maxi,Gaia,1
5900402343840, Biustonosz Soft Biustonosz Semi-Soft Model Melanie 1354M Green - Gaia ,Gaia,2,Biustonosz 1354M ZIE,Gaia,2,Biustonosz semi soft Gaia BSM 1354 Melanie Maxi,Gaia,2
5900402343888, Biustonosz Soft Biustonosz Semi-Soft Model Melanie 1354M Green - Gaia ,Gaia,2,Biustonosz 1354M ZIE,Gaia,2,Biustonosz semi soft Gaia BSM 1354 Melanie Maxi,Gaia,1
5900402343895, Biustonosz Soft Biustonosz Semi-Soft Model Melanie 1354M Green - Gaia ,Gaia,2,Biustonosz 1354M ZIE,Gaia,2,Biustonosz semi soft Gaia BSM 1354 Melanie Maxi,Gaia,1
5900402343901, Biustonosz Soft Biustonosz Semi-Soft Model Melanie 1354M Green - Gaia ,Gaia,2,Biustonosz 1354M ZIE,Gaia,2,Biustonosz semi soft Gaia BSM 1354 Melanie Maxi,Gaia,1
5900402343932, Biustonosz Soft Biustonosz Semi-Soft Model Melanie 1354M Green - Gaia ,Gaia,2,Biustonosz 1354M ZIE,Gaia,2,Biustonosz semi soft Gaia BSM 1354 Melanie Maxi,Gaia,1
5900402344977, Figi Brazyliany Model Cassandra 1355B Green - Gaia ,Gaia,2,Figi 1355B ZIE,Gaia,2,Figi Gaia GFB 1355 Cassandra Brazyliany S-2XL,Gaia,2
5900402344984, Figi Brazyliany Model Cassandra 1355B Green - Gaia ,Gaia,4,Figi 1355B ZIE,Gaia,5,Figi Gaia GFB 1355 Cassandra Brazyliany S-2XL,Gaia,4
5900402344991, Figi Brazyliany Model Cassandra 1355B Green - Gaia ,Gaia,3,Figi 1355B ZIE,Gaia,3,Figi Gaia GFB 1355 Cassandra Brazyliany S-2XL,Gaia,2
5900402345004, Figi Brazyliany Model Cassandra 1355B Green - Gaia ,Gaia,3,Figi 1355B ZIE,Gaia,3,Figi Gaia GFB 1355 Cassandra Brazyliany S-2XL,Gaia,1
5900402345011, Figi Brazyliany Model Cassandra 1355B Green - Gaia ,Gaia,2,Figi 1355B ZIE,Gaia,2,Figi Gaia GFB 1355 Cassandra Brazyliany S-2XL,Gaia,7
5900402345189, Figi Brazyliany Model Blanca 1363B Coral - Gaia ,Gaia,0,Figi 1363B KOR,Gaia,0,Figi Gaia GFB 1363 Blanca Brazyliany S-2XL,Gaia,2
5900402345219, Figi Brazyliany Model Blanca 1363B Coral - Gaia ,Gaia,3,Figi 1363B KOR,Gaia,3,Figi Gaia GFB 1363 Blanca Brazyliany S-2XL,Gaia,1
5900402346148, Figi Model Rosina 1349P Blue - Gaia ,Gaia,3,Figi 1349P NIE,Gaia,3,Figi Gaia GFP 1349 Rosina S-3XL,Gaia,3
5900402346179, Figi Model Rosina 1349P Blue - Gaia ,Gaia,4,Figi 1349P NIE,Gaia,4,Figi Gaia GFP 1349 Rosina S-3XL,Gaia,7
5900402346186, Figi Model Rosina 1349P Blue - Gaia ,Gaia,4,Figi 1349P NIE,Gaia,4,Figi Gaia GFP 1349 Rosina S-3XL,Gaia,2
5900402346209, Figi Model Rosina 1349P Blue - Gaia ,Gaia,5,Figi 1349P NIE,Gaia,5,Figi Gaia GFP 1349 Rosina S-3XL,Gaia,4
5900402346285, Figi Model Melanie 1354P Green - Gaia ,Gaia,0,Figi 1354P ZIE,Gaia,0,Figi Gaia GFP 1354 Melanie S-4XL,Gaia,8
5900402346315, Figi Model Melanie 1354P Green - Gaia ,Gaia,2,Figi 1354P ZIE,Gaia,2,Figi Gaia GFP 1354 Melanie S-4XL,Gaia,15
5900402346322, Figi Model Melanie 1354P Green - Gaia ,Gaia,3,Figi 1354P ZIE,Gaia,3,Figi Gaia GFP 1354 Melanie S-4XL,Gaia,7
5900402346346, Figi Model Melanie 1354P Green - Gaia ,Gaia,3,Figi 1354P ZIE,Gaia,3,Figi Gaia GFP 1354 Melanie S-4XL,Gaia,19
5900402346353, Figi Model 1356P Judith Ecru/Grey - Gaia ,Gaia,2,Figi 1356P ESZ,Gaia,2,Figi Gaia GFP 1356 Judith S-3XL,Gaia,3
5900402346360, Figi Model 1356P Judith Ecru/Grey - Gaia ,Gaia,0,Figi 1356P ESZ,Gaia,0,Figi Gaia GFP 1356 Judith S-3XL,Gaia,3
5900402346384, Figi Model 1356P Judith Ecru/Grey - Gaia ,Gaia,0,Figi 1356P ESZ,Gaia,0,Figi Gaia GFP 1356 Judith S-3XL,Gaia,4
5900402346391, Figi Model 1356P Judith Ecru/Grey - Gaia ,Gaia,0,Figi 1356P ESZ,Gaia,0,Figi Gaia GFP 1356 Judith S-3XL,Gaia,2
5900402346414, Figi Model 1356P Judith Ecru/Grey - Gaia ,Gaia,0,Figi 1356P ESZ,Gaia,0,Figi Gaia GFP 1356 Judith S-3XL,Gaia,5
5900402346421, Figi Model Imogen 1357P Pink - Gaia ,Gaia,0,Figi 1357P RÓŻ,Gaia,0,Figi Gaia GFP 1357 Imogen S-4XL,Gaia,2
5900402346452, Figi Model Imogen 1357P Pink - Gaia ,Gaia,3,Figi 1357P RÓŻ,Gaia,3,Figi Gaia GFP 1357 Imogen S-4XL,Gaia,2
5900402346469, Figi Model Imogen 1357P Pink - Gaia ,Gaia,4,Figi 1357P RÓŻ,Gaia,4,Figi Gaia GFP 1357 Imogen S-4XL,Gaia,2
5900402346483, Figi Model Imogen 1357P Pink - Gaia ,Gaia,4,Figi 1357P RÓŻ,Gaia,4,Figi Gaia GFP 1357 Imogen S-4XL,Gaia,2
5900402346711, Figi Model Roxanne 1362P Coral - Gaia ,Gaia,0,Figi 1362P KOR,Gaia,0,Figi Gaia GFP 1362 Roxanne S-3XL,Gaia,1
5900402346766, Figi Model Roxanne 1362P Coral - Gaia ,Gaia,2,Figi 1362P KOR,Gaia,2,Figi Gaia GFP 1362 Roxanne S-3XL,Gaia,1
5900402346926, Figi Model Calliope 1370P Pink/Blue - Gaia ,Gaia,1,Figi 1370P RNI,Gaia,1,Figi Gaia GFP 1370 Calliope S-4XL,Gaia,1
5900402346964, Figi Model Calliope 1370P Pink/Blue - Gaia ,Gaia,2,Figi 1370P RNI,Gaia,2,Figi Gaia GFP 1370 Calliope S-4XL,Gaia,2
5900402346971, Figi Model Calliope 1370P Pink/Blue - Gaia ,Gaia,0,Figi 1370P RNI,Gaia,0,Figi Gaia GFP 1370 Calliope S-4XL,Gaia,1
5900402347121, Figi Model Fatma 1374P Black - Gaia ,Gaia,0,Figi 1374P CMO,Gaia,0,Figi Gaia GFP 1374 Fatma S-4XL,Gaia,2
5900402347152, Figi Model Fatma 1374P Black - Gaia ,Gaia,0,Figi 1374P CMO,Gaia,0,Figi Gaia GFP 1374 Fatma S-4XL,Gaia,1
5900402722829, Biustonosz push up Biustonosz Usztywniany Model Moulded 1082 Beige - Gaia ,Gaia,4,Biustonosz 1082,Gaia,4,Biustonosz full cup Gaia BS 1082 Gaja,Gaia,2
5900402722874, Biustonosz push up Biustonosz Usztywniany Model Moulded 1082 Beige - Gaia ,Gaia,4,Biustonosz 1082,Gaia,4,Biustonosz full cup Gaia BS 1082 Gaja,Gaia,3
5900402722881, Biustonosz push up Biustonosz Usztywniany Model Moulded 1082 Beige - Gaia ,Gaia,6,Biustonosz 1082,Gaia,6,Biustonosz full cup Gaia BS 1082 Gaja,Gaia,1
5900402722898, Biustonosz push up Biustonosz Usztywniany Model Moulded 1082 Beige - Gaia ,Gaia,4,Biustonosz 1082,Gaia,4,Biustonosz full cup Gaia BS 1082 Gaja,Gaia,5
5900402722904, Biustonosz push up Biustonosz Usztywniany Model Moulded 1082 Beige - Gaia ,Gaia,5,Biustonosz 1082,Gaia,5,Biustonosz full cup Gaia BS 1082 Gaja,Gaia,3
5900402722911, Biustonosz push up Biustonosz Usztywniany Model Moulded 1082 Beige - Gaia ,Gaia,4,Biustonosz 1082,Gaia,4,Biustonosz full cup Gaia BS 1082 Gaja,Gaia,3
5900402722928, Biustonosz push up Biustonosz Usztywniany Model Moulded 1082 Beige - Gaia ,Gaia,1,Biustonosz 1082,Gaia,1,Biustonosz full cup Gaia BS 1082 Gaja,Gaia,5
5900402722959, Biustonosz push up Biustonosz Usztywniany Model Moulded 1082 Beige - Gaia ,Gaia,6,Biustonosz 1082,Gaia,6,Biustonosz full cup Gaia BS 1082 Gaja,Gaia,8
5900402722966, Biustonosz push up Biustonosz Usztywniany Model Moulded 1082 Beige - Gaia ,Gaia,1,Biustonosz 1082,Gaia,1,Biustonosz full cup Gaia BS 1082 Gaja,Gaia,2
5900402722973, Biustonosz push up Biustonosz Usztywniany Model Moulded 1082 Beige - Gaia ,Gaia,3,Biustonosz 1082,Gaia,3,Biustonosz full cup Gaia BS 1082 Gaja,Gaia,4
5900402722980, Biustonosz push up Biustonosz Usztywniany Model Moulded 1082 Beige - Gaia ,Gaia,4,Biustonosz 1082,Gaia,4,Biustonosz full cup Gaia BS 1082 Gaja,Gaia,6
5900402722997, Biustonosz push up Biustonosz Usztywniany Model Moulded 1082 Beige - Gaia ,Gaia,2,Biustonosz 1082,Gaia,2,Biustonosz full cup Gaia BS 1082 Gaja,Gaia,4
5900402723017, Biustonosz push up Biustonosz Usztywniany Model Moulded 1082 Beige - Gaia ,Gaia,0,Biustonosz 1082,Gaia,0,Biustonosz full cup Gaia BS 1082 Gaja,Gaia,1
5900402723024, Biustonosz push up Biustonosz Usztywniany Model Moulded 1082 Beige - Gaia ,Gaia,3,Biustonosz 1082,Gaia,3,Biustonosz full cup Gaia BS 1082 Gaja,Gaia,1
5900402723031, Biustonosz push up Biustonosz Usztywniany Model Moulded 1082 Beige - Gaia ,Gaia,4,Biustonosz 1082,Gaia,4,Biustonosz full cup Gaia BS 1082 Gaja,Gaia,10
5900402723048, Biustonosz push up Biustonosz Usztywniany Model Moulded 1082 Beige - Gaia ,Gaia,4,Biustonosz 1082,Gaia,4,Biustonosz full cup Gaia BS 1082 Gaja,Gaia,3
5900402723055, Biustonosz push up Biustonosz Usztywniany Model Moulded 1082 Beige - Gaia ,Gaia,3,Biustonosz 1082,Gaia,3,Biustonosz full cup Gaia BS 1082 Gaja,Gaia,8
5900402723062, Biustonosz push up Biustonosz Usztywniany Model Moulded 1082 Beige - Gaia ,Gaia,1,Biustonosz 1082,Gaia,1,Biustonosz full cup Gaia BS 1082 Gaja,Gaia,1
5900402723079, Biustonosz push up Biustonosz Usztywniany Model Moulded 1082 Beige - Gaia ,Gaia,7,Biustonosz 1082,Gaia,7,Biustonosz full cup Gaia BS 1082 Gaja,Gaia,4
5900402723086, Biustonosz push up Biustonosz Usztywniany Model Moulded 1082 Beige - Gaia ,Gaia,3,Biustonosz 1082,Gaia,3,Biustonosz full cup Gaia BS 1082 Gaja,Gaia,4
5900402723093, Biustonosz push up Biustonosz Usztywniany Model Moulded 1082 Beige - Gaia ,Gaia,2,Biustonosz 1082,Gaia,2,Biustonosz full cup Gaia BS 1082 Gaja,Gaia,2
5900402723109, Biustonosz push up Biustonosz Usztywniany Model Moulded 1082 Beige - Gaia ,Gaia,0,Biustonosz 1082,Gaia,0,Biustonosz full cup Gaia BS 1082 Gaja,Gaia,2
5900402723116, Biustonosz push up Biustonosz Usztywniany Model Moulded 1082 Beige - Gaia ,Gaia,4,Biustonosz 1082,Gaia,4,Biustonosz full cup Gaia BS 1082 Gaja,Gaia,5
5900402723222, Biustonosz push up Biustonosz Usztywniany Model Moulded 1082 Black - Gaia ,Gaia,3,Biustonosz 1082,Gaia,3,Biustonosz full cup Gaia BS 1082 Gaja,Gaia,2
5900402723239, Biustonosz push up Biustonosz Usztywniany Model Moulded 1082 Black - Gaia ,Gaia,2,Biustonosz 1082,Gaia,2,Biustonosz full cup Gaia BS 1082 Gaja,Gaia,3
5900402723246, Biustonosz push up Biustonosz Usztywniany Model Moulded 1082 Black - Gaia ,Gaia,2,Biustonosz 1082,Gaia,2,Biustonosz full cup Gaia BS 1082 Gaja,Gaia,3
5900402723277, Biustonosz push up Biustonosz Usztywniany Model Moulded 1082 Black - Gaia ,Gaia,2,Biustonosz 1082,Gaia,2,Biustonosz full cup Gaia BS 1082 Gaja,Gaia,5
5900402723284, Biustonosz push up Biustonosz Usztywniany Model Moulded 1082 Black - Gaia ,Gaia,2,Biustonosz 1082,Gaia,2,Biustonosz full cup Gaia BS 1082 Gaja,Gaia,4
5900402723291, Biustonosz push up Biustonosz Usztywniany Model Moulded 1082 Black - Gaia ,Gaia,2,Biustonosz 1082,Gaia,2,Biustonosz full cup Gaia BS 1082 Gaja,Gaia,1
5900402723307, Biustonosz push up Biustonosz Usztywniany Model Moulded 1082 Black - Gaia ,Gaia,1,Biustonosz 1082,Gaia,3,Biustonosz full cup Gaia BS 1082 Gaja,Gaia,4
5900402723314, Biustonosz push up Biustonosz Usztywniany Model Moulded 1082 Black - Gaia ,Gaia,3,Biustonosz 1082,Gaia,3,Biustonosz full cup Gaia BS 1082 Gaja,Gaia,2
5900402723321, Biustonosz push up Biustonosz Usztywniany Model Moulded 1082 Black - Gaia ,Gaia,3,Biustonosz 1082,Gaia,3,Biustonosz full cup Gaia BS 1082 Gaja,Gaia,2
5900402723352, Biustonosz push up Biustonosz Usztywniany Model Moulded 1082 Black - Gaia ,Gaia,3,Biustonosz 1082,Gaia,3,Biustonosz full cup Gaia BS 1082 Gaja,Gaia,2
5900402723369, Biustonosz push up Biustonosz Usztywniany Model Moulded 1082 Black - Gaia ,Gaia,1,Biustonosz 1082,Gaia,4,Biustonosz full cup Gaia BS 1082 Gaja,Gaia,5
5900402723376, Biustonosz push up Biustonosz Usztywniany Model Moulded 1082 Black - Gaia ,Gaia,0,Biustonosz 1082,Gaia,3,Biustonosz full cup Gaia BS 1082 Gaja,Gaia,6
5900402723383, Biustonosz push up Biustonosz Usztywniany Model Moulded 1082 Black - Gaia ,Gaia,4,Biustonosz 1082,Gaia,4,Biustonosz full cup Gaia BS 1082 Gaja,Gaia,3
5900402723390, Biustonosz push up Biustonosz Usztywniany Model Moulded 1082 Black - Gaia ,Gaia,3,Biustonosz 1082,Gaia,3,Biustonosz full cup Gaia BS 1082 Gaja,Gaia,3
5900402723406, Biustonosz push up Biustonosz Usztywniany Model Moulded 1082 Black - Gaia ,Gaia,0,Biustonosz 1082,Gaia,0,Biustonosz full cup Gaia BS 1082 Gaja,Gaia,3
5900402723420, Biustonosz push up Biustonosz Usztywniany Model Moulded 1082 Black - Gaia ,Gaia,2,Biustonosz 1082,Gaia,2,Biustonosz full cup Gaia BS 1082 Gaja,Gaia,6
5900402723437, Biustonosz push up Biustonosz Usztywniany Model Moulded 1082 Black - Gaia ,Gaia,0,Biustonosz 1082,Gaia,3,Biustonosz full cup Gaia BS 1082 Gaja,Gaia,6
5900402723444, Biustonosz push up Biustonosz Usztywniany Model Moulded 1082 Black - Gaia ,Gaia,2,Biustonosz 1082,Gaia,2,Biustonosz full cup Gaia BS 1082 Gaja,Gaia,5
5900402723451, Biustonosz push up Biustonosz Usztywniany Model Moulded 1082 Black - Gaia ,Gaia,4,Biustonosz 1082,Gaia,4,Biustonosz full cup Gaia BS 1082 Gaja,Gaia,5
5900402723468, Biustonosz push up Biustonosz Usztywniany Model Moulded 1082 Black - Gaia ,Gaia,3,Biustonosz 1082,Gaia,3,Biustonosz full cup Gaia BS 1082 Gaja,Gaia,4
5900402723475, Biustonosz push up Biustonosz Usztywniany Model Moulded 1082 Black - Gaia ,Gaia,2,Biustonosz 1082,Gaia,2,Biustonosz full cup Gaia BS 1082 Gaja,Gaia,1
5900402723482, Biustonosz push up Biustonosz Usztywniany Model Moulded 1082 Black - Gaia ,Gaia,3,Biustonosz 1082,Gaia,3,Biustonosz full cup Gaia BS 1082 Gaja,Gaia,2
5900402723499, Biustonosz push up Biustonosz Usztywniany Model Moulded 1082 Black - Gaia ,Gaia,3,Biustonosz 1082,Gaia,3,Biustonosz full cup Gaia BS 1082 Gaja,Gaia,3
5900402723505, Biustonosz push up Biustonosz Usztywniany Model Moulded 1082 Black - Gaia ,Gaia,2,Biustonosz 1082,Gaia,2,Biustonosz full cup Gaia BS 1082 Gaja,Gaia,3
5900402723512, Biustonosz push up Biustonosz Usztywniany Model Moulded 1082 Black - Gaia ,Gaia,2,Biustonosz 1082,Gaia,2,Biustonosz full cup Gaia BS 1082 Gaja,Gaia,3
5900402723529, Biustonosz push up Biustonosz Usztywniany Model Moulded 1082 Black - Gaia ,Gaia,2,Biustonosz 1082,Gaia,2,Biustonosz full cup Gaia BS 1082 Gaja,Gaia,2
5900402723536, Biustonosz push up Biustonosz Usztywniany Model Moulded 1082 Black - Gaia ,Gaia,3,Biustonosz 1082,Gaia,3,Biustonosz full cup Gaia BS 1082 Gaja,Gaia,3
5900402723635, Biustonosz push up Biustonosz Usztywniany Model Moulded 1082 Mocca - Gaia ,Gaia,2,Biustonosz 1082,Gaia,2,Biustonosz full cup Gaia BS 1082 Gaja,Gaia,3
5900402723642, Biustonosz push up Biustonosz Usztywniany Model Moulded 1082 Mocca - Gaia ,Gaia,2,Biustonosz 1082,Gaia,2,Biustonosz full cup Gaia BS 1082 Gaja,Gaia,1
5900402723659, Biustonosz push up Biustonosz Usztywniany Model Moulded 1082 Mocca - Gaia ,Gaia,1,Biustonosz 1082,Gaia,1,Biustonosz full cup Gaia BS 1082 Gaja,Gaia,1
5900402723680, Biustonosz push up Biustonosz Usztywniany Model Moulded 1082 Mocca - Gaia ,Gaia,1,Biustonosz 1082,Gaia,1,Biustonosz full cup Gaia BS 1082 Gaja,Gaia,5
5900402723697, Biustonosz push up Biustonosz Usztywniany Model Moulded 1082 Mocca - Gaia ,Gaia,1,Biustonosz 1082,Gaia,1,Biustonosz full cup Gaia BS 1082 Gaja,Gaia,5
5900402723703, Biustonosz push up Biustonosz Usztywniany Model Moulded 1082 Mocca - Gaia ,Gaia,3,Biustonosz 1082,Gaia,3,Biustonosz full cup Gaia BS 1082 Gaja,Gaia,4
5900402723710, Biustonosz push up Biustonosz Usztywniany Model Moulded 1082 Mocca - Gaia ,Gaia,2,Biustonosz 1082,Gaia,2,Biustonosz full cup Gaia BS 1082 Gaja,Gaia,4
5900402723727, Biustonosz push up Biustonosz Usztywniany Model Moulded 1082 Mocca - Gaia ,Gaia,3,Biustonosz 1082,Gaia,3,Biustonosz full cup Gaia BS 1082 Gaja,Gaia,5
5900402723734, Biustonosz push up Biustonosz Usztywniany Model Moulded 1082 Mocca - Gaia ,Gaia,2,Biustonosz 1082,Gaia,2,Biustonosz full cup Gaia BS 1082 Gaja,Gaia,2
5900402723765, Biustonosz push up Biustonosz Usztywniany Model Moulded 1082 Mocca - Gaia ,Gaia,2,Biustonosz 1082,Gaia,2,Biustonosz full cup Gaia BS 1082 Gaja,Gaia,1
5900402723772, Biustonosz push up Biustonosz Usztywniany Model Moulded 1082 Mocca - Gaia ,Gaia,1,Biustonosz 1082,Gaia,1,Biustonosz full cup Gaia BS 1082 Gaja,Gaia,4
5900402723789, Biustonosz push up Biustonosz Usztywniany Model Moulded 1082 Mocca - Gaia ,Gaia,1,Biustonosz 1082,Gaia,1,Biustonosz full cup Gaia BS 1082 Gaja,Gaia,2
5900402723796, Biustonosz push up Biustonosz Usztywniany Model Moulded 1082 Mocca - Gaia ,Gaia,2,Biustonosz 1082,Gaia,2,Biustonosz full cup Gaia BS 1082 Gaja,Gaia,1
5900402723802, Biustonosz push up Biustonosz Usztywniany Model Moulded 1082 Mocca - Gaia ,Gaia,1,Biustonosz 1082,Gaia,1,Biustonosz full cup Gaia BS 1082 Gaja,Gaia,3
5900402723819, Biustonosz push up Biustonosz Usztywniany Model Moulded 1082 Mocca - Gaia ,Gaia,0,Biustonosz 1082,Gaia,0,Biustonosz full cup Gaia BS 1082 Gaja,Gaia,2
5900402723840, Biustonosz push up Biustonosz Usztywniany Model Moulded 1082 Mocca - Gaia ,Gaia,2,Biustonosz 1082,Gaia,2,Biustonosz full cup Gaia BS 1082 Gaja,Gaia,6
5900402723857, Biustonosz push up Biustonosz Usztywniany Model Moulded 1082 Mocca - Gaia ,Gaia,2,Biustonosz 1082,Gaia,2,Biustonosz full cup Gaia BS 1082 Gaja,Gaia,1
5900402723864, Biustonosz push up Biustonosz Usztywniany Model Moulded 1082 Mocca - Gaia ,Gaia,3,Biustonosz 1082,Gaia,3,Biustonosz full cup Gaia BS 1082 Gaja,Gaia,6
5900402723871, Biustonosz push up Biustonosz Usztywniany Model Moulded 1082 Mocca - Gaia ,Gaia,2,Biustonosz 1082,Gaia,2,Biustonosz full cup Gaia BS 1082 Gaja,Gaia,4
5900402723895, Biustonosz push up Biustonosz Usztywniany Model Moulded 1082 Mocca - Gaia ,Gaia,3,Biustonosz 1082,Gaia,3,Biustonosz full cup Gaia BS 1082 Gaja,Gaia,5
5900402723901, Biustonosz push up Biustonosz Usztywniany Model Moulded 1082 Mocca - Gaia ,Gaia,3,Biustonosz 1082,Gaia,3,Biustonosz full cup Gaia BS 1082 Gaja,Gaia,8
5900402723918, Biustonosz push up Biustonosz Usztywniany Model Moulded 1082 Mocca - Gaia ,Gaia,2,Biustonosz 1082,Gaia,2,Biustonosz full cup Gaia BS 1082 Gaja,Gaia,1
5900402723925, Biustonosz push up Biustonosz Usztywniany Model Moulded 1082 Mocca - Gaia ,Gaia,1,Biustonosz 1082,Gaia,1,Biustonosz full cup Gaia BS 1082 Gaja,Gaia,3
5900402723932, Biustonosz push up Biustonosz Usztywniany Model Moulded 1082 Mocca - Gaia ,Gaia,3,Biustonosz 1082,Gaia,3,Biustonosz full cup Gaia BS 1082 Gaja,Gaia,4
5900402723949, Biustonosz push up Biustonosz Usztywniany Model Moulded 1082 Mocca - Gaia ,Gaia,3,Biustonosz 1082,Gaia,3,Biustonosz full cup Gaia BS 1082 Gaja,Gaia,7
5900402776051, Biustonosz Soft Biustonosz Semi-Soft Model Sonia 1058 Beige - Gaia ,Gaia,20,Biustonosz 1058,Gaia,20,Biustonosz semi soft Gaia BS 1058 Sonia,Gaia,30
5900402776068, Biustonosz Soft Biustonosz Semi-Soft Model Sonia 1058 Beige - Gaia ,Gaia,14,Biustonosz 1058,Gaia,19,Biustonosz semi soft Gaia BS 1058 Sonia,Gaia,33
5900402776075, Biustonosz Soft Biustonosz Semi-Soft Model Sonia 1058 Beige - Gaia ,Gaia,15,Biustonosz 1058,Gaia,20,Biustonosz semi soft Gaia BS 1058 Sonia,Gaia,32
5900402776082, Biustonosz Soft Biustonosz Semi-Soft Model Sonia 1058 Beige - Gaia ,Gaia,9,Biustonosz 1058,Gaia,14,Biustonosz semi soft Gaia BS 1058 Sonia,Gaia,33
5900402776129, Biustonosz Soft Biustonosz Semi-Soft Model Sonia 1058 Beige - Gaia ,Gaia,23,Biustonosz 1058,Gaia,23,Biustonosz semi soft Gaia BS 1058 Sonia,Gaia,47
5900402776136, Biustonosz Soft Biustonosz Semi-Soft Model Sonia 1058 Beige - Gaia ,Gaia,23,Biustonosz 1058,Gaia,33,Biustonosz semi soft Gaia BS 1058 Sonia,Gaia,41
5900402776143, Biustonosz Soft Biustonosz Semi-Soft Model Sonia 1058 Beige - Gaia ,Gaia,19,Biustonosz 1058,Gaia,29,Biustonosz semi soft Gaia BS 1058 Sonia,Gaia,50
5900402776150, Biustonosz Soft Biustonosz Semi-Soft Model Sonia 1058 Beige - Gaia ,Gaia,12,Biustonosz 1058,Gaia,22,Biustonosz semi soft Gaia BS 1058 Sonia,Gaia,50
5900402776167, Biustonosz Soft Biustonosz Semi-Soft Model Sonia 1058 Beige - Gaia ,Gaia,11,Biustonosz 1058,Gaia,16,Biustonosz semi soft Gaia BS 1058 Sonia,Gaia,31
5900402776174, Biustonosz Soft Biustonosz Semi-Soft Model Sonia 1058 Beige - Gaia ,Gaia,4,Biustonosz 1058,Gaia,9,Biustonosz semi soft Gaia BS 1058 Sonia,Gaia,22
5900402776198, Biustonosz Soft Biustonosz Semi-Soft Model Sonia 1058 Beige - Gaia ,Gaia,24,Biustonosz 1058,Gaia,29,Biustonosz semi soft Gaia BS 1058 Sonia,Gaia,49
5900402776204, Biustonosz Soft Biustonosz Semi-Soft Model Sonia 1058 Beige - Gaia ,Gaia,22,Biustonosz 1058,Gaia,32,Biustonosz semi soft Gaia BS 1058 Sonia,Gaia,52
5900402776211, Biustonosz Soft Biustonosz Semi-Soft Model Sonia 1058 Beige - Gaia ,Gaia,24,Biustonosz 1058,Gaia,32,Biustonosz semi soft Gaia BS 1058 Sonia,Gaia,62
5900402776228, Biustonosz Soft Biustonosz Semi-Soft Model Sonia 1058 Beige - Gaia ,Gaia,16,Biustonosz 1058,Gaia,20,Biustonosz semi soft Gaia BS 1058 Sonia,Gaia,53
5900402776235, Biustonosz Soft Biustonosz Semi-Soft Model Sonia 1058 Beige - Gaia ,Gaia,6,Biustonosz 1058,Gaia,10,Biustonosz semi soft Gaia BS 1058 Sonia,Gaia,33
5900402776259, Biustonosz Soft Biustonosz Semi-Soft Model Sonia 1058 Beige - Gaia ,Gaia,16,Biustonosz 1058,Gaia,26,Biustonosz semi soft Gaia BS 1058 Sonia,Gaia,43
5900402776266, Biustonosz Soft Biustonosz Semi-Soft Model Sonia 1058 Beige - Gaia ,Gaia,18,Biustonosz 1058,Gaia,28,Biustonosz semi soft Gaia BS 1058 Sonia,Gaia,46
5900402776273, Biustonosz Soft Biustonosz Semi-Soft Model Sonia 1058 Beige - Gaia ,Gaia,10,Biustonosz 1058,Gaia,18,Biustonosz semi soft Gaia BS 1058 Sonia,Gaia,43
5900402776280, Biustonosz Soft Biustonosz Semi-Soft Model Sonia 1058 Beige - Gaia ,Gaia,9,Biustonosz 1058,Gaia,14,Biustonosz semi soft Gaia BS 1058 Sonia,Gaia,36
5900402776303, Biustonosz Soft Biustonosz Semi-Soft Model Sonia 1058 Beige - Gaia ,Gaia,20,Biustonosz 1058,Gaia,24,Biustonosz semi soft Gaia BS 1058 Sonia,Gaia,39
5900402776310, Biustonosz Soft Biustonosz Semi-Soft Model Sonia 1058 Beige - Gaia ,Gaia,19,Biustonosz 1058,Gaia,23,Biustonosz semi soft Gaia BS 1058 Sonia,Gaia,45
5900402776327, Biustonosz Soft Biustonosz Semi-Soft Model Sonia 1058 Beige - Gaia ,Gaia,12,Biustonosz 1058,Gaia,17,Biustonosz semi soft Gaia BS 1058 Sonia,Gaia,37
5900402776488, Biustonosz Soft Biustonosz Semi-Soft Model 1058 Sonia Black - Gaia ,Gaia,3,Biustonosz 1058,Gaia,3,Biustonosz semi soft Gaia BS 1058 Sonia,Gaia,1
5900402776495, Biustonosz Soft Biustonosz Semi-Soft Model 1058 Sonia Black - Gaia ,Gaia,4,Biustonosz 1058,Gaia,4,Biustonosz semi soft Gaia BS 1058 Sonia,Gaia,1
5900402776518, Biustonosz Soft Biustonosz Semi-Soft Model 1058 Sonia Black - Gaia ,Gaia,2,Biustonosz 1058,Gaia,2,Biustonosz semi soft Gaia BS 1058 Sonia,Gaia,1
5900402776549, Biustonosz Soft Biustonosz Semi-Soft Model 1058 Sonia Black - Gaia ,Gaia,6,Biustonosz 1058,Gaia,6,Biustonosz semi soft Gaia BS 1058 Sonia,Gaia,5
5900402776556, Biustonosz Soft Biustonosz Semi-Soft Model 1058 Sonia Black - Gaia ,Gaia,6,Biustonosz 1058,Gaia,6,Biustonosz semi soft Gaia BS 1058 Sonia,Gaia,6
5900402776563, Biustonosz Soft Biustonosz Semi-Soft Model 1058 Sonia Black - Gaia ,Gaia,0,Biustonosz 1058,Gaia,0,Biustonosz semi soft Gaia BS 1058 Sonia,Gaia,1
5900402776570, Biustonosz Soft Biustonosz Semi-Soft Model 1058 Sonia Black - Gaia ,Gaia,3,Biustonosz 1058,Gaia,3,Biustonosz semi soft Gaia BS 1058 Sonia,Gaia,1
5900402776587, Biustonosz Soft Biustonosz Semi-Soft Model 1058 Sonia Black - Gaia ,Gaia,3,Biustonosz 1058,Gaia,3,Biustonosz semi soft Gaia BS 1058 Sonia,Gaia,1
5900402776594, Biustonosz Soft Biustonosz Semi-Soft Model 1058 Sonia Black - Gaia ,Gaia,2,Biustonosz 1058,Gaia,1,Biustonosz semi soft Gaia BS 1058 Sonia,Gaia,1
5900402776617, Biustonosz Soft Biustonosz Semi-Soft Model 1058 Sonia Black - Gaia ,Gaia,9,Biustonosz 1058,Gaia,9,Biustonosz semi soft Gaia BS 1058 Sonia,Gaia,3
5900402776624, Biustonosz Soft Biustonosz Semi-Soft Model 1058 Sonia Black - Gaia ,Gaia,16,Biustonosz 1058,Gaia,16,Biustonosz semi soft Gaia BS 1058 Sonia,Gaia,16
5900402776631, Biustonosz Soft Biustonosz Semi-Soft Model 1058 Sonia Black - Gaia ,Gaia,13,Biustonosz 1058,Gaia,13,Biustonosz semi soft Gaia BS 1058 Sonia,Gaia,8
5900402776648, Biustonosz Soft Biustonosz Semi-Soft Model 1058 Sonia Black - Gaia ,Gaia,5,Biustonosz 1058,Gaia,4,Biustonosz semi soft Gaia BS 1058 Sonia,Gaia,1
5900402776655, Biustonosz Soft Biustonosz Semi-Soft Model 1058 Sonia Black - Gaia ,Gaia,11,Biustonosz 1058,Gaia,11,Biustonosz semi soft Gaia BS 1058 Sonia,Gaia,5
5900402776662, Biustonosz Soft Biustonosz Semi-Soft Model 1058 Sonia Black - Gaia ,Gaia,4,Biustonosz 1058,Gaia,4,Biustonosz semi soft Gaia BS 1058 Sonia,Gaia,4
5900402776679, Biustonosz Soft Biustonosz Semi-Soft Model 1058 Sonia Black - Gaia ,Gaia,3,Biustonosz 1058,Gaia,3,Biustonosz semi soft Gaia BS 1058 Sonia,Gaia,1
5900402776686, Biustonosz Soft Biustonosz Semi-Soft Model 1058 Sonia Black - Gaia ,Gaia,4,Biustonosz 1058,Gaia,4,Biustonosz semi soft Gaia BS 1058 Sonia,Gaia,2
5900402776693, Biustonosz Soft Biustonosz Semi-Soft Model 1058 Sonia Black - Gaia ,Gaia,14,Biustonosz 1058,Gaia,13,Biustonosz semi soft Gaia BS 1058 Sonia,Gaia,1
5900402776709, Biustonosz Soft Biustonosz Semi-Soft Model 1058 Sonia Black - Gaia ,Gaia,7,Biustonosz 1058,Gaia,7,Biustonosz semi soft Gaia BS 1058 Sonia,Gaia,1
5900402776716, Biustonosz Soft Biustonosz Semi-Soft Model 1058 Sonia Black - Gaia ,Gaia,4,Biustonosz 1058,Gaia,4,Biustonosz semi soft Gaia BS 1058 Sonia,Gaia,1
5900402776723, Biustonosz Soft Biustonosz Semi-Soft Model 1058 Sonia Black - Gaia ,Gaia,11,Biustonosz 1058,Gaia,11,Biustonosz semi soft Gaia BS 1058 Sonia,Gaia,3
5900402776730, Biustonosz Soft Biustonosz Semi-Soft Model 1058 Sonia Black - Gaia ,Gaia,6,Biustonosz 1058,Gaia,6,Biustonosz semi soft Gaia BS 1058 Sonia,Gaia,1
5900402776747, Biustonosz Soft Biustonosz Semi-Soft Model 1058 Sonia Black - Gaia ,Gaia,10,Biustonosz 1058,Gaia,10,Biustonosz semi soft Gaia BS 1058 Sonia,Gaia,4
5900402776754, Biustonosz Soft Biustonosz Semi-Soft Model 1058 Sonia Black - Gaia ,Gaia,3,Biustonosz 1058,Gaia,3,Biustonosz semi soft Gaia BS 1058 Sonia,Gaia,2
5900402776761, Biustonosz Soft Biustonosz Semi-Soft Model 1058 Sonia Black - Gaia ,Gaia,7,Biustonosz 1058,Gaia,7,Biustonosz semi soft Gaia BS 1058 Sonia,Gaia,1
5900402776778, Biustonosz Soft Biustonosz Semi-Soft Model 1058 Sonia Black - Gaia ,Gaia,4,Biustonosz 1058,Gaia,3,Biustonosz semi soft Gaia BS 1058 Sonia,Gaia,1
5900402776785, Biustonosz Soft Biustonosz Semi-Soft Model 1058 Sonia Black - Gaia ,Gaia,2,Biustonosz 1058,Gaia,2,Biustonosz semi soft Gaia BS 1058 Sonia,Gaia,4
5900402776792, Biustonosz Soft Biustonosz Semi-Soft Model 1058 Sonia Black - Gaia ,Gaia,8,Biustonosz 1058,Gaia,8,Biustonosz semi soft Gaia BS 1058 Sonia,Gaia,5
5900402776808, Biustonosz Soft Biustonosz Semi-Soft Model 1058 Sonia Black - Gaia ,Gaia,7,Biustonosz 1058,Gaia,4,Biustonosz semi soft Gaia BS 1058 Sonia,Gaia,2
5900402776815, Biustonosz Soft Biustonosz Semi-Soft Model 1058 Sonia Black - Gaia ,Gaia,5,Biustonosz 1058,Gaia,5,Biustonosz semi soft Gaia BS 1058 Sonia,Gaia,4
5900402776822, Biustonosz Soft Biustonosz Semi-Soft Model 1058 Sonia Black - Gaia ,Gaia,3,Biustonosz 1058,Gaia,2,Biustonosz semi soft Gaia BS 1058 Sonia,Gaia,2
5900402785022, Biustonosz Soft Biustonosz Semi-Soft Model Keto 1134 Black - Gaia ,Gaia,3,Biustonosz 1134,Gaia,3,Biustonosz semi soft Gaia BS 1134 Keto czarny,Gaia,1
5900402785039, Biustonosz Soft Biustonosz Semi-Soft Model Keto 1134 Black - Gaia ,Gaia,2,Biustonosz 1134,Gaia,2,Biustonosz semi soft Gaia BS 1134 Keto czarny,Gaia,1
5900402785046, Biustonosz Soft Biustonosz Semi-Soft Model Keto 1134 Black - Gaia ,Gaia,0,Biustonosz 1134,Gaia,0,Biustonosz semi soft Gaia BS 1134 Keto czarny,Gaia,1
5900402785107, Biustonosz Soft Biustonosz Semi-Soft Model Keto 1134 Black - Gaia ,Gaia,2,Biustonosz 1134,Gaia,2,Biustonosz semi soft Gaia BS 1134 Keto czarny,Gaia,1
5900402785114, Biustonosz Soft Biustonosz Semi-Soft Model Keto 1134 Black - Gaia ,Gaia,0,Biustonosz 1134,Gaia,0,Biustonosz semi soft Gaia BS 1134 Keto czarny,Gaia,1
5900402785138, Biustonosz Soft Biustonosz Semi-Soft Model Keto 1134 Black - Gaia ,Gaia,2,Biustonosz 1134,Gaia,2,Biustonosz semi soft Gaia BS 1134 Keto czarny,Gaia,2
5900402785145, Biustonosz Soft Biustonosz Semi-Soft Model Keto 1134 Black - Gaia ,Gaia,2,Biustonosz 1134,Gaia,2,Biustonosz semi soft Gaia BS 1134 Keto czarny,Gaia,1
5900402785176, Biustonosz Soft Biustonosz Semi-Soft Model Keto 1134 Black - Gaia ,Gaia,7,Biustonosz 1134,Gaia,7,Biustonosz semi soft Gaia BS 1134 Keto czarny,Gaia,1
5900402785183, Biustonosz Soft Biustonosz Semi-Soft Model Keto 1134 Black - Gaia ,Gaia,0,Biustonosz 1134,Gaia,0,Biustonosz semi soft Gaia BS 1134 Keto czarny,Gaia,1
5900402785190, Biustonosz Soft Biustonosz Semi-Soft Model Keto 1134 Black - Gaia ,Gaia,2,Biustonosz 1134,Gaia,1,Biustonosz semi soft Gaia BS 1134 Keto czarny,Gaia,1
5900402785206, Biustonosz Soft Biustonosz Semi-Soft Model Keto 1134 Black - Gaia ,Gaia,4,Biustonosz 1134,Gaia,4,Biustonosz semi soft Gaia BS 1134 Keto czarny,Gaia,1
5900402785213, Biustonosz Soft Biustonosz Semi-Soft Model Keto 1134 Black - Gaia ,Gaia,2,Biustonosz 1134,Gaia,2,Biustonosz semi soft Gaia BS 1134 Keto czarny,Gaia,2
5900402785244, Biustonosz Soft Biustonosz Semi-Soft Model Keto 1134 Black - Gaia ,Gaia,5,Biustonosz 1134,Gaia,5,Biustonosz semi soft Gaia BS 1134 Keto czarny,Gaia,1
5900402785251, Biustonosz Soft Biustonosz Semi-Soft Model Keto 1134 Black - Gaia ,Gaia,0,Biustonosz 1134,Gaia,0,Biustonosz semi soft Gaia BS 1134 Keto czarny,Gaia,1
5900402785268, Biustonosz Soft Biustonosz Semi-Soft Model Keto 1134 Black - Gaia ,Gaia,3,Biustonosz 1134,Gaia,3,Biustonosz semi soft Gaia BS 1134 Keto czarny,Gaia,1
5900402785275, Biustonosz Soft Biustonosz Semi-Soft Model Keto 1134 Black - Gaia ,Gaia,0,Biustonosz 1134,Gaia,0,Biustonosz semi soft Gaia BS 1134 Keto czarny,Gaia,1
5900402785282, Biustonosz Soft Biustonosz Semi-Soft Model Keto 1134 Black - Gaia ,Gaia,4,Biustonosz 1134,Gaia,4,Biustonosz semi soft Gaia BS 1134 Keto czarny,Gaia,4
5900402785299, Biustonosz Soft Biustonosz Semi-Soft Model Keto 1134 Black - Gaia ,Gaia,2,Biustonosz 1134,Gaia,2,Biustonosz semi soft Gaia BS 1134 Keto czarny,Gaia,3
5900402785305, Biustonosz Soft Biustonosz Semi-Soft Model Keto 1134 Black - Gaia ,Gaia,5,Biustonosz 1134,Gaia,5,Biustonosz semi soft Gaia BS 1134 Keto czarny,Gaia,1
5900402785312, Biustonosz Soft Biustonosz Semi-Soft Model Keto 1134 Black - Gaia ,Gaia,1,Biustonosz 1134,Gaia,1,Biustonosz semi soft Gaia BS 1134 Keto czarny,Gaia,1
5900402785329, Biustonosz Soft Biustonosz Semi-Soft Model Keto 1134 Black - Gaia ,Gaia,10,Biustonosz 1134,Gaia,10,Biustonosz semi soft Gaia BS 1134 Keto czarny,Gaia,1
5900402785336, Biustonosz Soft Biustonosz Semi-Soft Model Keto 1134 Black - Gaia ,Gaia,9,Biustonosz 1134,Gaia,9,Biustonosz semi soft Gaia BS 1134 Keto czarny,Gaia,4
5900402785343, Biustonosz Soft Biustonosz Semi-Soft Model Keto 1134 Black - Gaia ,Gaia,5,Biustonosz 1134,Gaia,5,Biustonosz semi soft Gaia BS 1134 Keto czarny,Gaia,9
5900402785350, Biustonosz Soft Biustonosz Semi-Soft Model Keto 1134 Black - Gaia ,Gaia,4,Biustonosz 1134,Gaia,4,Biustonosz semi soft Gaia BS 1134 Keto czarny,Gaia,2
5900402785367, Biustonosz Soft Biustonosz Semi-Soft Model Keto 1134 Black - Gaia ,Gaia,2,Biustonosz 1134,Gaia,2,Biustonosz semi soft Gaia BS 1134 Keto czarny,Gaia,2
5900402785374, Biustonosz Soft Biustonosz Semi-Soft Model Keto 1134 Black - Gaia ,Gaia,3,Biustonosz 1134,Gaia,3,Biustonosz semi soft Gaia BS 1134 Keto czarny,Gaia,3
5900402785381, Biustonosz Soft Biustonosz Semi-Soft Model Keto 1134 Black - Gaia ,Gaia,0,Biustonosz 1134,Gaia,0,Biustonosz semi soft Gaia BS 1134 Keto czarny,Gaia,1
5900402785411, Biustonosz Soft Biustonosz Semi-Soft Model Keto 1134 Black - Gaia ,Gaia,4,Biustonosz 1134,Gaia,4,Biustonosz semi soft Gaia BS 1134 Keto czarny,Gaia,3
5900402785428, Biustonosz Soft Biustonosz Semi-Soft Model Keto 1134 Black - Gaia ,Gaia,0,Biustonosz 1134,Gaia,0,Biustonosz semi soft Gaia BS 1134 Keto czarny,Gaia,1
5900402785435, Biustonosz Soft Biustonosz Semi-Soft Model Keto 1134 Black - Gaia ,Gaia,5,Biustonosz 1134,Gaia,5,Biustonosz semi soft Gaia BS 1134 Keto czarny,Gaia,1
5900402785442, Biustonosz Soft Biustonosz Semi-Soft Model Keto 1134 Black - Gaia ,Gaia,2,Biustonosz 1134,Gaia,2,Biustonosz semi soft Gaia BS 1134 Keto czarny,Gaia,1
5900402785459, Figi Model 1134P Keto Black - Gaia ,Gaia,0,Figi 1134P,Gaia,0,Figi Gaia GFP 1134 Keto S-3XL,Gaia,1
5900402785466, Figi Model 1134P Keto Black - Gaia ,Gaia,2,Figi 1134P,Gaia,2,Figi Gaia GFP 1134 Keto S-3XL,Gaia,2
5900402785473, Figi Model 1134P Keto Black - Gaia ,Gaia,5,Figi 1134P,Gaia,5,Figi Gaia GFP 1134 Keto S-3XL,Gaia,2
5900402785480, Figi Model 1134P Keto Black - Gaia ,Gaia,4,Figi 1134P,Gaia,4,Figi Gaia GFP 1134 Keto S-3XL,Gaia,3
5900402785497, Figi Model 1134P Keto Black - Gaia ,Gaia,3,Figi 1134P,Gaia,3,Figi Gaia GFP 1134 Keto S-3XL,Gaia,4
5900402785527, Biustonosz Soft Model 1135 Nike Black - Gaia ,Gaia,3,Biustonosz 1135,Gaia,3,Biustonosz soft Gaia BS 1135 Nike,Gaia,2
5900402785541, Biustonosz Soft Model 1135 Nike Black - Gaia ,Gaia,1,Biustonosz 1135,Gaia,1,Biustonosz soft Gaia BS 1135 Nike,Gaia,2
5900402785596, Biustonosz Soft Model 1135 Nike Black - Gaia ,Gaia,1,Biustonosz 1135,Gaia,1,Biustonosz soft Gaia BS 1135 Nike,Gaia,1
5900402785626, Biustonosz Soft Model 1135 Nike Black - Gaia ,Gaia,0,Biustonosz 1135,Gaia,0,Biustonosz soft Gaia BS 1135 Nike,Gaia,1
5900402785664, Biustonosz Soft Model 1135 Nike Black - Gaia ,Gaia,1,Biustonosz 1135,Gaia,1,Biustonosz soft Gaia BS 1135 Nike,Gaia,1
5900402785671, Biustonosz Soft Model 1135 Nike Black - Gaia ,Gaia,3,Biustonosz 1135,Gaia,3,Biustonosz soft Gaia BS 1135 Nike,Gaia,2
5900402785688, Biustonosz Soft Model 1135 Nike Black - Gaia ,Gaia,1,Biustonosz 1135,Gaia,1,Biustonosz soft Gaia BS 1135 Nike,Gaia,3
5900402785695, Biustonosz Soft Model 1135 Nike Black - Gaia ,Gaia,0,Biustonosz 1135,Gaia,0,Biustonosz soft Gaia BS 1135 Nike,Gaia,3
5900402785701, Biustonosz Soft Model 1135 Nike Black - Gaia ,Gaia,0,Biustonosz 1135,Gaia,0,Biustonosz soft Gaia BS 1135 Nike,Gaia,2
5900402785725, Biustonosz Soft Model 1135 Nike Black - Gaia ,Gaia,1,Biustonosz 1135,Gaia,1,Biustonosz soft Gaia BS 1135 Nike,Gaia,3
5900402785749, Biustonosz Soft Model 1135 Nike Black - Gaia ,Gaia,4,Biustonosz 1135,Gaia,4,Biustonosz soft Gaia BS 1135 Nike,Gaia,3
5900402785756, Biustonosz Soft Model 1135 Nike Black - Gaia ,Gaia,2,Biustonosz 1135,Gaia,2,Biustonosz soft Gaia BS 1135 Nike,Gaia,2
5900402785763, Biustonosz Soft Model 1135 Nike Black - Gaia ,Gaia,1,Biustonosz 1135,Gaia,1,Biustonosz soft Gaia BS 1135 Nike,Gaia,2
5900402785770, Biustonosz Soft Model 1135 Nike Black - Gaia ,Gaia,0,Biustonosz 1135,Gaia,0,Biustonosz soft Gaia BS 1135 Nike,Gaia,4
5900402785787, Biustonosz Soft Model 1135 Nike Black - Gaia ,Gaia,2,Biustonosz 1135,Gaia,2,Biustonosz soft Gaia BS 1135 Nike,Gaia,3
5900402785800, Biustonosz Soft Model 1135 Nike Black - Gaia ,Gaia,4,Biustonosz 1135,Gaia,4,Biustonosz soft Gaia BS 1135 Nike,Gaia,1
5900402785817, Biustonosz Soft Model 1135 Nike Black - Gaia ,Gaia,0,Biustonosz 1135,Gaia,0,Biustonosz soft Gaia BS 1135 Nike,Gaia,3
5900402785824, Biustonosz Soft Model 1135 Nike Black - Gaia ,Gaia,1,Biustonosz 1135,Gaia,1,Biustonosz soft Gaia BS 1135 Nike,Gaia,1
5900402785831, Biustonosz Soft Model 1135 Nike Black - Gaia ,Gaia,0,Biustonosz 1135,Gaia,0,Biustonosz soft Gaia BS 1135 Nike,Gaia,4
5900402785848, Biustonosz Soft Model 1135 Nike Black - Gaia ,Gaia,1,Biustonosz 1135,Gaia,1,Biustonosz soft Gaia BS 1135 Nike,Gaia,6
5900402785855, Biustonosz Soft Model 1135 Nike Black - Gaia ,Gaia,0,Biustonosz 1135,Gaia,0,Biustonosz soft Gaia BS 1135 Nike,Gaia,4
5900402785862, Biustonosz Soft Model 1135 Nike Black - Gaia ,Gaia,2,Biustonosz 1135,Gaia,2,Biustonosz soft Gaia BS 1135 Nike,Gaia,2
5900402785879, Biustonosz Soft Model 1135 Nike Black - Gaia ,Gaia,1,Biustonosz 1135,Gaia,1,Biustonosz soft Gaia BS 1135 Nike,Gaia,2
5900402785886, Biustonosz Soft Model 1135 Nike Black - Gaia ,Gaia,0,Biustonosz 1135,Gaia,0,Biustonosz soft Gaia BS 1135 Nike,Gaia,3
5900402785893, Biustonosz Soft Model 1135 Nike Black - Gaia ,Gaia,4,Biustonosz 1135,Gaia,4,Biustonosz soft Gaia BS 1135 Nike,Gaia,3
5900402785916, Biustonosz Soft Model 1135 Nike Black - Gaia ,Gaia,1,Biustonosz 1135,Gaia,1,Biustonosz soft Gaia BS 1135 Nike,Gaia,2
5900402785923, Biustonosz Soft Model 1135 Nike Black - Gaia ,Gaia,2,Biustonosz 1135,Gaia,2,Biustonosz soft Gaia BS 1135 Nike,Gaia,2
5900402785930, Biustonosz Soft Model 1135 Nike Black - Gaia ,Gaia,0,Biustonosz 1135,Gaia,0,Biustonosz soft Gaia BS 1135 Nike,Gaia,5
5900402785947, Biustonosz Soft Model 1135 Nike Black - Gaia ,Gaia,1,Biustonosz 1135,Gaia,1,Biustonosz soft Gaia BS 1135 Nike,Gaia,2
5900402869579, Biustonosz Soft Model Nike 1135 White - Gaia ,Gaia,3,Biustonosz 1135,Gaia,3,Biustonosz soft Gaia BS 1135 Nike,Gaia,4
5900402869586, Biustonosz Soft Model Nike 1135 White - Gaia ,Gaia,1,Biustonosz 1135,Gaia,1,Biustonosz soft Gaia BS 1135 Nike,Gaia,2
5900402869593, Biustonosz Soft Model Nike 1135 White - Gaia ,Gaia,3,Biustonosz 1135,Gaia,2,Biustonosz soft Gaia BS 1135 Nike,Gaia,3
5900402869609, Biustonosz Soft Model Nike 1135 White - Gaia ,Gaia,1,Biustonosz 1135,Gaia,1,Biustonosz soft Gaia BS 1135 Nike,Gaia,3
5900402869630, Biustonosz Soft Model Nike 1135 White - Gaia ,Gaia,4,Biustonosz 1135,Gaia,4,Biustonosz soft Gaia BS 1135 Nike,Gaia,4
5900402869647, Biustonosz Soft Model Nike 1135 White - Gaia ,Gaia,4,Biustonosz 1135,Gaia,4,Biustonosz soft Gaia BS 1135 Nike,Gaia,2
5900402869654, Biustonosz Soft Model Nike 1135 White - Gaia ,Gaia,3,Biustonosz 1135,Gaia,3,Biustonosz soft Gaia BS 1135 Nike,Gaia,4
5900402869661, Biustonosz Soft Model Nike 1135 White - Gaia ,Gaia,2,Biustonosz 1135,Gaia,2,Biustonosz soft Gaia BS 1135 Nike,Gaia,1
5900402869678, Biustonosz Soft Model Nike 1135 White - Gaia ,Gaia,3,Biustonosz 1135,Gaia,3,Biustonosz soft Gaia BS 1135 Nike,Gaia,5
5900402869685, Biustonosz Soft Model Nike 1135 White - Gaia ,Gaia,1,Biustonosz 1135,Gaia,1,Biustonosz soft Gaia BS 1135 Nike,Gaia,4
5900402869708, Biustonosz Soft Model Nike 1135 White - Gaia ,Gaia,2,Biustonosz 1135,Gaia,2,Biustonosz soft Gaia BS 1135 Nike,Gaia,4
5900402869715, Biustonosz Soft Model Nike 1135 White - Gaia ,Gaia,3,Biustonosz 1135,Gaia,3,Biustonosz soft Gaia BS 1135 Nike,Gaia,1
5900402869722, Biustonosz Soft Model Nike 1135 White - Gaia ,Gaia,5,Biustonosz 1135,Gaia,5,Biustonosz soft Gaia BS 1135 Nike,Gaia,3
5900402869739, Biustonosz Soft Model Nike 1135 White - Gaia ,Gaia,5,Biustonosz 1135,Gaia,5,Biustonosz soft Gaia BS 1135 Nike,Gaia,5
5900402869746, Biustonosz Soft Model Nike 1135 White - Gaia ,Gaia,4,Biustonosz 1135,Gaia,4,Biustonosz soft Gaia BS 1135 Nike,Gaia,4
5900402869753, Biustonosz Soft Model Nike 1135 White - Gaia ,Gaia,2,Biustonosz 1135,Gaia,2,Biustonosz soft Gaia BS 1135 Nike,Gaia,3
5900402869760, Biustonosz Soft Model Nike 1135 White - Gaia ,Gaia,2,Biustonosz 1135,Gaia,2,Biustonosz soft Gaia BS 1135 Nike,Gaia,1
5900402869791, Biustonosz Soft Model Nike 1135 White - Gaia ,Gaia,5,Biustonosz 1135,Gaia,5,Biustonosz soft Gaia BS 1135 Nike,Gaia,2
5900402869807, Biustonosz Soft Model Nike 1135 White - Gaia ,Gaia,4,Biustonosz 1135,Gaia,4,Biustonosz soft Gaia BS 1135 Nike,Gaia,2
5900402869814, Biustonosz Soft Model Nike 1135 White - Gaia ,Gaia,6,Biustonosz 1135,Gaia,6,Biustonosz soft Gaia BS 1135 Nike,Gaia,4
5900402869821, Biustonosz Soft Model Nike 1135 White - Gaia ,Gaia,3,Biustonosz 1135,Gaia,3,Biustonosz soft Gaia BS 1135 Nike,Gaia,6
5900402869838, Biustonosz Soft Model Nike 1135 White - Gaia ,Gaia,2,Biustonosz 1135,Gaia,2,Biustonosz soft Gaia BS 1135 Nike,Gaia,4
5900402869845, Biustonosz Soft Model Nike 1135 White - Gaia ,Gaia,3,Biustonosz 1135,Gaia,3,Biustonosz soft Gaia BS 1135 Nike,Gaia,4
5900402869852, Biustonosz Soft Model Nike 1135 White - Gaia ,Gaia,5,Biustonosz 1135,Gaia,5,Biustonosz soft Gaia BS 1135 Nike,Gaia,3
5900402869869, Biustonosz Soft Model Nike 1135 White - Gaia ,Gaia,3,Biustonosz 1135,Gaia,3,Biustonosz soft Gaia BS 1135 Nike,Gaia,4
5900402869876, Biustonosz Soft Model Nike 1135 White - Gaia ,Gaia,2,Biustonosz 1135,Gaia,2,Biustonosz soft Gaia BS 1135 Nike,Gaia,3
5900402869883, Biustonosz Soft Model Nike 1135 White - Gaia ,Gaia,3,Biustonosz 1135,Gaia,3,Biustonosz soft Gaia BS 1135 Nike,Gaia,3
5900402869890, Biustonosz Soft Model Nike 1135 White - Gaia ,Gaia,3,Biustonosz 1135,Gaia,3,Biustonosz soft Gaia BS 1135 Nike,Gaia,2
5900402869906, Biustonosz Soft Model Nike 1135 White - Gaia ,Gaia,1,Biustonosz 1135,Gaia,1,Biustonosz soft Gaia BS 1135 Nike,Gaia,4
5900402869913, Biustonosz Soft Model Nike 1135 White - Gaia ,Gaia,2,Biustonosz 1135,Gaia,2,Biustonosz soft Gaia BS 1135 Nike,Gaia,3
5900402927446, Biustonosz Soft Model 1135 Nike Beige - Gaia ,Gaia,3,Biustonosz 1135 BEŻ,Gaia,3,Biustonosz soft Gaia BS 1135 Nike,Gaia,3
5900402927453, Biustonosz Soft Model 1135 Nike Beige - Gaia ,Gaia,0,Biustonosz 1135 BEŻ,Gaia,0,Biustonosz soft Gaia BS 1135 Nike,Gaia,2
5900402927477, Biustonosz Soft Model 1135 Nike Beige - Gaia ,Gaia,2,Biustonosz 1135 BEŻ,Gaia,2,Biustonosz soft Gaia BS 1135 Nike,Gaia,1
5900402927514, Biustonosz Soft Model 1135 Nike Beige - Gaia ,Gaia,0,Biustonosz 1135 BEŻ,Gaia,0,Biustonosz soft Gaia BS 1135 Nike,Gaia,2
5900402927521, Biustonosz Soft Model 1135 Nike Beige - Gaia ,Gaia,6,Biustonosz 1135 BEŻ,Gaia,6,Biustonosz soft Gaia BS 1135 Nike,Gaia,3
5900402927538, Biustonosz Soft Model 1135 Nike Beige - Gaia ,Gaia,5,Biustonosz 1135 BEŻ,Gaia,5,Biustonosz soft Gaia BS 1135 Nike,Gaia,1
5900402927545, Biustonosz Soft Model 1135 Nike Beige - Gaia ,Gaia,3,Biustonosz 1135 BEŻ,Gaia,3,Biustonosz soft Gaia BS 1135 Nike,Gaia,3
5900402927569, Biustonosz Soft Model 1135 Nike Beige - Gaia ,Gaia,0,Biustonosz 1135 BEŻ,Gaia,0,Biustonosz soft Gaia BS 1135 Nike,Gaia,2
5900402927583, Biustonosz Soft Model 1135 Nike Beige - Gaia ,Gaia,2,Biustonosz 1135 BEŻ,Gaia,2,Biustonosz soft Gaia BS 1135 Nike,Gaia,3
5900402927590, Biustonosz Soft Model 1135 Nike Beige - Gaia ,Gaia,7,Biustonosz 1135 BEŻ,Gaia,7,Biustonosz soft Gaia BS 1135 Nike,Gaia,3
5900402927606, Biustonosz Soft Model 1135 Nike Beige - Gaia ,Gaia,5,Biustonosz 1135 BEŻ,Gaia,5,Biustonosz soft Gaia BS 1135 Nike,Gaia,4
5900402927613, Biustonosz Soft Model 1135 Nike Beige - Gaia ,Gaia,6,Biustonosz 1135 BEŻ,Gaia,6,Biustonosz soft Gaia BS 1135 Nike,Gaia,5
5900402927651, Biustonosz Soft Model 1135 Nike Beige - Gaia ,Gaia,2,Biustonosz 1135 BEŻ,Gaia,2,Biustonosz soft Gaia BS 1135 Nike,Gaia,5
5900402927668, Biustonosz Soft Model 1135 Nike Beige - Gaia ,Gaia,2,Biustonosz 1135 BEŻ,Gaia,2,Biustonosz soft Gaia BS 1135 Nike,Gaia,5
5900402927675, Biustonosz Soft Model 1135 Nike Beige - Gaia ,Gaia,3,Biustonosz 1135 BEŻ,Gaia,3,Biustonosz soft Gaia BS 1135 Nike,Gaia,5
5900402927682, Biustonosz Soft Model 1135 Nike Beige - Gaia ,Gaia,5,Biustonosz 1135 BEŻ,Gaia,5,Biustonosz soft Gaia BS 1135 Nike,Gaia,6
5900402927699, Biustonosz Soft Model 1135 Nike Beige - Gaia ,Gaia,2,Biustonosz 1135 BEŻ,Gaia,2,Biustonosz soft Gaia BS 1135 Nike,Gaia,1
5900402927705, Biustonosz Soft Model 1135 Nike Beige - Gaia ,Gaia,2,Biustonosz 1135 BEŻ,Gaia,2,Biustonosz soft Gaia BS 1135 Nike,Gaia,1
5900402927729, Biustonosz Soft Model 1135 Nike Beige - Gaia ,Gaia,0,Biustonosz 1135 BEŻ,Gaia,0,Biustonosz soft Gaia BS 1135 Nike,Gaia,4
5900402927736, Biustonosz Soft Model 1135 Nike Beige - Gaia ,Gaia,7,Biustonosz 1135 BEŻ,Gaia,7,Biustonosz soft Gaia BS 1135 Nike,Gaia,9
5900402927743, Biustonosz Soft Model 1135 Nike Beige - Gaia ,Gaia,7,Biustonosz 1135 BEŻ,Gaia,7,Biustonosz soft Gaia BS 1135 Nike,Gaia,8
5900402927750, Biustonosz Soft Model 1135 Nike Beige - Gaia ,Gaia,14,Biustonosz 1135 BEŻ,Gaia,14,Biustonosz soft Gaia BS 1135 Nike,Gaia,6
5900402927774, Biustonosz Soft Model 1135 Nike Beige - Gaia ,Gaia,2,Biustonosz 1135 BEŻ,Gaia,2,Biustonosz soft Gaia BS 1135 Nike,Gaia,1
5900402927781, Biustonosz Soft Model 1135 Nike Beige - Gaia ,Gaia,3,Biustonosz 1135 BEŻ,Gaia,3,Biustonosz soft Gaia BS 1135 Nike,Gaia,5
5900402927798, Biustonosz Soft Model 1135 Nike Beige - Gaia ,Gaia,2,Biustonosz 1135 BEŻ,Gaia,2,Biustonosz soft Gaia BS 1135 Nike,Gaia,5
5900402927804, Biustonosz Soft Model 1135 Nike Beige - Gaia ,Gaia,2,Biustonosz 1135 BEŻ,Gaia,2,Biustonosz soft Gaia BS 1135 Nike,Gaia,2
5900402927811, Biustonosz Soft Model 1135 Nike Beige - Gaia ,Gaia,9,Biustonosz 1135 BEŻ,Gaia,9,Biustonosz soft Gaia BS 1135 Nike,Gaia,2
5900402927828, Biustonosz Soft Model 1135 Nike Beige - Gaia ,Gaia,2,Biustonosz 1135 BEŻ,Gaia,2,Biustonosz soft Gaia BS 1135 Nike,Gaia,2
5900402927842, Biustonosz Soft Model 1135 Nike Beige - Gaia ,Gaia,9,Biustonosz 1135 BEŻ,Gaia,9,Biustonosz soft Gaia BS 1135 Nike,Gaia,3
5900402927859, Biustonosz Soft Model 1135 Nike Beige - Gaia ,Gaia,11,Biustonosz 1135 BEŻ,Gaia,11,Biustonosz soft Gaia BS 1135 Nike,Gaia,2
5900402927873, Figi brazyliany Model 1135B Nike Beige - Gaia ,Gaia,3,Figi 1135B BEŻ,Gaia,3,Figi Gaia GFB 1135 Nike Brazyliany S-XL Beżowy,Gaia,3
5900402927880, Figi brazyliany Model 1135B Nike Beige - Gaia ,Gaia,1,Figi 1135B BEŻ,Gaia,1,Figi Gaia GFB 1135 Nike Brazyliany S-XL Beżowy,Gaia,4
5900402927903, Figi brazyliany Model 1135B Nike Beige - Gaia ,Gaia,0,Figi 1135B BEŻ,Gaia,0,Figi Gaia GFB 1135 Nike Brazyliany S-XL Beżowy,Gaia,13
5900402927910, Figi brazyliany Model 1135B Nike Beige - Gaia ,Gaia,0,Figi 1135B BEŻ,Gaia,0,Figi Gaia GFB 1135 Nike Brazyliany S-XL Beżowy,Gaia,16
5900402927927, Biustonosz Soft Biustonosz Semi-Soft Model 1134 Keto Beige - Gaia ,Gaia,2,Biustonosz 1134 BEŻ,Gaia,2,Biustonosz semi soft Gaia BS 1134 Keto,Gaia,2
5900402927934, Biustonosz Soft Biustonosz Semi-Soft Model 1134 Keto Beige - Gaia ,Gaia,2,Biustonosz 1134 BEŻ,Gaia,2,Biustonosz semi soft Gaia BS 1134 Keto,Gaia,3
5900402927941, Biustonosz Soft Biustonosz Semi-Soft Model 1134 Keto Beige - Gaia ,Gaia,1,Biustonosz 1134 BEŻ,Gaia,1,Biustonosz semi soft Gaia BS 1134 Keto,Gaia,2
5900402927958, Biustonosz Soft Biustonosz Semi-Soft Model 1134 Keto Beige - Gaia ,Gaia,5,Biustonosz 1134 BEŻ,Gaia,5,Biustonosz semi soft Gaia BS 1134 Keto,Gaia,2
5900402927996, Biustonosz Soft Biustonosz Semi-Soft Model 1134 Keto Beige - Gaia ,Gaia,3,Biustonosz 1134 BEŻ,Gaia,3,Biustonosz semi soft Gaia BS 1134 Keto,Gaia,3
5900402928009, Biustonosz Soft Biustonosz Semi-Soft Model 1134 Keto Beige - Gaia ,Gaia,3,Biustonosz 1134 BEŻ,Gaia,3,Biustonosz semi soft Gaia BS 1134 Keto,Gaia,2
5900402928016, Biustonosz Soft Biustonosz Semi-Soft Model 1134 Keto Beige - Gaia ,Gaia,4,Biustonosz 1134 BEŻ,Gaia,4,Biustonosz semi soft Gaia BS 1134 Keto,Gaia,2
5900402928023, Biustonosz Soft Biustonosz Semi-Soft Model 1134 Keto Beige - Gaia ,Gaia,6,Biustonosz 1134 BEŻ,Gaia,6,Biustonosz semi soft Gaia BS 1134 Keto,Gaia,10
5900402928030, Biustonosz Soft Biustonosz Semi-Soft Model 1134 Keto Beige - Gaia ,Gaia,3,Biustonosz 1134 BEŻ,Gaia,3,Biustonosz semi soft Gaia BS 1134 Keto,Gaia,4
5900402928047, Biustonosz Soft Biustonosz Semi-Soft Model 1134 Keto Beige - Gaia ,Gaia,1,Biustonosz 1134 BEŻ,Gaia,1,Biustonosz semi soft Gaia BS 1134 Keto,Gaia,2
5900402928054, Biustonosz Soft Biustonosz Semi-Soft Model 1134 Keto Beige - Gaia ,Gaia,0,Biustonosz 1134 BEŻ,Gaia,0,Biustonosz semi soft Gaia BS 1134 Keto,Gaia,2
5900402928061, Biustonosz Soft Biustonosz Semi-Soft Model 1134 Keto Beige - Gaia ,Gaia,6,Biustonosz 1134 BEŻ,Gaia,6,Biustonosz semi soft Gaia BS 1134 Keto,Gaia,7
5900402928078, Biustonosz Soft Biustonosz Semi-Soft Model 1134 Keto Beige - Gaia ,Gaia,8,Biustonosz 1134 BEŻ,Gaia,8,Biustonosz semi soft Gaia BS 1134 Keto,Gaia,9
5900402928085, Biustonosz Soft Biustonosz Semi-Soft Model 1134 Keto Beige - Gaia ,Gaia,6,Biustonosz 1134 BEŻ,Gaia,6,Biustonosz semi soft Gaia BS 1134 Keto,Gaia,2
5900402928092, Biustonosz Soft Biustonosz Semi-Soft Model 1134 Keto Beige - Gaia ,Gaia,7,Biustonosz 1134 BEŻ,Gaia,7,Biustonosz semi soft Gaia BS 1134 Keto,Gaia,5
5900402928108, Biustonosz Soft Biustonosz Semi-Soft Model 1134 Keto Beige - Gaia ,Gaia,4,Biustonosz 1134 BEŻ,Gaia,4,Biustonosz semi soft Gaia BS 1134 Keto,Gaia,1
5900402928115, Biustonosz Soft Biustonosz Semi-Soft Model 1134 Keto Beige - Gaia ,Gaia,3,Biustonosz 1134 BEŻ,Gaia,3,Biustonosz semi soft Gaia BS 1134 Keto,Gaia,2
5900402928122, Biustonosz Soft Biustonosz Semi-Soft Model 1134 Keto Beige - Gaia ,Gaia,3,Biustonosz 1134 BEŻ,Gaia,3,Biustonosz semi soft Gaia BS 1134 Keto,Gaia,1
5900402928139, Biustonosz Soft Biustonosz Semi-Soft Model 1134 Keto Beige - Gaia ,Gaia,4,Biustonosz 1134 BEŻ,Gaia,4,Biustonosz semi soft Gaia BS 1134 Keto,Gaia,3
5900402928146, Biustonosz Soft Biustonosz Semi-Soft Model 1134 Keto Beige - Gaia ,Gaia,7,Biustonosz 1134 BEŻ,Gaia,7,Biustonosz semi soft Gaia BS 1134 Keto,Gaia,13
5900402928153, Biustonosz Soft Biustonosz Semi-Soft Model 1134 Keto Beige - Gaia ,Gaia,6,Biustonosz 1134 BEŻ,Gaia,6,Biustonosz semi soft Gaia BS 1134 Keto,Gaia,12
5900402928160, Biustonosz Soft Biustonosz Semi-Soft Model 1134 Keto Beige - Gaia ,Gaia,8,Biustonosz 1134 BEŻ,Gaia,8,Biustonosz semi soft Gaia BS 1134 Keto,Gaia,6
5900402928177, Biustonosz Soft Biustonosz Semi-Soft Model 1134 Keto Beige - Gaia ,Gaia,5,Biustonosz 1134 BEŻ,Gaia,5,Biustonosz semi soft Gaia BS 1134 Keto,Gaia,10
5900402928184, Biustonosz Soft Biustonosz Semi-Soft Model 1134 Keto Beige - Gaia ,Gaia,7,Biustonosz 1134 BEŻ,Gaia,7,Biustonosz semi soft Gaia BS 1134 Keto,Gaia,11
5900402928191, Biustonosz Soft Biustonosz Semi-Soft Model 1134 Keto Beige - Gaia ,Gaia,3,Biustonosz 1134 BEŻ,Gaia,3,Biustonosz semi soft Gaia BS 1134 Keto,Gaia,6
5900402928207, Biustonosz Soft Biustonosz Semi-Soft Model 1134 Keto Beige - Gaia ,Gaia,2,Biustonosz 1134 BEŻ,Gaia,2,Biustonosz semi soft Gaia BS 1134 Keto,Gaia,3
5900402928214, Biustonosz Soft Biustonosz Semi-Soft Model 1134 Keto Beige - Gaia ,Gaia,7,Biustonosz 1134 BEŻ,Gaia,7,Biustonosz semi soft Gaia BS 1134 Keto,Gaia,5
5900402928221, Biustonosz Soft Biustonosz Semi-Soft Model 1134 Keto Beige - Gaia ,Gaia,11,Biustonosz 1134 BEŻ,Gaia,11,Biustonosz semi soft Gaia BS 1134 Keto,Gaia,3
5900402928238, Biustonosz Soft Biustonosz Semi-Soft Model 1134 Keto Beige - Gaia ,Gaia,11,Biustonosz 1134 BEŻ,Gaia,11,Biustonosz semi soft Gaia BS 1134 Keto,Gaia,10
5900402928245, Biustonosz Soft Biustonosz Semi-Soft Model 1134 Keto Beige - Gaia ,Gaia,8,Biustonosz 1134 BEŻ,Gaia,7,Biustonosz semi soft Gaia BS 1134 Keto,Gaia,21
5900402928252, Biustonosz Soft Biustonosz Semi-Soft Model 1134 Keto Beige - Gaia ,Gaia,3,Biustonosz 1134 BEŻ,Gaia,3,Biustonosz semi soft Gaia BS 1134 Keto,Gaia,6
5900402928269, Biustonosz Soft Biustonosz Semi-Soft Model 1134 Keto Beige - Gaia ,Gaia,2,Biustonosz 1134 BEŻ,Gaia,2,Biustonosz semi soft Gaia BS 1134 Keto,Gaia,13
5900402928276, Biustonosz Soft Biustonosz Semi-Soft Model 1134 Keto Beige - Gaia ,Gaia,9,Biustonosz 1134 BEŻ,Gaia,9,Biustonosz semi soft Gaia BS 1134 Keto,Gaia,10
5900402928283, Biustonosz Soft Biustonosz Semi-Soft Model 1134 Keto Beige - Gaia ,Gaia,9,Biustonosz 1134 BEŻ,Gaia,9,Biustonosz semi soft Gaia BS 1134 Keto,Gaia,2
5900402928290, Biustonosz Soft Biustonosz Semi-Soft Model 1134 Keto Beige - Gaia ,Gaia,5,Biustonosz 1134 BEŻ,Gaia,5,Biustonosz semi soft Gaia BS 1134 Keto,Gaia,13
5900402928306, Biustonosz Soft Biustonosz Semi-Soft Model 1134 Keto Beige - Gaia ,Gaia,2,Biustonosz 1134 BEŻ,Gaia,2,Biustonosz semi soft Gaia BS 1134 Keto,Gaia,11
5900402928313, Biustonosz Soft Biustonosz Semi-Soft Model 1134 Keto Beige - Gaia ,Gaia,5,Biustonosz 1134 BEŻ,Gaia,5,Biustonosz semi soft Gaia BS 1134 Keto,Gaia,9
5900402928320, Biustonosz Soft Biustonosz Semi-Soft Model 1134 Keto Beige - Gaia ,Gaia,5,Biustonosz 1134 BEŻ,Gaia,5,Biustonosz semi soft Gaia BS 1134 Keto,Gaia,9
5900402928337, Biustonosz Soft Biustonosz Semi-Soft Model 1134 Keto Beige - Gaia ,Gaia,3,Biustonosz 1134 BEŻ,Gaia,3,Biustonosz semi soft Gaia BS 1134 Keto,Gaia,5
5900402928344, Biustonosz Soft Biustonosz Semi-Soft Model 1134 Keto Beige - Gaia ,Gaia,4,Biustonosz 1134 BEŻ,Gaia,4,Biustonosz semi soft Gaia BS 1134 Keto,Gaia,7
5900402928351, Figi Model 1134P Keto Beige - Gaia ,Gaia,0,Figi 1134P BEŻ,Gaia,0,Figi Gaia GFP 1134 Keto S-3XL,Gaia,1
5900402928368, Figi Model 1134P Keto Beige - Gaia ,Gaia,2,Figi 1134P BEŻ,Gaia,2,Figi Gaia GFP 1134 Keto S-3XL,Gaia,2
5900402928375, Figi Model 1134P Keto Beige - Gaia ,Gaia,5,Figi 1134P BEŻ,Gaia,5,Figi Gaia GFP 1134 Keto S-3XL,Gaia,5
5900402928382, Figi Model 1134P Keto Beige - Gaia ,Gaia,5,Figi 1134P BEŻ,Gaia,4,Figi Gaia GFP 1134 Keto S-3XL,Gaia,1
5900402928399, Figi Model 1134P Keto Beige - Gaia ,Gaia,3,Figi 1134P BEŻ,Gaia,3,Figi Gaia GFP 1134 Keto S-3XL,Gaia,4
5900402928405, Figi Model 1134P Keto Beige - Gaia ,Gaia,0,Figi 1134P BEŻ,Gaia,0,Figi Gaia GFP 1134 Keto S-3XL,Gaia,5
5900402972521, Biustonosz push up Biustonosz Usztywniany Model 1279 Beige - Gaia ,Gaia,2,Biustonosz 1279 BEŻ,Gaia,2,Biustonosz full cup spacer Gaia BS 1279 Patricia,Gaia,1
5900402972538, Biustonosz push up Biustonosz Usztywniany Model 1279 Beige - Gaia ,Gaia,2,Biustonosz 1279 BEŻ,Gaia,2,Biustonosz full cup spacer Gaia BS 1279 Patricia,Gaia,2
5900402972545, Biustonosz push up Biustonosz Usztywniany Model 1279 Beige - Gaia ,Gaia,2,Biustonosz 1279 BEŻ,Gaia,2,Biustonosz full cup spacer Gaia BS 1279 Patricia,Gaia,3
5900402972576, Biustonosz push up Biustonosz Usztywniany Model 1279 Beige - Gaia ,Gaia,0,Biustonosz 1279 BEŻ,Gaia,2,Biustonosz full cup spacer Gaia BS 1279 Patricia,Gaia,4
5900402972583, Biustonosz push up Biustonosz Usztywniany Model 1279 Beige - Gaia ,Gaia,1,Biustonosz 1279 BEŻ,Gaia,3,Biustonosz full cup spacer Gaia BS 1279 Patricia,Gaia,5
5900402972590, Biustonosz push up Biustonosz Usztywniany Model 1279 Beige - Gaia ,Gaia,2,Biustonosz 1279 BEŻ,Gaia,2,Biustonosz full cup spacer Gaia BS 1279 Patricia,Gaia,5
5900402972606, Biustonosz push up Biustonosz Usztywniany Model 1279 Beige - Gaia ,Gaia,1,Biustonosz 1279 BEŻ,Gaia,3,Biustonosz full cup spacer Gaia BS 1279 Patricia,Gaia,4
5900402972613, Biustonosz push up Biustonosz Usztywniany Model 1279 Beige - Gaia ,Gaia,4,Biustonosz 1279 BEŻ,Gaia,4,Biustonosz full cup spacer Gaia BS 1279 Patricia,Gaia,2
5900402972620, Biustonosz push up Biustonosz Usztywniany Model 1279 Beige - Gaia ,Gaia,2,Biustonosz 1279 BEŻ,Gaia,2,Biustonosz full cup spacer Gaia BS 1279 Patricia,Gaia,2
5900402972644, Biustonosz push up Biustonosz Usztywniany Model 1279 Beige - Gaia ,Gaia,2,Biustonosz 1279 BEŻ,Gaia,2,Biustonosz full cup spacer Gaia BS 1279 Patricia,Gaia,6
5900402972651, Biustonosz push up Biustonosz Usztywniany Model 1279 Beige - Gaia ,Gaia,1,Biustonosz 1279 BEŻ,Gaia,4,Biustonosz full cup spacer Gaia BS 1279 Patricia,Gaia,3
5900402972668, Biustonosz push up Biustonosz Usztywniany Model 1279 Beige - Gaia ,Gaia,1,Biustonosz 1279 BEŻ,Gaia,4,Biustonosz full cup spacer Gaia BS 1279 Patricia,Gaia,6
5900402972675, Biustonosz push up Biustonosz Usztywniany Model 1279 Beige - Gaia ,Gaia,1,Biustonosz 1279 BEŻ,Gaia,4,Biustonosz full cup spacer Gaia BS 1279 Patricia,Gaia,3
5900402972682, Biustonosz push up Biustonosz Usztywniany Model 1279 Beige - Gaia ,Gaia,2,Biustonosz 1279 BEŻ,Gaia,2,Biustonosz full cup spacer Gaia BS 1279 Patricia,Gaia,4
5900402972699, Biustonosz push up Biustonosz Usztywniany Model 1279 Beige - Gaia ,Gaia,1,Biustonosz 1279 BEŻ,Gaia,1,Biustonosz full cup spacer Gaia BS 1279 Patricia,Gaia,2
5900402972705, Biustonosz push up Biustonosz Usztywniany Model 1279 Beige - Gaia ,Gaia,4,Biustonosz 1279 BEŻ,Gaia,4,Biustonosz full cup spacer Gaia BS 1279 Patricia,Gaia,1
5900402972712, Biustonosz push up Biustonosz Usztywniany Model 1279 Beige - Gaia ,Gaia,0,Biustonosz 1279 BEŻ,Gaia,3,Biustonosz full cup spacer Gaia BS 1279 Patricia,Gaia,4
5900402972729, Biustonosz push up Biustonosz Usztywniany Model 1279 Beige - Gaia ,Gaia,2,Biustonosz 1279 BEŻ,Gaia,2,Biustonosz full cup spacer Gaia BS 1279 Patricia,Gaia,2
5900402972736, Biustonosz push up Biustonosz Usztywniany Model 1279 Beige - Gaia ,Gaia,1,Biustonosz 1279 BEŻ,Gaia,4,Biustonosz full cup spacer Gaia BS 1279 Patricia,Gaia,3
5900402972743, Biustonosz push up Biustonosz Usztywniany Model 1279 Beige - Gaia ,Gaia,1,Biustonosz 1279 BEŻ,Gaia,4,Biustonosz full cup spacer Gaia BS 1279 Patricia,Gaia,3
5900402972750, Biustonosz push up Biustonosz Usztywniany Model 1279 Beige - Gaia ,Gaia,3,Biustonosz 1279 BEŻ,Gaia,3,Biustonosz full cup spacer Gaia BS 1279 Patricia,Gaia,3
5900402972767, Biustonosz push up Biustonosz Usztywniany Model 1279 Beige - Gaia ,Gaia,3,Biustonosz 1279 BEŻ,Gaia,3,Biustonosz full cup spacer Gaia BS 1279 Patricia,Gaia,6
5900402972774, Biustonosz push up Biustonosz Usztywniany Model 1279 Beige - Gaia ,Gaia,2,Biustonosz 1279 BEŻ,Gaia,2,Biustonosz full cup spacer Gaia BS 1279 Patricia,Gaia,4
5900402972781, Biustonosz push up Biustonosz Usztywniany Model 1279 Beige - Gaia ,Gaia,3,Biustonosz 1279 BEŻ,Gaia,3,Biustonosz full cup spacer Gaia BS 1279 Patricia,Gaia,4
5900402972798, Biustonosz push up Biustonosz Usztywniany Model 1279 Beige - Gaia ,Gaia,3,Biustonosz 1279 BEŻ,Gaia,3,Biustonosz full cup spacer Gaia BS 1279 Patricia,Gaia,3
5900402972804, Biustonosz push up Biustonosz Usztywniany Model 1279 Beige - Gaia ,Gaia,3,Biustonosz 1279 BEŻ,Gaia,3,Biustonosz full cup spacer Gaia BS 1279 Patricia,Gaia,4
5900402972811, Biustonosz push up Biustonosz Usztywniany Model 1279 Beige - Gaia ,Gaia,1,Biustonosz 1279 BEŻ,Gaia,3,Biustonosz full cup spacer Gaia BS 1279 Patricia,Gaia,2
5900402985354, Biustonosz push up Biustonosz Push-up Model Sophie 1225 Fuksja - Gaia ,Gaia,0,Biustonosz 1225 FUK,Gaia,0,Biustonosz push-up Gaia BS 1225 Sophia,Gaia,4
5900402985361, Biustonosz push up Biustonosz Push-up Model Sophie 1225 Fuksja - Gaia ,Gaia,0,Biustonosz 1225 FUK,Gaia,0,Biustonosz push-up Gaia BS 1225 Sophia,Gaia,2
5900402985378, Biustonosz push up Biustonosz Push-up Model Sophie 1225 Fuksja - Gaia ,Gaia,0,Biustonosz 1225 FUK,Gaia,0,Biustonosz push-up Gaia BS 1225 Sophia,Gaia,1
5900402985415, Biustonosz push up Biustonosz Push-up Model Sophie 1225 Fuksja - Gaia ,Gaia,0,Biustonosz 1225 FUK,Gaia,0,Biustonosz push-up Gaia BS 1225 Sophia,Gaia,1
5900402985422, Biustonosz push up Biustonosz Push-up Model Sophie 1225 Fuksja - Gaia ,Gaia,0,Biustonosz 1225 FUK,Gaia,0,Biustonosz push-up Gaia BS 1225 Sophia,Gaia,5
5900402985439, Biustonosz push up Biustonosz Push-up Model Sophie 1225 Fuksja - Gaia ,Gaia,0,Biustonosz 1225 FUK,Gaia,0,Biustonosz push-up Gaia BS 1225 Sophia,Gaia,6
5900402985446, Biustonosz push up Biustonosz Push-up Model Sophie 1225 Fuksja - Gaia ,Gaia,0,Biustonosz 1225 FUK,Gaia,0,Biustonosz push-up Gaia BS 1225 Sophia,Gaia,1
5900402985491, Biustonosz push up Biustonosz Push-up Model Sophie 1225 Fuksja - Gaia ,Gaia,0,Biustonosz 1225 FUK,Gaia,0,Biustonosz push-up Gaia BS 1225 Sophia,Gaia,7
5900402985507, Biustonosz push up Biustonosz Push-up Model Sophie 1225 Fuksja - Gaia ,Gaia,0,Biustonosz 1225 FUK,Gaia,0,Biustonosz push-up Gaia BS 1225 Sophia,Gaia,7
5900402985514, Biustonosz push up Biustonosz Push-up Model Sophie 1225 Fuksja - Gaia ,Gaia,0,Biustonosz 1225 FUK,Gaia,0,Biustonosz push-up Gaia BS 1225 Sophia,Gaia,1
5900402985545, Biustonosz push up Biustonosz Push-up Model Sophie 1225 Fuksja - Gaia ,Gaia,0,Biustonosz 1225 FUK,Gaia,0,Biustonosz push-up Gaia BS 1225 Sophia,Gaia,1
5900402988669, Biustonosz Soft Biustonosz Semi-Soft Model Isla 1228 Blue - Gaia ,Gaia,0,Biustonosz 1228 NIE,Gaia,0,Biustonosz semi soft Gaia BS 1228 Isla Niebieski,Gaia,1
5900402988676, Biustonosz Soft Biustonosz Semi-Soft Model Isla 1228 Blue - Gaia ,Gaia,0,Biustonosz 1228 NIE,Gaia,0,Biustonosz semi soft Gaia BS 1228 Isla Niebieski,Gaia,1
5900402988935, Figi Model Isla 1228 Blue - Gaia ,Gaia,0,Figi 1228P NIE,Gaia,0,Figi Gaia GFP 1228 Isla S-3XL Niebieski,Gaia,1
5900402993335, Biustonosz Soft Biustonosz Semi-Soft Model Armina 1290 Wrzos - Gaia ,Gaia,0,Biustonosz 1290 WRZ,Gaia,0,Biustonosz semi soft Gaia BS 1290 Armina,Gaia,1
5900402993342, Biustonosz Soft Biustonosz Semi-Soft Model Armina 1290 Wrzos - Gaia ,Gaia,0,Biustonosz 1290 WRZ,Gaia,0,Biustonosz semi soft Gaia BS 1290 Armina,Gaia,3
5900402993359, Biustonosz Soft Biustonosz Semi-Soft Model Armina 1290 Wrzos - Gaia ,Gaia,0,Biustonosz 1290 WRZ,Gaia,0,Biustonosz semi soft Gaia BS 1290 Armina,Gaia,4
5900402993410, Biustonosz Soft Biustonosz Semi-Soft Model Armina 1290 Wrzos - Gaia ,Gaia,0,Biustonosz 1290 WRZ,Gaia,0,Biustonosz semi soft Gaia BS 1290 Armina,Gaia,1
5900402993427, Biustonosz Soft Biustonosz Semi-Soft Model Armina 1290 Wrzos - Gaia ,Gaia,0,Biustonosz 1290 WRZ,Gaia,0,Biustonosz semi soft Gaia BS 1290 Armina,Gaia,1
5900402993441, Biustonosz Soft Biustonosz Semi-Soft Model Armina 1290 Wrzos - Gaia ,Gaia,0,Biustonosz 1290 WRZ,Gaia,0,Biustonosz semi soft Gaia BS 1290 Armina,Gaia,2
5900402993465, Biustonosz Soft Biustonosz Semi-Soft Model Armina 1290 Wrzos - Gaia ,Gaia,0,Biustonosz 1290 WRZ,Gaia,0,Biustonosz semi soft Gaia BS 1290 Armina,Gaia,1
5900402993472, Biustonosz Soft Biustonosz Semi-Soft Model Armina 1290 Wrzos - Gaia ,Gaia,0,Biustonosz 1290 WRZ,Gaia,0,Biustonosz semi soft Gaia BS 1290 Armina,Gaia,1
5900402993489, Biustonosz Soft Biustonosz Semi-Soft Model Armina 1290 Wrzos - Gaia ,Gaia,0,Biustonosz 1290 WRZ,Gaia,0,Biustonosz semi soft Gaia BS 1290 Armina,Gaia,1
5900402993496, Biustonosz Soft Biustonosz Semi-Soft Model Armina 1290 Wrzos - Gaia ,Gaia,0,Biustonosz 1290 WRZ,Gaia,0,Biustonosz semi soft Gaia BS 1290 Armina,Gaia,3
5900402993502, Biustonosz Soft Biustonosz Semi-Soft Model Armina 1290 Wrzos - Gaia ,Gaia,0,Biustonosz 1290 WRZ,Gaia,0,Biustonosz semi soft Gaia BS 1290 Armina,Gaia,3
5900402993519, Biustonosz Soft Biustonosz Semi-Soft Model Armina 1290 Wrzos - Gaia ,Gaia,0,Biustonosz 1290 WRZ,Gaia,0,Biustonosz semi soft Gaia BS 1290 Armina,Gaia,3
5900402993526, Biustonosz Soft Biustonosz Semi-Soft Model Armina 1290 Wrzos - Gaia ,Gaia,0,Biustonosz 1290 WRZ,Gaia,0,Biustonosz semi soft Gaia BS 1290 Armina,Gaia,1
5900402993557, Biustonosz Soft Biustonosz Semi-Soft Model Armina 1290 Wrzos - Gaia ,Gaia,0,Biustonosz 1290 WRZ,Gaia,0,Biustonosz semi soft Gaia BS 1290 Armina,Gaia,1
5900402993564, Biustonosz Soft Biustonosz Semi-Soft Model Armina 1290 Wrzos - Gaia ,Gaia,0,Biustonosz 1290 WRZ,Gaia,0,Biustonosz semi soft Gaia BS 1290 Armina,Gaia,1
5900402993588, Biustonosz Soft Biustonosz Semi-Soft Model Armina 1290 Wrzos - Gaia ,Gaia,0,Biustonosz 1290 WRZ,Gaia,0,Biustonosz semi soft Gaia BS 1290 Armina,Gaia,1
5900402993601, Biustonosz Soft Biustonosz Semi-Soft Model Armina 1290 Wrzos - Gaia ,Gaia,0,Biustonosz 1290 WRZ,Gaia,0,Biustonosz semi soft Gaia BS 1290 Armina,Gaia,1
5900402993663, Biustonosz Soft Biustonosz Semi-Soft Model Armina 1290 Wrzos - Gaia ,Gaia,0,Biustonosz 1290 WRZ,Gaia,0,Biustonosz semi soft Gaia BS 1290 Armina,Gaia,1
5900402994905, Biustonosz Soft Biustonosz Semi-Soft Model Marleen 1293 Pink - Gaia ,Gaia,0,Biustonosz 1293 RÓŻ,Gaia,0,,,1
5900402994929, Biustonosz Soft Biustonosz Semi-Soft Model Marleen 1293 Pink - Gaia ,Gaia,0,Biustonosz 1293 RÓŻ,Gaia,0,,,1
5900402994936, Biustonosz Soft Biustonosz Semi-Soft Model Marleen 1293 Pink - Gaia ,Gaia,0,Biustonosz 1293 RÓŻ,Gaia,0,,,3
5900402994967, Biustonosz Soft Biustonosz Semi-Soft Model Marleen 1293 Pink - Gaia ,Gaia,0,Biustonosz 1293 RÓŻ,Gaia,0,,,3
5900402995117, Biustonosz Soft Biustonosz Semi-Soft Model Marleen 1293 Pink - Gaia ,Gaia,0,Biustonosz 1293 RÓŻ,Gaia,0,,,2
5900402995148, Figi Model Marleen 1293P Pink - Gaia ,Gaia,0,Figi 1293P RÓŻ,Gaia,0,,,9
5900402995155, Figi Model Marleen 1293P Pink - Gaia ,Gaia,0,Figi 1293P RÓŻ,Gaia,0,,,7
5900402995162, Figi Model Marleen 1293P Pink - Gaia ,Gaia,0,Figi 1293P RÓŻ,Gaia,0,,,5
5900402995285, Biustonosz Soft Model Cintia 1294 Turkus/Fuksja - Gaia ,Gaia,0,Biustonosz 1294 TFU,Gaia,0,Biustonosz soft Gaia BS 1294 Cintia,Gaia,1
5900402995339, Biustonosz Soft Model Cintia 1294 Turkus/Fuksja - Gaia ,Gaia,0,Biustonosz 1294 TFU,Gaia,0,Biustonosz soft Gaia BS 1294 Cintia,Gaia,1
5900402995353, Biustonosz Soft Model Cintia 1294 Turkus/Fuksja - Gaia ,Gaia,0,Biustonosz 1294 TFU,Gaia,0,Biustonosz soft Gaia BS 1294 Cintia,Gaia,1
5900402995360, Biustonosz Soft Model Cintia 1294 Turkus/Fuksja - Gaia ,Gaia,0,Biustonosz 1294 TFU,Gaia,0,Biustonosz soft Gaia BS 1294 Cintia,Gaia,1
5900402995407, Biustonosz Soft Model Cintia 1294 Turkus/Fuksja - Gaia ,Gaia,0,Biustonosz 1294 TFU,Gaia,0,Biustonosz soft Gaia BS 1294 Cintia,Gaia,1
5900402995421, Biustonosz Soft Model Cintia 1294 Turkus/Fuksja - Gaia ,Gaia,0,Biustonosz 1294 TFU,Gaia,0,Biustonosz soft Gaia BS 1294 Cintia,Gaia,1
5900402995476, Biustonosz Soft Model Cintia 1294 Turkus/Fuksja - Gaia ,Gaia,0,Biustonosz 1294 TFU,Gaia,0,Biustonosz soft Gaia BS 1294 Cintia,Gaia,1
5900402995506, Biustonosz Soft Model Cintia 1294 Turkus/Fuksja - Gaia ,Gaia,0,Biustonosz 1294 TFU,Gaia,0,Biustonosz soft Gaia BS 1294 Cintia,Gaia,1
5900402995681, Figi brazyliany Model Ariel 1295B Turkus/Fuksja - Gaia ,Gaia,0,Figi 1295B TFU,Gaia,0,,,1
5900402995698, Figi brazyliany Model Ariel 1295B Turkus/Fuksja - Gaia ,Gaia,0,Figi 1295B TFU,Gaia,0,,,1
5900402996077, Figi Model Cintia 1294 Turkus/Fuksja - Gaia ,Gaia,0,Figi 1294P TFU,Gaia,0,,,1
5900402996275, Biustonosz Soft Biustonosz Semi-Soft Model Ariel 1295 Turkus/Fuksja - Gaia ,Gaia,0,Biustonosz 1295 TFU,Gaia,0,,,1
5900402996343, Biustonosz Soft Biustonosz Semi-Soft Model Ariel 1295 Turkus/Fuksja - Gaia ,Gaia,0,Biustonosz 1295 TFU,Gaia,0,,,2
5900402996350, Biustonosz Soft Biustonosz Semi-Soft Model Ariel 1295 Turkus/Fuksja - Gaia ,Gaia,0,Biustonosz 1295 TFU,Gaia,0,,,5
5900402996367, Biustonosz Soft Biustonosz Semi-Soft Model Ariel 1295 Turkus/Fuksja - Gaia ,Gaia,0,Biustonosz 1295 TFU,Gaia,0,,,6
5900402996374, Biustonosz Soft Biustonosz Semi-Soft Model Ariel 1295 Turkus/Fuksja - Gaia ,Gaia,0,Biustonosz 1295 TFU,Gaia,0,,,1
5900402996381, Biustonosz Soft Biustonosz Semi-Soft Model Ariel 1295 Turkus/Fuksja - Gaia ,Gaia,0,Biustonosz 1295 TFU,Gaia,0,,,3
5900402996411, Biustonosz Soft Biustonosz Semi-Soft Model Ariel 1295 Turkus/Fuksja - Gaia ,Gaia,0,Biustonosz 1295 TFU,Gaia,0,,,1
5900402996428, Biustonosz Soft Biustonosz Semi-Soft Model Ariel 1295 Turkus/Fuksja - Gaia ,Gaia,0,Biustonosz 1295 TFU,Gaia,0,,,1
5900402996459, Biustonosz Soft Biustonosz Semi-Soft Model Ariel 1295 Turkus/Fuksja - Gaia ,Gaia,0,Biustonosz 1295 TFU,Gaia,0,,,3
5900402996473, Biustonosz Soft Biustonosz Semi-Soft Model Ariel 1295 Turkus/Fuksja - Gaia ,Gaia,0,Biustonosz 1295 TFU,Gaia,0,,,3
5900402996503, Biustonosz Soft Biustonosz Semi-Soft Model Ariel 1295 Turkus/Fuksja - Gaia ,Gaia,0,Biustonosz 1295 TFU,Gaia,0,,,1
5900402996527, Biustonosz Soft Biustonosz Semi-Soft Model Ariel 1295 Turkus/Fuksja - Gaia ,Gaia,0,Biustonosz 1295 TFU,Gaia,0,,,2
5900776548506,  Koszulka Męska Model Bosco 18731 00X White - Henderson ,Henderson,3,Podkoszulek 18731,Henderson,3,Koszulka Henderson Red Line 18731 Bosco M-2XL,Henderson,2
5900776548520,  Koszulka Męska Model Bosco 18731 00X White - Henderson ,Henderson,2,Podkoszulek 18731,Henderson,0,Koszulka Henderson Red Line 18731 Bosco M-2XL,Henderson,2
5900776548629,  Bokserki Męskie Model Burito 18724-00x White - Henderson ,Henderson,0,Bokserki 18724,Henderson,0,Bokserki Henderson Red Line 18724 M-2XL,Henderson,17
5900776548995,  Koszulka Męska Model Bosco 18731 59X Navy - Henderson ,Henderson,1,Podkoszulek 18731,Henderson,1,Koszulka Henderson Red Line 18731 Bosco M-2XL,Henderson,4
5900776549008,  Koszulka Męska Model Bosco 18731 59X Navy - Henderson ,Henderson,5,Podkoszulek 18731,Henderson,5,Koszulka Henderson Red Line 18731 Bosco M-2XL,Henderson,5
5900776549015,  Koszulka Męska Model Bosco 18731 59X Navy - Henderson ,Henderson,2,Podkoszulek 18731,Henderson,2,Koszulka Henderson Red Line 18731 Bosco M-2XL,Henderson,5
5900965022190, Biustonosz push up Biustonosz Push-up Model 2153 Shimmer Beige - Ava ,Ava,1,Biustonosz 2153 SHI,Ava,1,Biustonosz push-up Ava 2153,Ava,2
5900965095088, Biustonosz Soft Model 2200 Beige - Ava ,Ava,2,Biustonosz 2200 BEI,Ava,2,Biustonosz soft Ava 2200,Ava,2
5900965095095, Biustonosz Soft Model 2200 Beige - Ava ,Ava,3,Biustonosz 2200 BEI,Ava,3,Biustonosz soft Ava 2200,Ava,4
5900965095132, Biustonosz Soft Model 2200 Beige - Ava ,Ava,1,Biustonosz 2200 BEI,Ava,1,Biustonosz soft Ava 2200,Ava,2
5900965095149, Biustonosz Soft Model 2200 Beige - Ava ,Ava,1,Biustonosz 2200 BEI,Ava,1,Biustonosz soft Ava 2200,Ava,4
5900965095163, Biustonosz Soft Model 2200 Beige - Ava ,Ava,2,Biustonosz 2200 BEI,Ava,2,Biustonosz soft Ava 2200,Ava,3
5900965095170, Biustonosz Soft Model 2200 Beige - Ava ,Ava,3,Biustonosz 2200 BEI,Ava,3,Biustonosz soft Ava 2200,Ava,5
5900965095187, Biustonosz Soft Model 2200 Beige - Ava ,Ava,3,Biustonosz 2200 BEI,Ava,3,Biustonosz soft Ava 2200,Ava,4
5900965095194, Biustonosz Soft Model 2200 Beige - Ava ,Ava,2,Biustonosz 2200 BEI,Ava,2,Biustonosz soft Ava 2200,Ava,4
5900965095200, Biustonosz Soft Model 2200 Beige - Ava ,Ava,3,Biustonosz 2200 BEI,Ava,3,Biustonosz soft Ava 2200,Ava,3
5900965095217, Biustonosz Soft Model 2200 Beige - Ava ,Ava,4,Biustonosz 2200 BEI,Ava,4,Biustonosz soft Ava 2200,Ava,3
5900965095248, Biustonosz Soft Model 2200 Beige - Ava ,Ava,2,Biustonosz 2200 BEI,Ava,2,Biustonosz soft Ava 2200,Ava,5
5900965095255, Biustonosz Soft Model 2200 Beige - Ava ,Ava,1,Biustonosz 2200 BEI,Ava,1,Biustonosz soft Ava 2200,Ava,4
5900965095262, Biustonosz Soft Model 2200 Beige - Ava ,Ava,3,Biustonosz 2200 BEI,Ava,3,Biustonosz soft Ava 2200,Ava,3
5900965095279, Biustonosz Soft Model 2200 Beige - Ava ,Ava,2,Biustonosz 2200 BEI,Ava,2,Biustonosz soft Ava 2200,Ava,3
5900965095286, Biustonosz Soft Model 2200 Beige - Ava ,Ava,3,Biustonosz 2200 BEI,Ava,3,Biustonosz soft Ava 2200,Ava,3
5900965095293, Biustonosz Soft Model 2200 Beige - Ava ,Ava,1,Biustonosz 2200 BEI,Ava,1,Biustonosz soft Ava 2200,Ava,2
5900965095309, Biustonosz Soft Model 2200 Beige - Ava ,Ava,3,Biustonosz 2200 BEI,Ava,3,Biustonosz soft Ava 2200,Ava,1
5900965095316, Biustonosz Soft Model 2200 Beige - Ava ,Ava,2,Biustonosz 2200 BEI,Ava,2,Biustonosz soft Ava 2200,Ava,2
5900965095323, Biustonosz Soft Model 2200 Beige - Ava ,Ava,2,Biustonosz 2200 BEI,Ava,2,Biustonosz soft Ava 2200,Ava,3
5900965095330, Biustonosz Soft Model 2200 Beige - Ava ,Ava,2,Biustonosz 2200 BEI,Ava,2,Biustonosz soft Ava 2200,Ava,2
5900965095354, Biustonosz Soft Model 2200 Beige - Ava ,Ava,3,Biustonosz 2200 BEI,Ava,3,Biustonosz soft Ava 2200,Ava,3
5900965095361, Biustonosz Soft Model 2200 Beige - Ava ,Ava,2,Biustonosz 2200 BEI,Ava,2,Biustonosz soft Ava 2200,Ava,2
5900965095491, Figi Model 2200 Beige - Ava ,Ava,2,Figi 2200 BEI,Ava,2,Figi Ava 2200 S-3XL,Ava,2
5900965095514, Figi Model 2200 Beige - Ava ,Ava,2,Figi 2200 BEI,Ava,2,Figi Ava 2200 S-3XL,Ava,3
5900965095521, Figi Model 2200 Beige - Ava ,Ava,0,Figi 2200 BEI,Ava,0,Figi Ava 2200 S-3XL,Ava,3
5900965095538, Figi Model 2200 Beige - Ava ,Ava,0,Figi 2200 BEI,Ava,0,Figi Ava 2200 S-3XL,Ava,2
5900965095545, Figi Model 2200 Beige - Ava ,Ava,0,Figi 2200 BEI,Ava,0,Figi Ava 2200 S-3XL,Ava,4
5900965095705, Biustonosz Soft Model 2200 Black - Ava ,Ava,3,Biustonosz 2200 BLA,Ava,3,Biustonosz soft Ava 2200,Ava,2
5900965095712, Biustonosz Soft Model 2200 Black - Ava ,Ava,4,Biustonosz 2200 BLA,Ava,4,Biustonosz soft Ava 2200,Ava,3
5900965095736, Biustonosz Soft Model 2200 Black - Ava ,Ava,4,Biustonosz 2200 BLA,Ava,4,Biustonosz soft Ava 2200,Ava,7
5900965095750, Biustonosz Soft Model 2200 Black - Ava ,Ava,4,Biustonosz 2200 BLA,Ava,4,Biustonosz soft Ava 2200,Ava,4
5900965095767, Biustonosz Soft Model 2200 Black - Ava ,Ava,3,Biustonosz 2200 BLA,Ava,3,Biustonosz soft Ava 2200,Ava,4
5900965095781, Biustonosz Soft Model 2200 Black - Ava ,Ava,2,Biustonosz 2200 BLA,Ava,2,Biustonosz soft Ava 2200,Ava,3
5900965095798, Biustonosz Soft Model 2200 Black - Ava ,Ava,4,Biustonosz 2200 BLA,Ava,4,Biustonosz soft Ava 2200,Ava,5
5900965095804, Biustonosz Soft Model 2200 Black - Ava ,Ava,4,Biustonosz 2200 BLA,Ava,4,Biustonosz soft Ava 2200,Ava,5
5900965095859, Biustonosz Soft Model 2200 Black - Ava ,Ava,2,Biustonosz 2200 BLA,Ava,2,Biustonosz soft Ava 2200,Ava,3
5900965095866, Biustonosz Soft Model 2200 Black - Ava ,Ava,5,Biustonosz 2200 BLA,Ava,5,Biustonosz soft Ava 2200,Ava,3
5900965095873, Biustonosz Soft Model 2200 Black - Ava ,Ava,5,Biustonosz 2200 BLA,Ava,5,Biustonosz soft Ava 2200,Ava,3
5900965095880, Biustonosz Soft Model 2200 Black - Ava ,Ava,5,Biustonosz 2200 BLA,Ava,5,Biustonosz soft Ava 2200,Ava,2
5900965095897, Biustonosz Soft Model 2200 Black - Ava ,Ava,1,Biustonosz 2200 BLA,Ava,1,Biustonosz soft Ava 2200,Ava,3
5900965095903, Biustonosz Soft Model 2200 Black - Ava ,Ava,3,Biustonosz 2200 BLA,Ava,3,Biustonosz soft Ava 2200,Ava,1
5900965095910, Biustonosz Soft Model 2200 Black - Ava ,Ava,1,Biustonosz 2200 BLA,Ava,1,Biustonosz soft Ava 2200,Ava,4
5900965095927, Biustonosz Soft Model 2200 Black - Ava ,Ava,2,Biustonosz 2200 BLA,Ava,2,Biustonosz soft Ava 2200,Ava,3
5900965095934, Biustonosz Soft Model 2200 Black - Ava ,Ava,2,Biustonosz 2200 BLA,Ava,2,Biustonosz soft Ava 2200,Ava,2
5900965095965, Biustonosz Soft Model 2200 Black - Ava ,Ava,3,Biustonosz 2200 BLA,Ava,3,Biustonosz soft Ava 2200,Ava,3
5900965095972, Biustonosz Soft Model 2200 Black - Ava ,Ava,3,Biustonosz 2200 BLA,Ava,3,Biustonosz soft Ava 2200,Ava,4
5900965095996, Biustonosz Soft Model 2200 Black - Ava ,Ava,2,Biustonosz 2200 BLA,Ava,2,Biustonosz soft Ava 2200,Ava,2
5900965124108, Biustonosz push up Biustonosz Push-up Model 2202 Beige - Ava ,Ava,2,Biustonosz 2202 BEI,Ava,2,Biustonosz push-up Ava 2202,Ava,4
5900965124115, Biustonosz push up Biustonosz Push-up Model 2202 Beige - Ava ,Ava,2,Biustonosz 2202 BEI,Ava,2,Biustonosz push-up Ava 2202,Ava,1
5900965124122, Biustonosz push up Biustonosz Push-up Model 2202 Beige - Ava ,Ava,4,Biustonosz 2202 BEI,Ava,4,Biustonosz push-up Ava 2202,Ava,2
5900965124153, Biustonosz push up Biustonosz Push-up Model 2202 Beige - Ava ,Ava,5,Biustonosz 2202 BEI,Ava,5,Biustonosz push-up Ava 2202,Ava,7
5900965124177, Biustonosz push up Biustonosz Push-up Model 2202 Beige - Ava ,Ava,5,Biustonosz 2202 BEI,Ava,5,Biustonosz push-up Ava 2202,Ava,6
5900965124184, Biustonosz push up Biustonosz Push-up Model 2202 Beige - Ava ,Ava,3,Biustonosz 2202 BEI,Ava,3,Biustonosz push-up Ava 2202,Ava,1
5900965124191, Biustonosz push up Biustonosz Push-up Model 2202 Beige - Ava ,Ava,3,Biustonosz 2202 BEI,Ava,3,Biustonosz push-up Ava 2202,Ava,4
5900965124207, Biustonosz push up Biustonosz Push-up Model 2202 Beige - Ava ,Ava,2,Biustonosz 2202 BEI,Ava,2,Biustonosz push-up Ava 2202,Ava,7
5900965124221, Biustonosz push up Biustonosz Push-up Model 2202 Beige - Ava ,Ava,4,Biustonosz 2202 BEI,Ava,4,Biustonosz push-up Ava 2202,Ava,3
5900965124245, Biustonosz push up Biustonosz Push-up Model 2202 Beige - Ava ,Ava,2,Biustonosz 2202 BEI,Ava,2,Biustonosz push-up Ava 2202,Ava,6
5900965134657, Biustonosz push up Biustonosz Push-up Model 2208 Panterka - Ava ,Ava,4,Biustonosz 2208 BPA,Ava,4,Biustonosz push-up Ava 2208,Ava,3
5900965134664, Biustonosz push up Biustonosz Push-up Model 2208 Panterka - Ava ,Ava,2,Biustonosz 2208 BPA,Ava,2,Biustonosz push-up Ava 2208,Ava,3
5900965134671, Biustonosz push up Biustonosz Push-up Model 2208 Panterka - Ava ,Ava,3,Biustonosz 2208 BPA,Ava,3,Biustonosz push-up Ava 2208,Ava,1
5900965134718, Biustonosz push up Biustonosz Push-up Model 2208 Panterka - Ava ,Ava,0,Biustonosz 2208 BPA,Ava,0,Biustonosz push-up Ava 2208,Ava,11
5900965134725, Biustonosz push up Biustonosz Push-up Model 2208 Panterka - Ava ,Ava,2,Biustonosz 2208 BPA,Ava,2,Biustonosz push-up Ava 2208,Ava,6
5900965134732, Biustonosz push up Biustonosz Push-up Model 2208 Panterka - Ava ,Ava,4,Biustonosz 2208 BPA,Ava,4,Biustonosz push-up Ava 2208,Ava,9
5900965134749, Biustonosz push up Biustonosz Push-up Model 2208 Panterka - Ava ,Ava,3,Biustonosz 2208 BPA,Ava,3,Biustonosz push-up Ava 2208,Ava,7
5900965134763, Biustonosz push up Biustonosz Push-up Model 2208 Panterka - Ava ,Ava,3,Biustonosz 2208 BPA,Ava,3,Biustonosz push-up Ava 2208,Ava,5
5900965134770, Biustonosz push up Biustonosz Push-up Model 2208 Panterka - Ava ,Ava,1,Biustonosz 2208 BPA,Ava,1,Biustonosz push-up Ava 2208,Ava,7
5900965134787, Biustonosz push up Biustonosz Push-up Model 2208 Panterka - Ava ,Ava,1,Biustonosz 2208 BPA,Ava,1,Biustonosz push-up Ava 2208,Ava,7
5900965134800, Biustonosz push up Biustonosz Push-up Model 2208 Panterka - Ava ,Ava,0,Biustonosz 2208 BPA,Ava,0,Biustonosz push-up Ava 2208,Ava,5
5900965134817, Biustonosz push up Biustonosz Push-up Model 2208 Panterka - Ava ,Ava,0,Biustonosz 2208 BPA,Ava,0,Biustonosz push-up Ava 2208,Ava,1
5900965134824, Biustonosz push up Biustonosz Push-up Model 2208 Panterka - Ava ,Ava,0,Biustonosz 2208 BPA,Ava,0,Biustonosz push-up Ava 2208,Ava,4
5900965194545, Biustonosz push up Biustonosz Usztywniany Model 2255 Beige - Ava ,Ava,2,Biustonosz 2255 BEI,Ava,2,Biustonosz kopa Ava 2255,Ava,5
5900965194552, Biustonosz push up Biustonosz Usztywniany Model 2255 Beige - Ava ,Ava,2,Biustonosz 2255 BEI,Ava,2,Biustonosz kopa Ava 2255,Ava,6
5900965194569, Biustonosz push up Biustonosz Usztywniany Model 2255 Beige - Ava ,Ava,3,Biustonosz 2255 BEI,Ava,3,Biustonosz kopa Ava 2255,Ava,5
5900965194606, Biustonosz push up Biustonosz Usztywniany Model 2255 Beige - Ava ,Ava,0,Biustonosz 2255 BEI,Ava,0,Biustonosz kopa Ava 2255,Ava,5
5900965194613, Biustonosz push up Biustonosz Usztywniany Model 2255 Beige - Ava ,Ava,1,Biustonosz 2255 BEI,Ava,1,Biustonosz kopa Ava 2255,Ava,10
5900965194620, Biustonosz push up Biustonosz Usztywniany Model 2255 Beige - Ava ,Ava,4,Biustonosz 2255 BEI,Ava,4,Biustonosz kopa Ava 2255,Ava,12
5900965194637, Biustonosz push up Biustonosz Usztywniany Model 2255 Beige - Ava ,Ava,0,Biustonosz 2255 BEI,Ava,0,Biustonosz kopa Ava 2255,Ava,8
5900965194644, Biustonosz push up Biustonosz Usztywniany Model 2255 Beige - Ava ,Ava,3,Biustonosz 2255 BEI,Ava,3,Biustonosz kopa Ava 2255,Ava,7
5900965194675, Biustonosz push up Biustonosz Usztywniany Model 2255 Beige - Ava ,Ava,1,Biustonosz 2255 BEI,Ava,1,Biustonosz kopa Ava 2255,Ava,5
5900965194682, Biustonosz push up Biustonosz Usztywniany Model 2255 Beige - Ava ,Ava,0,Biustonosz 2255 BEI,Ava,0,Biustonosz kopa Ava 2255,Ava,8
5900965194699, Biustonosz push up Biustonosz Usztywniany Model 2255 Beige - Ava ,Ava,5,Biustonosz 2255 BEI,Ava,5,Biustonosz kopa Ava 2255,Ava,7
5900965194705, Biustonosz push up Biustonosz Usztywniany Model 2255 Beige - Ava ,Ava,3,Biustonosz 2255 BEI,Ava,3,Biustonosz kopa Ava 2255,Ava,6
5900965194712, Biustonosz push up Biustonosz Usztywniany Model 2255 Beige - Ava ,Ava,2,Biustonosz 2255 BEI,Ava,2,Biustonosz kopa Ava 2255,Ava,7
5900965194743, Biustonosz push up Biustonosz Usztywniany Model 2255 Beige - Ava ,Ava,2,Biustonosz 2255 BEI,Ava,2,Biustonosz kopa Ava 2255,Ava,2
5900965194750, Biustonosz push up Biustonosz Usztywniany Model 2255 Beige - Ava ,Ava,2,Biustonosz 2255 BEI,Ava,2,Biustonosz kopa Ava 2255,Ava,2
5900965194767, Biustonosz push up Biustonosz Usztywniany Model 2255 Beige - Ava ,Ava,3,Biustonosz 2255 BEI,Ava,3,Biustonosz kopa Ava 2255,Ava,3
5900965194798, Biustonosz push up Biustonosz Usztywniany Model 2255 Beige - Ava ,Ava,1,Biustonosz 2255 BEI,Ava,1,Biustonosz kopa Ava 2255,Ava,2
5900965194804, Biustonosz push up Biustonosz Usztywniany Model 2255 Beige - Ava ,Ava,4,Biustonosz 2255 BEI,Ava,4,Biustonosz kopa Ava 2255,Ava,3
5900965194811, Biustonosz push up Biustonosz Usztywniany Model 2255 Beige - Ava ,Ava,2,Biustonosz 2255 BEI,Ava,2,Biustonosz kopa Ava 2255,Ava,3
5900965385936, Figi Model 1030 Novato White - Ava ,Ava,1,Figi 1030,Ava,1,Figi Ava 1030 S-XL,Ava,1
5900965385943, Figi Model 1030 Novato White - Ava ,Ava,4,Figi 1030,Ava,4,Figi Ava 1030 S-XL,Ava,3
5900965385998, Figi Model 1030 Novato White - Ava ,Ava,0,Figi 1030,Ava,0,Figi Ava 1030 S-XL,Ava,3
5900965386551, Biustonosz Soft Biustonosz Semi-Soft Model 1030 White - Ava ,Ava,5,Biustonosz 1030,Ava,5,Biustonosz semi soft Ava 1030,Ava,1
5900965533153, Biustonosz Soft Biustonosz Semi-Soft Model 1030 White - Ava ,Ava,3,Biustonosz 1030,Ava,3,Biustonosz semi soft Ava 1030,Ava,1
5900965547921, Biustonosz Soft Biustonosz Semi-Soft Model 1030 White - Ava ,Ava,14,Biustonosz 1030,Ava,14,Biustonosz semi soft Ava 1030,Ava,13
5900965547938, Biustonosz Soft Biustonosz Semi-Soft Model 1030 White - Ava ,Ava,12,Biustonosz 1030,Ava,12,Biustonosz semi soft Ava 1030,Ava,23
5900965555322, Figi Model 1030 Novato White - Ava ,Ava,3,Figi 1030,Ava,3,Figi Ava 1030 2XL-3XL,Ava,1
5900965570103, Biustonosz Soft Biustonosz Semi-Soft Model 1030 White - Ava ,Ava,18,Biustonosz 1030,Ava,18,Biustonosz semi soft Ava 1030,Ava,17
5900965580614, Biustonosz Soft Biustonosz Semi-Soft Model 1030 White - Ava ,Ava,12,Biustonosz 1030,Ava,12,Biustonosz semi soft Ava 1030,Ava,21
5900965588238, Biustonosz Soft Biustonosz Semi-Soft Model 1030 White - Ava ,Ava,4,Biustonosz 1030,Ava,4,Biustonosz semi soft Ava 1030,Ava,7
5900965595632, Biustonosz Soft Biustonosz Semi-Soft Model 1030 White - Ava ,Ava,13,Biustonosz 1030,Ava,13,Biustonosz semi soft Ava 1030,Ava,15
5900965595724, Biustonosz Soft Biustonosz Semi-Soft Model 1030 White - Ava ,Ava,9,Biustonosz 1030,Ava,9,Biustonosz semi soft Ava 1030,Ava,1
5900965626329, Biustonosz Soft Biustonosz Semi-Soft Model 1030 White - Ava ,Ava,6,Biustonosz 1030,Ava,6,Biustonosz semi soft Ava 1030,Ava,12
5900965633723, Biustonosz Soft Biustonosz Semi-Soft Model 1030 White - Ava ,Ava,13,Biustonosz 1030,Ava,13,Biustonosz semi soft Ava 1030,Ava,5
5900965641308, Biustonosz Soft Biustonosz Semi-Soft Model 1030 White - Ava ,Ava,6,Biustonosz 1030,Ava,6,Biustonosz semi soft Ava 1030,Ava,14
5900965648703, Biustonosz Soft Biustonosz Semi-Soft Model 1030 White - Ava ,Ava,15,Biustonosz 1030,Ava,15,Biustonosz semi soft Ava 1030,Ava,16
5900965668510, Biustonosz Soft Biustonosz Semi-Soft Model 1030 White - Ava ,Ava,3,Biustonosz 1030,Ava,3,Biustonosz semi soft Ava 1030,Ava,4
5900965668527, Biustonosz Soft Biustonosz Semi-Soft Model 1030 White - Ava ,Ava,2,Biustonosz 1030,Ava,2,Biustonosz semi soft Ava 1030,Ava,1
5900965668565, Biustonosz Soft Biustonosz Semi-Soft Model 1030 White - Ava ,Ava,2,Biustonosz 1030,Ava,2,Biustonosz semi soft Ava 1030,Ava,2
5900965709749, Biustonosz Soft Biustonosz Semi-Soft Model 1030 Novato Black - Ava ,Ava,6,Biustonosz 1030,Ava,6,Biustonosz semi soft Ava 1030,Ava,8
5900965709763, Biustonosz Soft Biustonosz Semi-Soft Model 1030 Novato Black - Ava ,Ava,3,Biustonosz 1030,Ava,3,Biustonosz semi soft Ava 1030,Ava,9
5900965709848, Biustonosz Soft Biustonosz Semi-Soft Model 1030 Novato Black - Ava ,Ava,12,Biustonosz 1030,Ava,12,Biustonosz semi soft Ava 1030,Ava,5
5900965709862, Biustonosz Soft Biustonosz Semi-Soft Model 1030 Novato Black - Ava ,Ava,19,Biustonosz 1030,Ava,19,Biustonosz semi soft Ava 1030,Ava,8
5900965709947, Biustonosz Soft Biustonosz Semi-Soft Model 1030 Novato Black - Ava ,Ava,13,Biustonosz 1030,Ava,13,Biustonosz semi soft Ava 1030,Ava,5
5900965709954, Biustonosz Soft Biustonosz Semi-Soft Model 1030 Novato Black - Ava ,Ava,22,Biustonosz 1030,Ava,22,Biustonosz semi soft Ava 1030,Ava,2
5900965709978, Biustonosz Soft Biustonosz Semi-Soft Model 1030 Novato Black - Ava ,Ava,19,Biustonosz 1030,Ava,19,Biustonosz semi soft Ava 1030,Ava,13
5900965710028, Biustonosz Soft Biustonosz Semi-Soft Model 1030 Novato Black - Ava ,Ava,3,Biustonosz 1030,Ava,3,Biustonosz semi soft Ava 1030,Ava,1
5900965710073, Biustonosz Soft Biustonosz Semi-Soft Model 1030 Novato Black - Ava ,Ava,11,Biustonosz 1030,Ava,11,Biustonosz semi soft Ava 1030,Ava,8
5900965710097, Biustonosz Soft Biustonosz Semi-Soft Model 1030 Novato Black - Ava ,Ava,8,Biustonosz 1030,Ava,8,Biustonosz semi soft Ava 1030,Ava,12
5900965710103, Biustonosz Soft Biustonosz Semi-Soft Model 1030 Novato Black - Ava ,Ava,8,Biustonosz 1030,Ava,8,Biustonosz semi soft Ava 1030,Ava,18
5900965710127, Biustonosz Soft Biustonosz Semi-Soft Model 1030 Novato Black - Ava ,Ava,9,Biustonosz 1030,Ava,9,Biustonosz semi soft Ava 1030,Ava,9
5900965710141, Biustonosz Soft Biustonosz Semi-Soft Model 1030 Novato Black - Ava ,Ava,6,Biustonosz 1030,Ava,6,Biustonosz semi soft Ava 1030,Ava,15
5900965710158, Biustonosz Soft Biustonosz Semi-Soft Model 1030 Novato Black - Ava ,Ava,4,Biustonosz 1030,Ava,4,Biustonosz semi soft Ava 1030,Ava,15
5900965710189, Biustonosz Soft Biustonosz Semi-Soft Model 1030 Novato Black - Ava ,Ava,15,Biustonosz 1030,Ava,15,Biustonosz semi soft Ava 1030,Ava,11
5900965710318, Biustonosz Soft Biustonosz Semi-Soft Model 1030 Novato Black - Ava ,Ava,4,Biustonosz 1030,Ava,4,Biustonosz semi soft Ava 1030,Ava,2
5900965713319, Figi Model 1030 Novato Black - Ava ,Ava,2,Figi 1030,Ava,2,Figi Ava 1030 2XL-3XL,Ava,3
5900965785446, Figi Brazyliany Model 222/B Apricot - Ava ,Ava,2,Figi 2222/B APR,Ava,2,Figi Ava 2222/B Bazyliany S-2XL,Ava,2
5900965785453, Figi Brazyliany Model 222/B Apricot - Ava ,Ava,2,Figi 2222/B APR,Ava,2,Figi Ava 2222/B Bazyliany S-2XL,Ava,2
5901208419111, Stringi Szortostringi Model Wild 019 White - Ewana ,Ewana,10,Szorty 019,Ewana,8,Stringo-szorty Ewana N 19 S-XL,Ewana,8
5901208419128, Stringi Szortostringi Model Wild 019 White - Ewana ,Ewana,7,Szorty 019,Ewana,6,Stringo-szorty Ewana N 19 S-XL,Ewana,16
5901208419135, Stringi Szortostringi Model Wild 019 White - Ewana ,Ewana,4,Szorty 019,Ewana,4,Stringo-szorty Ewana N 19 S-XL,Ewana,13
5901208419142, Stringi Szortostringi Model Wild 019 White - Ewana ,Ewana,6,Szorty 019,Ewana,4,Stringo-szorty Ewana N 19 S-XL,Ewana,11
5901208419210, Stringi Szorto-stringi Model Wild 019 Black - Ewana ,Ewana,5,Szorty 019,Ewana,3,Stringo-szorty Ewana N 19 S-XL,Ewana,7
5901208419227, Stringi Szorto-stringi Model Wild 019 Black - Ewana ,Ewana,5,Szorty 019,Ewana,5,Stringo-szorty Ewana N 19 S-XL,Ewana,8
5901208419234, Stringi Szorto-stringi Model Wild 019 Black - Ewana ,Ewana,8,Szorty 019,Ewana,6,Stringo-szorty Ewana N 19 S-XL,Ewana,8
5901208419241, Stringi Szorto-stringi Model Wild 019 Black - Ewana ,Ewana,7,Szorty 019,Ewana,5,Stringo-szorty Ewana N 19 S-XL,Ewana,10
5901208419319, Stringi Szortostringi Model Wild 019 Ecru - Ewana ,Ewana,6,Szorty 019,Ewana,3,Stringo-szorty Ewana N 19 S-XL,Ewana,3
5901208419333, Stringi Szortostringi Model Wild 019 Ecru - Ewana ,Ewana,4,Szorty 019,Ewana,4,Stringo-szorty Ewana N 19 S-XL,Ewana,7
5901208419340, Stringi Szortostringi Model Wild 019 Ecru - Ewana ,Ewana,4,Szorty 019,Ewana,2,Stringo-szorty Ewana N 19 S-XL,Ewana,6
5901208419418, Stringi Szortostringi Model Wild 019 Red - Ewana ,Ewana,4,Szorty 019,Ewana,2,Stringo-szorty Ewana N 19 czerwone S-XL,Ewana,7
5901208419425, Stringi Szortostringi Model Wild 019 Red - Ewana ,Ewana,4,Szorty 019,Ewana,1,Stringo-szorty Ewana N 19 czerwone S-XL,Ewana,8
5901208419432, Stringi Szortostringi Model Wild 019 Red - Ewana ,Ewana,7,Szorty 019,Ewana,4,Stringo-szorty Ewana N 19 czerwone S-XL,Ewana,9
5901208419449, Stringi Szortostringi Model Wild 019 Red - Ewana ,Ewana,4,Szorty 019,Ewana,1,Stringo-szorty Ewana N 19 czerwone S-XL,Ewana,11
5901208419517, Stringi Szortostringi Model Wild 019 Beige - Ewana ,Ewana,3,Szorty 019,Ewana,2,Stringo-szorty Ewana N 19 S-XL,Ewana,7
5901208419524, Stringi Szortostringi Model Wild 019 Beige - Ewana ,Ewana,5,Szorty 019,Ewana,5,Stringo-szorty Ewana N 19 S-XL,Ewana,10
5901208419531, Stringi Szortostringi Model Wild 019 Beige - Ewana ,Ewana,4,Szorty 019,Ewana,4,Stringo-szorty Ewana N 19 S-XL,Ewana,10
5901208419548, Stringi Szortostringi Model Wild 019 Beige - Ewana ,Ewana,8,Szorty 019,Ewana,5,Stringo-szorty Ewana N 19 S-XL,Ewana,11
5901208422111, Figi Model 022 White - Ewana ,Ewana,2,Szorty 022,Ewana,2,Figi Ewana N 22 S-XL,Ewana,9
5901208422135, Figi Model 022 White - Ewana ,Ewana,0,Szorty 022,Ewana,5,Figi Ewana N 22 S-XL,Ewana,3
5901208422142, Figi Model 022 White - Ewana ,Ewana,1,Szorty 022,Ewana,4,Figi Ewana N 22 S-XL,Ewana,9
5901208422210, Figi Model 022 Black - Ewana ,Ewana,0,Szorty 022,Ewana,4,Figi Ewana N 22 S-XL,Ewana,5
5901208428212, Figi Model 028 Black - Ewana ,Ewana,4,Figi 028,Ewana,0,Figi Ewana N 028 S-XL,Ewana,4
5901208428236, Figi Model 028 Black - Ewana ,Ewana,0,Figi 028,Ewana,0,Figi Ewana N 028 S-XL,Ewana,4
5901208433117, Figi Model 033 White - Ewana ,Ewana,3,Szorty 033,Ewana,5,Figi Ewana N 033 S-XL,Ewana,4
5901208433124, Figi Model 033 White - Ewana ,Ewana,2,Szorty 033,Ewana,4,Figi Ewana N 033 S-XL,Ewana,4
5901208433131, Figi Model 033 White - Ewana ,Ewana,0,Szorty 033,Ewana,5,Figi Ewana N 033 S-XL,Ewana,7
5901208433148, Figi Model 033 White - Ewana ,Ewana,2,Szorty 033,Ewana,2,Figi Ewana N 033 S-XL,Ewana,9
5901208433216, Figi Model 033 Black - Ewana ,Ewana,1,Szorty 033,Ewana,4,Figi Ewana N 033 S-XL,Ewana,3
5901208433223, Figi Model 033 Black - Ewana ,Ewana,0,Szorty 033,Ewana,2,Figi Ewana N 033 S-XL,Ewana,5
5901208433247, Figi Model 033 Black - Ewana ,Ewana,0,Szorty 033,Ewana,4,Figi Ewana N 033 S-XL,Ewana,9
5901208433513, Figi Model 033 Beige - Ewana ,Ewana,0,Szorty 033,Ewana,4,Figi Ewana N 033 S-XL,Ewana,7
5901208433520, Figi Model 033 Beige - Ewana ,Ewana,0,Szorty 033,Ewana,4,Figi Ewana N 033 S-XL,Ewana,9
5901208433537, Figi Model 033 Beige - Ewana ,Ewana,0,Szorty 033,Ewana,4,Figi Ewana N 033 S-XL,Ewana,9
5901208433544, Figi Model 033 Beige - Ewana ,Ewana,0,Szorty 033,Ewana,5,Figi Ewana N 033 S-XL,Ewana,10
5901208453214, Figi Model Aggi 053 Black - Ewana ,Ewana,2,Figi 053,Ewana,2,Figi Ewana N 53 S-XL,Ewana,1
5901208455218, Figi Model 055 Black - Ewana ,Ewana,5,Figi 055,Ewana,5,Figi Ewana N 055 S-XL,Ewana,5
5901208461141, Figi Model Estera 061 White - Ewana ,Ewana,6,Figi 061,Ewana,5,Figi Ewana N 61 S-XL,Ewana,3
5901208461448, Figi Model Estera 061 Red - Ewana ,Ewana,3,Figi 061,Ewana,3,Figi Ewana N 61 S-XL,Ewana,2
5901208463121, Figi Model Audrey 063 White - Ewana ,Ewana,3,Figi 063,Ewana,3,Figi Ewana N 63 S-XL,Ewana,17
5901208463138, Figi Model Audrey 063 White - Ewana ,Ewana,6,Figi 063,Ewana,6,Figi Ewana N 63 S-XL,Ewana,7
5901208463145, Figi Model Audrey 063 White - Ewana ,Ewana,4,Figi 063,Ewana,4,Figi Ewana N 63 S-XL,Ewana,18
5901208463220, Figi Model Audrey 063 Black - Ewana ,Ewana,8,Figi 063,Ewana,8,Figi Ewana N 63 S-XL,Ewana,15
5901208463237, Figi Model Audrey 063 Black - Ewana ,Ewana,5,Figi 063,Ewana,5,Figi Ewana N 63 S-XL,Ewana,15
5901208465118, Figi Model Adeline 065 White - Ewana ,Ewana,2,Figi 065,Ewana,2,Figi Ewana N 65 S-2XL,Ewana,15
5901208465125, Figi Model Adeline 065 White - Ewana ,Ewana,4,Figi 065,Ewana,4,Figi Ewana N 65 S-2XL,Ewana,19
5901208465132, Figi Model Adeline 065 White - Ewana ,Ewana,2,Figi 065,Ewana,2,Figi Ewana N 65 S-2XL,Ewana,18
5901208465149, Figi Model Adeline 065 White - Ewana ,Ewana,7,Figi 065,Ewana,7,Figi Ewana N 65 S-2XL,Ewana,10
5901208465217, Figi Model Adeline 065 Black - Ewana ,Ewana,0,Figi 065,Ewana,0,Figi Ewana N 65 S-2XL,Ewana,13
5901208465224, Figi Model Adeline 065 Black - Ewana ,Ewana,3,Figi 065,Ewana,3,Figi Ewana N 65 S-2XL,Ewana,14
5901208465231, Figi Model Adeline 065 Black - Ewana ,Ewana,1,Figi 065,Ewana,1,Figi Ewana N 65 S-2XL,Ewana,13
5901208465248, Figi Model Adeline 065 Black - Ewana ,Ewana,8,Figi 065,Ewana,8,Figi Ewana N 65 S-2XL,Ewana,14
5901208465316, Figi Model Adeline 065 Ecru - Ewana ,Ewana,0,Figi 065,Ewana,0,Figi Ewana N 65 S-2XL,Ewana,1
5901208465323, Figi Model Adeline 065 Ecru - Ewana ,Ewana,3,Figi 065,Ewana,3,Figi Ewana N 65 S-2XL,Ewana,4
5901208465514, Figi Model Adeline 065 Beige - Ewana ,Ewana,3,Figi 065,Ewana,3,Figi Ewana N 65 S-2XL,Ewana,7
5901208465521, Figi Model Adeline 065 Beige - Ewana ,Ewana,4,Figi 065,Ewana,4,Figi Ewana N 65 S-2XL,Ewana,24
5901208465538, Figi Model Adeline 065 Beige - Ewana ,Ewana,1,Figi 065,Ewana,1,Figi Ewana N 65 S-2XL,Ewana,23
5901208465545, Figi Model Adeline 065 Beige - Ewana ,Ewana,3,Figi 065,Ewana,3,Figi Ewana N 65 S-2XL,Ewana,15
5901208469116, Figi Model 069 White - Ewana ,Ewana,1,Figi 069,Ewana,0,Figi Ewana N 069 S-2XL,Ewana,10
5901208469123, Figi Model 069 White - Ewana ,Ewana,4,Figi 069,Ewana,4,Figi Ewana N 069 S-2XL,Ewana,17
5901208469130, Figi Model 069 White - Ewana ,Ewana,8,Figi 069,Ewana,5,Figi Ewana N 069 S-2XL,Ewana,17
5901208469147, Figi Model 069 White - Ewana ,Ewana,6,Figi 069,Ewana,3,Figi Ewana N 069 S-2XL,Ewana,14
5901208469215, Figi Model 069 Black - Ewana ,Ewana,3,Figi 069,Ewana,2,Figi Ewana N 069 S-2XL,Ewana,6
5901208469222, Figi Model 069 Black - Ewana ,Ewana,3,Figi 069,Ewana,3,Figi Ewana N 069 S-2XL,Ewana,16
5901208469239, Figi Model 069 Black - Ewana ,Ewana,4,Figi 069,Ewana,4,Figi Ewana N 069 S-2XL,Ewana,17
5901208469246, Figi Model 069 Black - Ewana ,Ewana,2,Figi 069,Ewana,2,Figi Ewana N 069 S-2XL,Ewana,16
5901208484119, Figi Model Aruba 084 White - Ewana ,Ewana,7,Figi 084,Ewana,4,Figi Ewana N 84 S-2XL,Ewana,9
5901208484126, Figi Model Aruba 084 White - Ewana ,Ewana,0,Figi 084,Ewana,0,Figi Ewana N 84 S-2XL,Ewana,14
5901208484133, Figi Model Aruba 084 White - Ewana ,Ewana,4,Figi 084,Ewana,4,Figi Ewana N 84 S-2XL,Ewana,10
5901208484140, Figi Model Aruba 084 White - Ewana ,Ewana,6,Figi 084,Ewana,6,Figi Ewana N 84 S-2XL,Ewana,8
5901208484218, Figi Model Aruba 084 Black - Ewana ,Ewana,7,Figi 084,Ewana,7,Figi Ewana N 84 S-2XL,Ewana,5
5901208484225, Figi Model Aruba 084 Black - Ewana ,Ewana,3,Figi 084,Ewana,3,Figi Ewana N 84 S-2XL,Ewana,7
5901208484232, Figi Model Aruba 084 Black - Ewana ,Ewana,5,Figi 084,Ewana,5,Figi Ewana N 84 S-2XL,Ewana,9
5901208484249, Figi Model Aruba 084 Black - Ewana ,Ewana,6,Figi 084,Ewana,5,Figi Ewana N 84 S-2XL,Ewana,6
5901208485116, Figi Model 085 White - Ewana ,Ewana,7,Figi 085,Ewana,5,Figi Ewana N 085 S-XL,Ewana,5
5901208485123, Figi Model 085 White - Ewana ,Ewana,7,Figi 085,Ewana,5,Figi Ewana N 085 S-XL,Ewana,9
5901208485130, Figi Model 085 White - Ewana ,Ewana,8,Figi 085,Ewana,8,Figi Ewana N 085 S-XL,Ewana,10
5901208485147, Figi Model 085 White - Ewana ,Ewana,4,Figi 085,Ewana,4,Figi Ewana N 085 S-XL,Ewana,9
5901208485413, Figi Model 085 Red - Ewana ,Ewana,2,Figi 085,Ewana,2,Figi Ewana N 085 S-XL,Ewana,3
5901208485420, Figi Model 085 Red - Ewana ,Ewana,2,Figi 085,Ewana,2,Figi Ewana N 085 S-XL,Ewana,6
5901208485437, Figi Model 085 Red - Ewana ,Ewana,5,Figi 085,Ewana,4,Figi Ewana N 085 S-XL,Ewana,5
5901208485444, Figi Model 085 Red - Ewana ,Ewana,6,Figi 085,Ewana,5,Figi Ewana N 085 S-XL,Ewana,5
5901208485512, Figi Model 085 Beige - Ewana ,Ewana,10,Figi 085,Ewana,7,Figi Ewana N 085 S-XL,Ewana,11
5901208485529, Figi Model 085 Beige - Ewana ,Ewana,8,Figi 085,Ewana,5,Figi Ewana N 085 S-XL,Ewana,25
5901208485536, Figi Model 085 Beige - Ewana ,Ewana,8,Figi 085,Ewana,7,Figi Ewana N 085 S-XL,Ewana,13
5901208485543, Figi Model 085 Beige - Ewana ,Ewana,9,Figi 085,Ewana,9,Figi Ewana N 085 S-XL,Ewana,21
5901208489114, Figi Model 089 White - Ewana ,Ewana,0,Figi 089,Ewana,3,Figi Ewana N 089 S-2XL,Ewana,9
5901208489121, Figi Model 089 White - Ewana ,Ewana,2,Figi 089,Ewana,8,Figi Ewana N 089 S-2XL,Ewana,20
5901208489138, Figi Model 089 White - Ewana ,Ewana,0,Figi 089,Ewana,0,Figi Ewana N 089 S-2XL,Ewana,14
5901208489145, Figi Model 089 White - Ewana ,Ewana,1,Figi 089,Ewana,1,Figi Ewana N 089 S-2XL,Ewana,4
5901208489213, Figi Model 089 Black - Ewana ,Ewana,1,Figi 089,Ewana,4,Figi Ewana N 089 S-2XL,Ewana,3
5901208489244, Figi Model 089 Black - Ewana ,Ewana,0,Figi 089,Ewana,3,Figi Ewana N 089 S-2XL,Ewana,12
5901208498116, Figi Model Scarlett 098 White - Ewana ,Ewana,11,Figi 098,Ewana,11,Szorty Ewana N 98 S-2XL,Ewana,18
5901208498123, Figi Model Scarlett 098 White - Ewana ,Ewana,15,Figi 098,Ewana,15,Szorty Ewana N 98 S-2XL,Ewana,27
5901208498130, Figi Model Scarlett 098 White - Ewana ,Ewana,20,Figi 098,Ewana,20,Szorty Ewana N 98 S-2XL,Ewana,23
5901208498147, Figi Model Scarlett 098 White - Ewana ,Ewana,9,Figi 098,Ewana,9,Szorty Ewana N 98 S-2XL,Ewana,33
5901208498154, Figi Model Scarlett 098 White - Ewana ,Ewana,6,Figi 098,Ewana,6,Szorty Ewana N 98 S-2XL,Ewana,28
5901208498215, Figi Model Scarlett 098 Black - Ewana ,Ewana,10,Figi 098,Ewana,10,Szorty Ewana N 98 S-2XL,Ewana,16
5901208498222, Figi Model Scarlett 098 Black - Ewana ,Ewana,0,Figi 098,Ewana,0,Szorty Ewana N 98 S-2XL,Ewana,24
5901208498239, Figi Model Scarlett 098 Black - Ewana ,Ewana,0,Figi 098,Ewana,0,Szorty Ewana N 98 S-2XL,Ewana,35
5901208498246, Figi Model Scarlett 098 Black - Ewana ,Ewana,7,Figi 098,Ewana,6,Szorty Ewana N 98 S-2XL,Ewana,33
5901208498253, Figi Model Scarlett 098 Black - Ewana ,Ewana,3,Figi 098,Ewana,3,Szorty Ewana N 98 S-2XL,Ewana,25
5901208498512, Figi Model Scarlett 098 Beige - Ewana ,Ewana,6,Figi 098,Ewana,1,Szorty Ewana N 98 S-2XL,Ewana,18
5901208498529, Figi Model Scarlett 098 Beige - Ewana ,Ewana,10,Figi 098,Ewana,10,Szorty Ewana N 98 S-2XL,Ewana,47
5901208498536, Figi Model Scarlett 098 Beige - Ewana ,Ewana,9,Figi 098,Ewana,8,Szorty Ewana N 98 S-2XL,Ewana,62
5901208498543, Figi Model Scarlett 098 Beige - Ewana ,Ewana,0,Figi 098,Ewana,0,Szorty Ewana N 98 S-2XL,Ewana,24
5901323239984,  Szlafrok Męski Model George Grey - L&L collection ,L&L collection,0,Szlafrok GEORGE,L&L,0,Szlafrok L&L George M-2XL męski,L&L,3
5901323239991,  Szlafrok Męski Model George Grey - L&L collection ,L&L collection,0,Szlafrok GEORGE,L&L,3,Szlafrok L&L George M-2XL męski,L&L,3
5901323240003,  Szlafrok Męski Model George Grey - L&L collection ,L&L collection,0,Szlafrok GEORGE,L&L,0,Szlafrok L&L George M-2XL męski,L&L,6
5901363632745, Biustonosz Soft Model Michelle BC-343 157884 Black - Kinga ,Kinga,24,Biustonosz BC-343,Kinga,0,Biustonosz soft Kinga BC 343 Michelle,Kinga,2
5901363633704, Biustonosz Soft Model Michelle BC-343 157884 Black - Kinga ,Kinga,20,Biustonosz BC-343,Kinga,0,Biustonosz soft Kinga BC 343 Michelle,Kinga,1
5901363633711, Biustonosz Soft Model Michelle BC-343 157884 Black - Kinga ,Kinga,25,Biustonosz BC-343,Kinga,0,Biustonosz soft Kinga BC 343 Michelle,Kinga,3
5901363633728, Biustonosz Soft Model Michelle BC-343 157884 Black - Kinga ,Kinga,25,Biustonosz BC-343,Kinga,0,Biustonosz soft Kinga BC 343 Michelle,Kinga,1
5901363633742, Biustonosz Soft Model Michelle BC-343 157884 Black - Kinga ,Kinga,33,Biustonosz BC-343,Kinga,0,Biustonosz soft Kinga BC 343 Michelle,Kinga,2
5901363633759, Biustonosz Soft Model Michelle BC-343 157884 Black - Kinga ,Kinga,23,Biustonosz BC-343,Kinga,0,Biustonosz soft Kinga BC 343 Michelle,Kinga,2
5901363633766, Biustonosz Soft Model Michelle BC-343 157884 Black - Kinga ,Kinga,22,Biustonosz BC-343,Kinga,0,Biustonosz soft Kinga BC 343 Michelle,Kinga,2
5901363633773, Biustonosz Soft Model Michelle BC-343 157884 Black - Kinga ,Kinga,33,Biustonosz BC-343,Kinga,0,Biustonosz soft Kinga BC 343 Michelle,Kinga,2
5901363633780, Biustonosz Soft Model Michelle BC-343 157884 Black - Kinga ,Kinga,21,Biustonosz BC-343,Kinga,0,Biustonosz soft Kinga BC 343 Michelle,Kinga,2
5901363633797, Biustonosz Soft Model Michelle BC-343 157884 Black - Kinga ,Kinga,23,Biustonosz BC-343,Kinga,0,Biustonosz soft Kinga BC 343 Michelle,Kinga,1
5901363633803, Biustonosz Soft Model Michelle BC-343 157884 Black - Kinga ,Kinga,34,Biustonosz BC-343,Kinga,0,Biustonosz soft Kinga BC 343 Michelle,Kinga,2
5901363633810, Biustonosz Soft Model Michelle BC-343 157884 Black - Kinga ,Kinga,40,Biustonosz BC-343,Kinga,0,Biustonosz soft Kinga BC 343 Michelle,Kinga,3
5901363633827, Biustonosz Soft Model Michelle BC-343 157884 Black - Kinga ,Kinga,40,Biustonosz BC-343,Kinga,0,Biustonosz soft Kinga BC 343 Michelle,Kinga,1
5901363633834, Biustonosz Soft Model Michelle BC-343 157884 Black - Kinga ,Kinga,40,Biustonosz BC-343,Kinga,0,Biustonosz soft Kinga BC 343 Michelle,Kinga,3
5901363633841, Biustonosz Soft Model Michelle BC-343 157884 Black - Kinga ,Kinga,32,Biustonosz BC-343,Kinga,0,Biustonosz soft Kinga BC 343 Michelle,Kinga,2
5901363633858, Biustonosz Soft Model Michelle BC-343 157884 Black - Kinga ,Kinga,22,Biustonosz BC-343,Kinga,0,Biustonosz soft Kinga BC 343 Michelle,Kinga,3
5901363633865, Biustonosz Soft Model Michelle BC-343 157884 Black - Kinga ,Kinga,17,Biustonosz BC-343,Kinga,0,Biustonosz soft Kinga BC 343 Michelle,Kinga,2
5901363633872, Biustonosz Soft Model Michelle BC-343 157884 Black - Kinga ,Kinga,40,Biustonosz BC-343,Kinga,0,Biustonosz soft Kinga BC 343 Michelle,Kinga,4
5901363633889, Biustonosz Soft Model Michelle BC-343 157884 Black - Kinga ,Kinga,19,Biustonosz BC-343,Kinga,0,Biustonosz soft Kinga BC 343 Michelle,Kinga,2
5901363633896, Biustonosz Soft Model Michelle BC-343 157884 Black - Kinga ,Kinga,40,Biustonosz BC-343,Kinga,0,Biustonosz soft Kinga BC 343 Michelle,Kinga,3
5901363633902, Biustonosz Soft Model Michelle BC-343 157884 Black - Kinga ,Kinga,26,Biustonosz BC-343,Kinga,0,Biustonosz soft Kinga BC 343 Michelle,Kinga,1
5901363633919, Biustonosz Soft Model Michelle BC-343 157884 Black - Kinga ,Kinga,1,Biustonosz BC-343,Kinga,0,Biustonosz soft Kinga BC 343 Michelle,Kinga,2
5901363633926, Biustonosz Soft Model Michelle BC-343 157884 Black - Kinga ,Kinga,17,Biustonosz BC-343,Kinga,0,Biustonosz soft Kinga BC 343 Michelle,Kinga,2
5901363633933, Biustonosz Soft Model Michelle BC-343 157884 Black - Kinga ,Kinga,20,Biustonosz BC-343,Kinga,0,Biustonosz soft Kinga BC 343 Michelle,Kinga,1
5901363633940, Biustonosz Soft Model Michelle BC-343 157884 Black - Kinga ,Kinga,40,Biustonosz BC-343,Kinga,0,Biustonosz soft Kinga BC 343 Michelle,Kinga,2
5901363633957, Biustonosz Soft Model Michelle BC-343 157884 Black - Kinga ,Kinga,17,Biustonosz BC-343,Kinga,0,Biustonosz soft Kinga BC 343 Michelle,Kinga,2
5901363633964, Biustonosz Soft Model Michelle BC-343 157884 Black - Kinga ,Kinga,29,Biustonosz BC-343,Kinga,0,Biustonosz soft Kinga BC 343 Michelle,Kinga,1
5901363633971, Biustonosz Soft Model Michelle BC-343 157884 Black - Kinga ,Kinga,36,Biustonosz BC-343,Kinga,0,Biustonosz soft Kinga BC 343 Michelle,Kinga,3
5901363633988, Biustonosz Soft Model Michelle BC-343 157884 Black - Kinga ,Kinga,36,Biustonosz BC-343,Kinga,0,Biustonosz soft Kinga BC 343 Michelle,Kinga,2
5901363633995, Biustonosz Soft Model Michelle BC-343 157884 Black - Kinga ,Kinga,15,Biustonosz BC-343,Kinga,0,Biustonosz soft Kinga BC 343 Michelle,Kinga,2
5901363634008, Biustonosz Soft Model Michelle BC-343 157884 Black - Kinga ,Kinga,16,Biustonosz BC-343,Kinga,0,Biustonosz soft Kinga BC 343 Michelle,Kinga,6
5901363634015, Biustonosz Soft Model Michelle BC-343 157884 Black - Kinga ,Kinga,40,Biustonosz BC-343,Kinga,0,Biustonosz soft Kinga BC 343 Michelle,Kinga,2
5901363635128, Biustonosz Soft Model Michelle BC-343 157883 White - Kinga ,Kinga,40,Biustonosz BC-343,Kinga,0,Biustonosz soft Kinga BC 343 Michelle,Kinga,1
5901363635135, Biustonosz Soft Model Michelle BC-343 157883 White - Kinga ,Kinga,40,Biustonosz BC-343,Kinga,0,Biustonosz soft Kinga BC 343 Michelle,Kinga,1
5901363635142, Biustonosz Soft Model Michelle BC-343 157883 White - Kinga ,Kinga,1,Biustonosz BC-343,Kinga,0,Biustonosz soft Kinga BC 343 Michelle,Kinga,1
5901363635159, Biustonosz Soft Model Michelle BC-343 157883 White - Kinga ,Kinga,40,Biustonosz BC-343,Kinga,0,Biustonosz soft Kinga BC 343 Michelle,Kinga,1
5901363635173, Biustonosz Soft Model Michelle BC-343 157883 White - Kinga ,Kinga,11,Biustonosz BC-343,Kinga,0,Biustonosz soft Kinga BC 343 Michelle,Kinga,2
5901363635197, Biustonosz Soft Model Michelle BC-343 157883 White - Kinga ,Kinga,21,Biustonosz BC-343,Kinga,0,Biustonosz soft Kinga BC 343 Michelle,Kinga,2
5901363635203, Biustonosz Soft Model Michelle BC-343 157883 White - Kinga ,Kinga,21,Biustonosz BC-343,Kinga,0,Biustonosz soft Kinga BC 343 Michelle,Kinga,2
5901363635210, Biustonosz Soft Model Michelle BC-343 157883 White - Kinga ,Kinga,25,Biustonosz BC-343,Kinga,0,Biustonosz soft Kinga BC 343 Michelle,Kinga,2
5901363635241, Biustonosz Soft Model Michelle BC-343 157883 White - Kinga ,Kinga,7,Biustonosz BC-343,Kinga,0,Biustonosz soft Kinga BC 343 Michelle,Kinga,3
5901363635258, Biustonosz Soft Model Michelle BC-343 157883 White - Kinga ,Kinga,28,Biustonosz BC-343,Kinga,0,Biustonosz soft Kinga BC 343 Michelle,Kinga,3
5901363635265, Biustonosz Soft Model Michelle BC-343 157883 White - Kinga ,Kinga,38,Biustonosz BC-343,Kinga,0,Biustonosz soft Kinga BC 343 Michelle,Kinga,3
5901363635272, Biustonosz Soft Model Michelle BC-343 157883 White - Kinga ,Kinga,29,Biustonosz BC-343,Kinga,0,Biustonosz soft Kinga BC 343 Michelle,Kinga,3
5901363635289, Biustonosz Soft Model Michelle BC-343 157883 White - Kinga ,Kinga,13,Biustonosz BC-343,Kinga,0,Biustonosz soft Kinga BC 343 Michelle,Kinga,3
5901363635296, Biustonosz Soft Model Michelle BC-343 157883 White - Kinga ,Kinga,28,Biustonosz BC-343,Kinga,0,Biustonosz soft Kinga BC 343 Michelle,Kinga,3
5901363635319, Biustonosz Soft Model Michelle BC-343 157883 White - Kinga ,Kinga,30,Biustonosz BC-343,Kinga,0,Biustonosz soft Kinga BC 343 Michelle,Kinga,1
5901363635326, Biustonosz Soft Model Michelle BC-343 157883 White - Kinga ,Kinga,33,Biustonosz BC-343,Kinga,0,Biustonosz soft Kinga BC 343 Michelle,Kinga,2
5901363635333, Biustonosz Soft Model Michelle BC-343 157883 White - Kinga ,Kinga,21,Biustonosz BC-343,Kinga,0,Biustonosz soft Kinga BC 343 Michelle,Kinga,2
5901363635364, Biustonosz Soft Model Michelle BC-343 157883 White - Kinga ,Kinga,40,Biustonosz BC-343,Kinga,0,Biustonosz soft Kinga BC 343 Michelle,Kinga,2
5901363635371, Biustonosz Soft Model Michelle BC-343 157883 White - Kinga ,Kinga,40,Biustonosz BC-343,Kinga,0,Biustonosz soft Kinga BC 343 Michelle,Kinga,3
5901363635388, Biustonosz Soft Model Michelle BC-343 157883 White - Kinga ,Kinga,40,Biustonosz BC-343,Kinga,0,Biustonosz soft Kinga BC 343 Michelle,Kinga,3
5901363635401, Biustonosz Soft Model Michelle BC-343 157883 White - Kinga ,Kinga,31,Biustonosz BC-343,Kinga,0,Biustonosz soft Kinga BC 343 Michelle,Kinga,2
5901363635418, Biustonosz Soft Model Michelle BC-343 157883 White - Kinga ,Kinga,40,Biustonosz BC-343,Kinga,0,Biustonosz soft Kinga BC 343 Michelle,Kinga,1
5901363635425, Biustonosz Soft Model Michelle BC-343 157883 White - Kinga ,Kinga,40,Biustonosz BC-343,Kinga,0,Biustonosz soft Kinga BC 343 Michelle,Kinga,2
5901363635432, Biustonosz Soft Model Michelle BC-343 157883 White - Kinga ,Kinga,19,Biustonosz BC-343,Kinga,0,Biustonosz soft Kinga BC 343 Michelle,Kinga,1
5901363635456, Biustonosz Soft Model Michelle BC-343 157883 White - Kinga ,Kinga,28,Biustonosz BC-343,Kinga,0,Biustonosz soft Kinga BC 343 Michelle,Kinga,1
5901363636064, Biustonosz Soft Model Michelle BC-343 157883 White - Kinga ,Kinga,30,Biustonosz BC-343,Kinga,0,Biustonosz soft Kinga BC 343 Michelle,Kinga,3
5901477616556," Gorsety, body, pasy Body z miseczkami Model 184 Livia Black - Gorsenia Lingerie ",Gorsenia Lingerie,0,Body G184 LIVIA,Gorsenia,0,Body Gorsenia Livia G 184,Gorsenia,3
5901477616563," Gorsety, body, pasy Body z miseczkami Model 184 Livia Black - Gorsenia Lingerie ",Gorsenia Lingerie,0,Body G184 LIVIA,Gorsenia,0,Body Gorsenia Livia G 184,Gorsenia,3
5901477616570," Gorsety, body, pasy Body z miseczkami Model 184 Livia Black - Gorsenia Lingerie ",Gorsenia Lingerie,0,Body G184 LIVIA,Gorsenia,0,Body Gorsenia Livia G 184,Gorsenia,3
5901477616594," Gorsety, body, pasy Body z miseczkami Model 184 Livia Black - Gorsenia Lingerie ",Gorsenia Lingerie,1,Body G184 LIVIA,Gorsenia,1,Body Gorsenia Livia G 184,Gorsenia,3
5901477616600," Gorsety, body, pasy Body z miseczkami Model 184 Livia Black - Gorsenia Lingerie ",Gorsenia Lingerie,0,Body G184 LIVIA,Gorsenia,0,Body Gorsenia Livia G 184,Gorsenia,2
5901477616655," Gorsety, body, pasy Body z miseczkami Model 184 Livia Black - Gorsenia Lingerie ",Gorsenia Lingerie,0,Body G184 LIVIA,Gorsenia,0,Body Gorsenia Livia G 184,Gorsenia,3
5901477616679," Gorsety, body, pasy Body z miseczkami Model 184 Livia Black - Gorsenia Lingerie ",Gorsenia Lingerie,0,Body G184 LIVIA,Gorsenia,0,Body Gorsenia Livia G 184,Gorsenia,1
5901477616686," Gorsety, body, pasy Body z miseczkami Model 184 Livia Black - Gorsenia Lingerie ",Gorsenia Lingerie,0,Body G184 LIVIA,Gorsenia,0,Body Gorsenia Livia G 184,Gorsenia,3
5901477616709," Gorsety, body, pasy Body z miseczkami Model 184 Livia Black - Gorsenia Lingerie ",Gorsenia Lingerie,0,Body G184 LIVIA,Gorsenia,0,Body Gorsenia Livia G 184,Gorsenia,2
5901477616716," Gorsety, body, pasy Body z miseczkami Model 184 Livia Black - Gorsenia Lingerie ",Gorsenia Lingerie,1,Body G184 LIVIA,Gorsenia,1,Body Gorsenia Livia G 184,Gorsenia,3
5901477616723," Gorsety, body, pasy Body z miseczkami Model 184 Livia Black - Gorsenia Lingerie ",Gorsenia Lingerie,0,Body G184 LIVIA,Gorsenia,0,Body Gorsenia Livia G 184,Gorsenia,3
5901477616730," Gorsety, body, pasy Body z miseczkami Model 184 Livia Black - Gorsenia Lingerie ",Gorsenia Lingerie,1,Body G184 LIVIA,Gorsenia,1,Body Gorsenia Livia G 184,Gorsenia,2
5901477616747," Gorsety, body, pasy Body z miseczkami Model 184 Livia Black - Gorsenia Lingerie ",Gorsenia Lingerie,1,Body G184 LIVIA,Gorsenia,1,Body Gorsenia Livia G 184,Gorsenia,3
5901477616754," Gorsety, body, pasy Body z miseczkami Model 184 Livia Black - Gorsenia Lingerie ",Gorsenia Lingerie,0,Body G184 LIVIA,Gorsenia,0,Body Gorsenia Livia G 184,Gorsenia,3
5901477648656," Gorsety, body, pasy Body z miseczkami Model 184 Livia Beige - Gorsenia Lingerie ",Gorsenia Lingerie,0,Body G184 LIVIA,Gorsenia,0,Body Gorsenia Livia G 184,Gorsenia,3
5901477648663," Gorsety, body, pasy Body z miseczkami Model 184 Livia Beige - Gorsenia Lingerie ",Gorsenia Lingerie,0,Body G184 LIVIA,Gorsenia,0,Body Gorsenia Livia G 184,Gorsenia,3
5901477648687," Gorsety, body, pasy Body z miseczkami Model 184 Livia Beige - Gorsenia Lingerie ",Gorsenia Lingerie,1,Body G184 LIVIA,Gorsenia,1,Body Gorsenia Livia G 184,Gorsenia,2
5901477648694," Gorsety, body, pasy Body z miseczkami Model 184 Livia Beige - Gorsenia Lingerie ",Gorsenia Lingerie,0,Body G184 LIVIA,Gorsenia,0,Body Gorsenia Livia G 184,Gorsenia,3
5901477648700," Gorsety, body, pasy Body z miseczkami Model 184 Livia Beige - Gorsenia Lingerie ",Gorsenia Lingerie,0,Body G184 LIVIA,Gorsenia,0,Body Gorsenia Livia G 184,Gorsenia,2
5901477648717," Gorsety, body, pasy Body z miseczkami Model 184 Livia Beige - Gorsenia Lingerie ",Gorsenia Lingerie,0,Body G184 LIVIA,Gorsenia,0,Body Gorsenia Livia G 184,Gorsenia,2
5901477648724," Gorsety, body, pasy Body z miseczkami Model 184 Livia Beige - Gorsenia Lingerie ",Gorsenia Lingerie,0,Body G184 LIVIA,Gorsenia,0,Body Gorsenia Livia G 184,Gorsenia,3
5901477648731," Gorsety, body, pasy Body z miseczkami Model 184 Livia Beige - Gorsenia Lingerie ",Gorsenia Lingerie,0,Body G184 LIVIA,Gorsenia,0,Body Gorsenia Livia G 184,Gorsenia,2
5901477648755," Gorsety, body, pasy Body z miseczkami Model 184 Livia Beige - Gorsenia Lingerie ",Gorsenia Lingerie,1,Body G184 LIVIA,Gorsenia,1,Body Gorsenia Livia G 184,Gorsenia,1
5901477648762," Gorsety, body, pasy Body z miseczkami Model 184 Livia Beige - Gorsenia Lingerie ",Gorsenia Lingerie,1,Body G184 LIVIA,Gorsenia,1,Body Gorsenia Livia G 184,Gorsenia,1
5901477648779," Gorsety, body, pasy Body z miseczkami Model 184 Livia Beige - Gorsenia Lingerie ",Gorsenia Lingerie,0,Body G184 LIVIA,Gorsenia,0,Body Gorsenia Livia G 184,Gorsenia,3
5901477648786," Gorsety, body, pasy Body z miseczkami Model 184 Livia Beige - Gorsenia Lingerie ",Gorsenia Lingerie,0,Body G184 LIVIA,Gorsenia,0,Body Gorsenia Livia G 184,Gorsenia,2
5901477648793," Gorsety, body, pasy Body z miseczkami Model 184 Livia Beige - Gorsenia Lingerie ",Gorsenia Lingerie,0,Body G184 LIVIA,Gorsenia,0,Body Gorsenia Livia G 184,Gorsenia,2
5901477648809," Gorsety, body, pasy Body z miseczkami Model 184 Livia Beige - Gorsenia Lingerie ",Gorsenia Lingerie,0,Body G184 LIVIA,Gorsenia,0,Body Gorsenia Livia G 184,Gorsenia,3
5901477648816," Gorsety, body, pasy Body z miseczkami Model 184 Livia Beige - Gorsenia Lingerie ",Gorsenia Lingerie,1,Body G184 LIVIA,Gorsenia,1,Body Gorsenia Livia G 184,Gorsenia,1
5901477648823," Gorsety, body, pasy Body z miseczkami Model 184 Livia Beige - Gorsenia Lingerie ",Gorsenia Lingerie,0,Body G184 LIVIA,Gorsenia,0,Body Gorsenia Livia G 184,Gorsenia,3
5901477648830," Gorsety, body, pasy Body z miseczkami Model 184 Livia Beige - Gorsenia Lingerie ",Gorsenia Lingerie,0,Body G184 LIVIA,Gorsenia,0,Body Gorsenia Livia G 184,Gorsenia,5
5901477648847," Gorsety, body, pasy Body z miseczkami Model 184 Livia Beige - Gorsenia Lingerie ",Gorsenia Lingerie,0,Body G184 LIVIA,Gorsenia,0,Body Gorsenia Livia G 184,Gorsenia,2
5901477648854," Gorsety, body, pasy Body z miseczkami Model 184 Livia Beige - Gorsenia Lingerie ",Gorsenia Lingerie,1,Body G184 LIVIA,Gorsenia,1,Body Gorsenia Livia G 184,Gorsenia,2
5901477648878," Gorsety, body, pasy Body z miseczkami Model 184 Livia Beige - Gorsenia Lingerie ",Gorsenia Lingerie,1,Body G184 LIVIA,Gorsenia,1,Body Gorsenia Livia G 184,Gorsenia,3
5901477648885," Gorsety, body, pasy Body z miseczkami Model 184 Livia Beige - Gorsenia Lingerie ",Gorsenia Lingerie,1,Body G184 LIVIA,Gorsenia,1,Body Gorsenia Livia G 184,Gorsenia,2
5901477648892," Gorsety, body, pasy Body z miseczkami Model 184 Livia Beige - Gorsenia Lingerie ",Gorsenia Lingerie,0,Body G184 LIVIA,Gorsenia,0,Body Gorsenia Livia G 184,Gorsenia,4
5901477648908," Gorsety, body, pasy Body z miseczkami Model 184 Livia Beige - Gorsenia Lingerie ",Gorsenia Lingerie,0,Body G184 LIVIA,Gorsenia,0,Body Gorsenia Livia G 184,Gorsenia,2
5901477648915," Gorsety, body, pasy Body z miseczkami Model 184 Livia Beige - Gorsenia Lingerie ",Gorsenia Lingerie,0,Body G184 LIVIA,Gorsenia,0,Body Gorsenia Livia G 184,Gorsenia,3
5901477648922," Gorsety, body, pasy Body z miseczkami Model 184 Livia Beige - Gorsenia Lingerie ",Gorsenia Lingerie,2,Body G184 LIVIA,Gorsenia,2,Body Gorsenia Livia G 184,Gorsenia,3
5901477648939," Gorsety, body, pasy Body z miseczkami Model 184 Livia Beige - Gorsenia Lingerie ",Gorsenia Lingerie,0,Body G184 LIVIA,Gorsenia,0,Body Gorsenia Livia G 184,Gorsenia,4
5901477663062," Gorsety, body, pasy Body z miseczkami Model 184 Livia Black - Gorsenia Lingerie ",Gorsenia Lingerie,0,Body G184 LIVIA,Gorsenia,0,Body Gorsenia Livia G 184,Gorsenia,3
5901490007034,  Figi Model Vivien White - Eldar ,Eldar,2,Figi VIVIEN,Eldar,2,Figi Eldar Vivien S-XL,Eldar,3
5901490007041,  Figi Model Vivien White - Eldar ,Eldar,3,Figi VIVIEN,Eldar,3,Figi Eldar Vivien S-XL,Eldar,3
5901490007058,  Figi Model Vivien White - Eldar ,Eldar,0,Figi VIVIEN,Eldar,0,Figi Eldar Vivien S-XL,Eldar,3
5901490007706,  Koszulka Model Clarissa White - Eldar ,Eldar,4,Koszulka CLARISSA,Eldar,4,Koszulka Eldar Clarissa biała sz/r S-XL,Eldar,17
5901490007713,  Koszulka Model Clarissa White - Eldar ,Eldar,6,Koszulka CLARISSA,Eldar,6,Koszulka Eldar Clarissa biała sz/r S-XL,Eldar,16
5901490007720,  Koszulka Model Clarissa White - Eldar ,Eldar,10,Koszulka CLARISSA,Eldar,10,Koszulka Eldar Clarissa biała sz/r S-XL,Eldar,18
5901490007737,  Koszulka Model Clarissa Black - Eldar ,Eldar,9,Koszulka CLARISSA,Eldar,9,Koszulka Eldar Clarissa czarna sz/r S-XL,Eldar,10
5901490007751,  Koszulka Model Clarissa Black - Eldar ,Eldar,8,Koszulka CLARISSA,Eldar,8,Koszulka Eldar Clarissa czarna sz/r S-XL,Eldar,8
5901490008482, Koszulka nocna Koszulka Model Maja White - Eldar ,Eldar,1,Koszulka MAJA,Eldar,1,Koszulka Eldar Maja biała w/r S-3XL,Eldar,10
5901490008499, Koszulka nocna Koszulka Model Maja White - Eldar ,Eldar,1,Koszulka MAJA,Eldar,1,Koszulka Eldar Maja biała w/r S-3XL,Eldar,7
5901490008505, Koszulka nocna Koszulka Model Maja White - Eldar ,Eldar,0,Koszulka MAJA,Eldar,0,Koszulka Eldar Maja biała w/r S-3XL,Eldar,3
5901490008512, Koszulka nocna Koszulka Model Maja Black - Eldar ,Eldar,3,Koszulka MAJA,Eldar,3,Koszulka Eldar Maja czarna w/r S-2XL,Eldar,5
5901490008529, Koszulka nocna Koszulka Model Maja Black - Eldar ,Eldar,1,Koszulka MAJA,Eldar,1,Koszulka Eldar Maja czarna w/r S-2XL,Eldar,4
5901490008536, Koszulka nocna Koszulka Model Maja Black - Eldar ,Eldar,5,Koszulka MAJA,Eldar,5,Koszulka Eldar Maja czarna w/r S-2XL,Eldar,3
5901490012762,  Figi Model Vanda White - Eldar ,Eldar,5,Figi VANDA,Eldar,5,Figi Eldar Vanda S-XL,Eldar,1
5901490012816,  Figi Model Vivien White - Eldar ,Eldar,2,Figi VIVIEN,Eldar,2,Figi Eldar Vivien S-XL,Eldar,2
5901490012946,  Koszulka Model Clarissa White - Eldar ,Eldar,5,Koszulka CLARISSA,Eldar,5,Koszulka Eldar Clarissa biała sz/r S-XL,Eldar,5
5901490012953,  Koszulka Model Clarissa Black - Eldar ,Eldar,4,Koszulka CLARISSA,Eldar,4,Koszulka Eldar Clarissa czarna sz/r S-XL,Eldar,4
5901490013202, Koszulka nocna Koszulka Model Maja White - Eldar ,Eldar,2,Koszulka MAJA,Eldar,2,Koszulka Eldar Maja biała w/r S-3XL,Eldar,2
5901490013219, Koszulka nocna Koszulka Model Maja Black - Eldar ,Eldar,2,Koszulka MAJA,Eldar,2,Koszulka Eldar Maja czarna w/r S-2XL,Eldar,3
5901490023454, Koszulka nocna Koszulka Model Maja Black - Eldar ,Eldar,4,Koszulka MAJA,Eldar,4,Koszulka Eldar Maja czarna w/r S-2XL,Eldar,2
5901490060008,  Figi Model Vivien Beige - Eldar ,Eldar,4,Figi VIVIEN,Eldar,4,Figi Eldar Vivien S-XL,Eldar,10
5901490060015,  Figi Model Vivien Beige - Eldar ,Eldar,4,Figi VIVIEN,Eldar,4,Figi Eldar Vivien S-XL,Eldar,32
5901490060022,  Figi Model Vivien Beige - Eldar ,Eldar,4,Figi VIVIEN,Eldar,4,Figi Eldar Vivien S-XL,Eldar,27
5901490060039,  Figi Model Vivien Beige - Eldar ,Eldar,0,Figi VIVIEN,Eldar,0,Figi Eldar Vivien S-XL,Eldar,16
5901490084028,  Bluzka Model Natasza Black - Eldar ,Eldar,3,Koszulka NATASZA,Eldar,3,,,1
5901490088972,  Figi Model Verona Beige - Eldar ,Eldar,0,Figi VERONA,Eldar,0,Figi Eldar Verona S-XL,Eldar,3
5901490088989,  Figi Model Verona Beige - Eldar ,Eldar,5,Figi VERONA,Eldar,5,Figi Eldar Verona S-XL,Eldar,4
5901490088996,  Figi Model Verona Beige - Eldar ,Eldar,4,Figi VERONA,Eldar,4,Figi Eldar Verona S-XL,Eldar,5
5901490089009,  Figi Model Verona Beige - Eldar ,Eldar,2,Figi VERONA,Eldar,2,Figi Eldar Verona S-XL,Eldar,10
5901490098926,  Figi Model Vivien White - Eldar ,Eldar,4,Figi VIVIEN,Eldar,4,Figi Eldar Vivien 2XL-3XL,Eldar,1
5901490128708,  Bluzka Model Porta White - Eldar ,Eldar,5,Koszulka PORTA,Eldar,3,Koszulka Eldar Porta sz/r S-XL,Eldar,6
5901490128715,  Bluzka Model Porta White - Eldar ,Eldar,2,Koszulka PORTA,Eldar,2,Koszulka Eldar Porta sz/r S-XL,Eldar,4
5901490128722,  Bluzka Model Porta White - Eldar ,Eldar,3,Koszulka PORTA,Eldar,3,Koszulka Eldar Porta sz/r S-XL,Eldar,5
5901490128739,  Bluzka Model Porta White - Eldar ,Eldar,4,Koszulka PORTA,Eldar,4,Koszulka Eldar Porta sz/r S-XL,Eldar,3
5901490128746,  Bluzka Model Porta Black - Eldar ,Eldar,3,Koszulka PORTA,Eldar,3,Koszulka Eldar Porta sz/r S-XL,Eldar,2
5901490128753,  Bluzka Model Porta Black - Eldar ,Eldar,2,Koszulka PORTA,Eldar,2,Koszulka Eldar Porta sz/r S-XL,Eldar,5
5901490128760,  Bluzka Model Porta Black - Eldar ,Eldar,2,Koszulka PORTA,Eldar,2,Koszulka Eldar Porta sz/r S-XL,Eldar,2
5901490128777,  Bluzka Model Porta Black - Eldar ,Eldar,2,Koszulka PORTA,Eldar,2,Koszulka Eldar Porta sz/r S-XL,Eldar,2
5901490130114,  Szorty Model Violetta Black - Eldar ,Eldar,4,Figi VIOLETTA,Eldar,3,Figi Eldar Violetta S-XL,Eldar,1
5901490137397,  Figi Model Vala White - Eldar ,Eldar,3,Figi VALA,Eldar,3,Figi Eldar Vala S-XL,Eldar,5
5901490137403,  Figi Model Vala White - Eldar ,Eldar,1,Figi VALA,Eldar,1,Figi Eldar Vala S-XL,Eldar,4
5901490137410,  Figi Model Vala White - Eldar ,Eldar,0,Figi VALA,Eldar,0,Figi Eldar Vala S-XL,Eldar,3
5901490137472,  Figi Model Viva White - Eldar ,Eldar,3,Figi VIVA,Eldar,3,Figi Eldar Viva S-XL,Eldar,8
5901490137489,  Figi Model Viva White - Eldar ,Eldar,4,Figi VIVA,Eldar,4,Figi Eldar Viva S-XL,Eldar,6
5901490137496,  Figi Model Viva White - Eldar ,Eldar,3,Figi VIVA,Eldar,3,Figi Eldar Viva S-XL,Eldar,2
5901490159634, Koszulka nocna Koszulka Model Delfina Black - Eldar ,Eldar,3,Koszulka DELFINA,Eldar,3,Koszulka Eldar Delfina w/r S-XL,Eldar,2
5901490159641, Koszulka nocna Koszulka Model Delfina Black - Eldar ,Eldar,2,Koszulka DELFINA,Eldar,2,Koszulka Eldar Delfina w/r S-XL,Eldar,3
5901490159665, Koszulka nocna Koszulka Model Delfina Black - Eldar ,Eldar,3,Koszulka DELFINA,Eldar,3,Koszulka Eldar Delfina w/r S-XL,Eldar,4
5901490167981,  Body Model Madlen White - Eldar ,Eldar,0,Body MADLEN,Eldar,0,Body Eldar Active Madlen dł/r S-XL,Eldar,1
5901490168001,  Body Model Madlen White - Eldar ,Eldar,2,Body MADLEN,Eldar,2,Body Eldar Active Madlen dł/r S-XL,Eldar,1
5901490168018,  Body Model Madlen White - Eldar ,Eldar,2,Body MADLEN,Eldar,2,Body Eldar Active Madlen dł/r S-XL,Eldar,2
5901490168025,  Body Model Madlen Black - Eldar ,Eldar,0,Body MADLEN,Eldar,0,Body Eldar Active Madlen dł/r S-XL,Eldar,2
5901490168032,  Body Model Madlen Black - Eldar ,Eldar,1,Body MADLEN,Eldar,1,Body Eldar Active Madlen dł/r S-XL,Eldar,2
5901490168049,  Body Model Madlen Black - Eldar ,Eldar,2,Body MADLEN,Eldar,2,Body Eldar Active Madlen dł/r S-XL,Eldar,2
5901490168056,  Body Model Madlen Black - Eldar ,Eldar,2,Body MADLEN,Eldar,2,Body Eldar Active Madlen dł/r S-XL,Eldar,2
5901490176990, Stringi Model Vektra White - Eldar ,Eldar,1,Stringi VEKTRA,Eldar,1,Stringi Eldar Vektra S-XL,Eldar,1
5901490177003, Stringi Model Vektra White - Eldar ,Eldar,5,Stringi VEKTRA,Eldar,4,Stringi Eldar Vektra S-XL,Eldar,2
5901490177010, Stringi Model Vektra White - Eldar ,Eldar,0,Stringi VEKTRA,Eldar,0,Stringi Eldar Vektra S-XL,Eldar,2
5901490177027, Stringi Model Vektra White - Eldar ,Eldar,2,Stringi VEKTRA,Eldar,2,Stringi Eldar Vektra S-XL,Eldar,2
5901490177034, Stringi Model Vektra Black - Eldar ,Eldar,1,Stringi VEKTRA,Eldar,1,Stringi Eldar Vektra S-XL,Eldar,2
5901490177041, Stringi Model Vektra Black - Eldar ,Eldar,2,Stringi VEKTRA,Eldar,2,Stringi Eldar Vektra S-XL,Eldar,2
5901490177058, Stringi Model Vektra Black - Eldar ,Eldar,3,Stringi VEKTRA,Eldar,2,Stringi Eldar Vektra S-XL,Eldar,11
5901490177065, Stringi Model Vektra Black - Eldar ,Eldar,1,Stringi VEKTRA,Eldar,1,Stringi Eldar Vektra S-XL,Eldar,3
5901490177072, Stringi Model Vektra Beige - Eldar ,Eldar,0,Stringi VEKTRA,Eldar,0,Stringi Eldar Vektra S-XL,Eldar,2
5901490177089, Stringi Model Vektra Beige - Eldar ,Eldar,0,Stringi VEKTRA,Eldar,0,Stringi Eldar Vektra S-XL,Eldar,4
5901490177096, Stringi Model Vektra Beige - Eldar ,Eldar,0,Stringi VEKTRA,Eldar,0,Stringi Eldar Vektra S-XL,Eldar,4
5901490177102, Stringi Model Vektra Beige - Eldar ,Eldar,0,Stringi VEKTRA,Eldar,0,Stringi Eldar Vektra S-XL,Eldar,7
5901490179380, Koszulka nocna Koszulka Model Catherine Beige - Eldar ,Eldar,5,Koszulka CATHERINE,Eldar,5,Koszulka Eldar Catherine kolor w/r S-XL,Eldar,4
5901490179397, Koszulka nocna Koszulka Model Catherine Beige - Eldar ,Eldar,3,Koszulka CATHERINE,Eldar,3,Koszulka Eldar Catherine kolor w/r S-XL,Eldar,6
5901490179403, Koszulka nocna Koszulka Model Catherine Beige - Eldar ,Eldar,3,Koszulka CATHERINE,Eldar,3,Koszulka Eldar Catherine kolor w/r S-XL,Eldar,7
5901490179410, Koszulka nocna Koszulka Model Catherine Beige - Eldar ,Eldar,2,Koszulka CATHERINE,Eldar,2,Koszulka Eldar Catherine kolor w/r S-XL,Eldar,7
5901490179427, Koszulka nocna Koszulka Model Catherine Beige - Eldar ,Eldar,4,Koszulka CATHERINE,Eldar,4,Koszulka Eldar Catherine kolor w/r 2XL-3XL,Eldar,9
5901490183660, Figi Model Velma White - Eldar ,Eldar,2,Figi VELMA,Eldar,2,Figi Eldar Velma S-XL,Eldar,2
5901490183691, Figi Model Velma White - Eldar ,Eldar,3,Figi VELMA,Eldar,2,Figi Eldar Velma S-XL,Eldar,2
5901490183707, Figi Model Velma Black - Eldar ,Eldar,0,Figi VELMA,Eldar,0,Figi Eldar Velma S-XL,Eldar,2
5901490183714, Figi Model Velma Black - Eldar ,Eldar,0,Figi VELMA,Eldar,0,Figi Eldar Velma S-XL,Eldar,9
5901490183721, Figi Model Velma Black - Eldar ,Eldar,0,Figi VELMA,Eldar,0,Figi Eldar Velma S-XL,Eldar,7
5901490183738, Figi Model Velma Black - Eldar ,Eldar,1,Figi VELMA,Eldar,1,Figi Eldar Velma S-XL,Eldar,4
5901490193997,  Figi Model Vira Black - Eldar ,Eldar,4,Figi VIRA,Eldar,3,Figi Eldar Vira S-XL,Eldar,2
5901490194499, Koszulka Model Lotta White - Eldar ,Eldar,0,Koszulka LOTTA,Eldar,0,Koszulka Eldar Active Lotta sz/r S-XL,Eldar,1
5901490194529, Koszulka Model Lotta White - Eldar ,Eldar,0,Koszulka LOTTA,Eldar,0,Koszulka Eldar Active Lotta sz/r S-XL,Eldar,4
5901490198664,  Figi Model Vanisa White - Eldar ,Eldar,4,Figi VANISA,Eldar,1,Figi Eldar Vanisa S-XL,Eldar,3
5901490198671,  Figi Model Vanisa White - Eldar ,Eldar,6,Figi VANISA,Eldar,4,Figi Eldar Vanisa S-XL,Eldar,1
5901490198701,  Figi Model Vanisa White - Eldar ,Eldar,0,Figi VANISA PLUS,Eldar,2,Figi Eldar Vanisa Plus 2XL-3XL,Eldar,4
5901490198718,  Figi Model Vanisa White - Eldar ,Eldar,2,Figi VANISA PLUS,Eldar,3,Figi Eldar Vanisa Plus 2XL-3XL,Eldar,2
5901490199289,  Figi Model Verda White - Eldar ,Eldar,3,Figi VERDA,Eldar,0,Figi Eldar Verda S-XL,Eldar,5
5901490199296,  Figi Model Verda White - Eldar ,Eldar,3,Figi VERDA,Eldar,2,Figi Eldar Verda S-XL,Eldar,6
5901490199302,  Figi Model Verda White - Eldar ,Eldar,3,Figi VERDA,Eldar,1,Figi Eldar Verda S-XL,Eldar,2
5901490199319,  Figi Model Verda White - Eldar ,Eldar,0,Figi VERDA,Eldar,0,Figi Eldar Verda S-XL,Eldar,2
5901490199326,  Figi Model Verda Black - Eldar ,Eldar,4,Figi VERDA,Eldar,2,Figi Eldar Verda S-XL,Eldar,2
5901490199333,  Figi Model Verda Black - Eldar ,Eldar,3,Figi VERDA,Eldar,2,Figi Eldar Verda S-XL,Eldar,1
5901490199340,  Figi Model Verda Black - Eldar ,Eldar,2,Figi VERDA,Eldar,2,Figi Eldar Verda S-XL,Eldar,1
5901490199357,  Figi Model Verda Black - Eldar ,Eldar,3,Figi VERDA,Eldar,3,Figi Eldar Verda S-XL,Eldar,4
5901490206307,  Figi Model Vlada Black - Eldar ,Eldar,0,Figi VLADA,Eldar,0,Figi Eldar Vlada S-XL,Eldar,3
5901490206321,  Figi Model Vlada Black - Eldar ,Eldar,0,Figi VLADA,Eldar,0,Figi Eldar Vlada S-XL,Eldar,1
5901490206338,  Figi Model Vlada Black - Eldar ,Eldar,0,Figi VLADA,Eldar,0,Figi Eldar Vlada S-XL,Eldar,2
5901490208943, Koszulka nocna Koszulka Model Lois White - Eldar ,Eldar,1,Koszulka LOIS,Eldar,1,Koszulka Eldar Lois w/r S-XL,Eldar,2
5901490208950, Koszulka nocna Koszulka Model Lois White - Eldar ,Eldar,2,Koszulka LOIS,Eldar,2,Koszulka Eldar Lois w/r S-XL,Eldar,1
5901490208998, Koszulka nocna Koszulka Model Lois Black - Eldar ,Eldar,0,Koszulka LOIS,Eldar,0,Koszulka Eldar Lois w/r S-XL,Eldar,4
5901490209001, Koszulka nocna Koszulka Model Lois Black - Eldar ,Eldar,1,Koszulka LOIS,Eldar,1,Koszulka Eldar Lois w/r S-XL,Eldar,8
5901490209025, Koszulka nocna Koszulka Model Lois Cappuccino - Eldar ,Eldar,1,Koszulka LOIS,Eldar,1,Koszulka Eldar Lois w/r S-XL,Eldar,1
5901490209032, Koszulka nocna Koszulka Model Lois Cappuccino - Eldar ,Eldar,3,Koszulka LOIS,Eldar,3,Koszulka Eldar Lois w/r S-XL,Eldar,1
5901490209049, Koszulka nocna Koszulka Model Lois Cappuccino - Eldar ,Eldar,1,Koszulka LOIS,Eldar,1,Koszulka Eldar Lois w/r S-XL,Eldar,1
5901490209377,  Bluzka Model Kamela Black - Eldar ,Eldar,0,Koszulka KAMELA ACT,Eldar,0,Bluzka Eldar Active Kamela b/r S-XL,Eldar,2
5901490209414,  Bluzka Model Kamela Beige - Eldar ,Eldar,0,Koszulka KAMELA ACT,Eldar,0,Bluzka Eldar Active Kamela b/r S-XL,Eldar,1
5901490209544,  Koszulka Model Leana Black - Eldar ,Eldar,4,Koszulka LEANA ACT,Eldar,4,Bluzka Eldar Active Leana kr/r S-XL,Eldar,1
5901490209568,  Koszulka Model Leana Black - Eldar ,Eldar,0,Koszulka LEANA ACT,Eldar,0,Bluzka Eldar Active Leana kr/r S-XL,Eldar,3
5901490209575,  Koszulka Model Leana Black - Eldar ,Eldar,1,Koszulka LEANA ACT,Eldar,1,Bluzka Eldar Active Leana kr/r S-XL,Eldar,2
5901490209582,  Bluzka Model Leana Beige - Eldar ,Eldar,2,Koszulka LEANA ACT,Eldar,2,Bluzka Eldar Active Leana kr/r S-XL,Eldar,3
5901490209629,  Bluzka Model Leana Amarant - Eldar ,Eldar,2,Koszulka LEANA ACT,Eldar,2,Bluzka Eldar Active Leana kr/r S-XL,Eldar,2
5901490209643,  Bluzka Model Leana Amarant - Eldar ,Eldar,0,Koszulka LEANA ACT,Eldar,0,Bluzka Eldar Active Leana kr/r S-XL,Eldar,3
5901490209650,  Bluzka Model Leana Amarant - Eldar ,Eldar,0,Koszulka LEANA ACT,Eldar,0,Bluzka Eldar Active Leana kr/r S-XL,Eldar,2
5901490210182, Figi Model Veria Plus Beige - Eldar ,Eldar,0,Figi VERIA PLUS,Eldar,0,Figi Eldar Veria Plus 2XL-3XL,Eldar,2
5901490210199, Figi Model Veria Plus Beige - Eldar ,Eldar,0,Figi VERIA PLUS,Eldar,0,Figi Eldar Veria Plus 2XL-3XL,Eldar,2
5901490210304, Figi Model Veria Plus Black - Eldar ,Eldar,3,Figi VERIA PLUS,Eldar,3,Figi Eldar Veria Plus 2XL-3XL,Eldar,5
5901490210311, Figi Model Veria Plus Black - Eldar ,Eldar,1,Figi VERIA PLUS,Eldar,1,Figi Eldar Veria Plus 2XL-3XL,Eldar,2
5901490234072,  Bluzka Model Flaviana Black - Eldar ,Eldar,1,Koszulka FLAVIANA,Eldar,1,Bluzka Eldar Flaviana kr/r S-XL,Eldar,2
5901490234089,  Bluzka Model Flaviana Black - Eldar ,Eldar,0,Koszulka FLAVIANA,Eldar,0,Bluzka Eldar Flaviana kr/r S-XL,Eldar,1
5901490235925,  Bluzka Model Norilla Black - Eldar ,Eldar,1,Koszulka NORILLA,Eldar,1,Koszulka Eldar Norilla kr/r S-XL,Eldar,2
5901490235932,  Bluzka Model Norilla Black - Eldar ,Eldar,3,Koszulka NORILLA,Eldar,3,Koszulka Eldar Norilla kr/r S-XL,Eldar,1
5901490236458, Koszulka nocna Koszulka Model Penny White - Eldar ,Eldar,0,Koszulka PENNY,Eldar,0,Koszulka Eldar Penny sz/r S-XL,Eldar,1
5901490236465, Koszulka nocna Koszulka Model Penny White - Eldar ,Eldar,0,Koszulka PENNY,Eldar,0,Koszulka Eldar Penny sz/r S-XL,Eldar,1
5901490236472, Koszulka nocna Koszulka Model Penny White - Eldar ,Eldar,2,Koszulka PENNY,Eldar,2,Koszulka Eldar Penny sz/r S-XL,Eldar,1
5901490236489, Koszulka nocna Koszulka Model Penny White - Eldar ,Eldar,0,Koszulka PENNY,Eldar,0,Koszulka Eldar Penny sz/r S-XL,Eldar,2
5901490236519, Koszulka nocna Koszulka Model Penny Black - Eldar ,Eldar,1,Koszulka PENNY,Eldar,1,Koszulka Eldar Penny sz/r S-XL,Eldar,1
5901490236526, Koszulka nocna Koszulka Model Penny Black - Eldar ,Eldar,4,Koszulka PENNY,Eldar,4,Koszulka Eldar Penny sz/r S-XL,Eldar,2
5901490236533, Koszulka nocna Koszulka Model Penny Black - Eldar ,Eldar,2,Koszulka PENNY,Eldar,2,Koszulka Eldar Penny sz/r S-XL,Eldar,2
5901490236540, Koszulka nocna Koszulka Model Penny Black - Eldar ,Eldar,3,Koszulka PENNY,Eldar,3,Koszulka Eldar Penny sz/r S-XL,Eldar,1
5901656873404,  Podkoszulek Model 1480 J1 White - Henderson ,Henderson,9,Podkoszulek 1480,Henderson,9,Koszulka Henderson 1480 M-100 M-4XL,Henderson,46
5901656873428,  Podkoszulek Model 1480 J41 Black - Henderson ,Henderson,8,Podkoszulek 1480,Henderson,8,Koszulka Henderson 1480 M-100 M-4XL,Henderson,18
5901688212431,  Komplet Model Heartina chemise Red - Obsessive ,Obsessive,1,Komplet HEARTINA CHEMISE,Obsessive,2,Koszula Obsessive Heartina Chemise S-2XL,Obsessive,2
5901688212448,  Komplet Model Heartina chemise Red - Obsessive ,Obsessive,40,Komplet HEARTINA CHEMISE,Obsessive,2,Koszula Obsessive Heartina Chemise S-2XL,Obsessive,3
5901688212479,  Komplet Model Heartina chemise Red - Obsessive ,Obsessive,40,Komplet HEARTINA CHEMISE,Obsessive,1,Koszula Obsessive Heartina Chemise S-2XL,Obsessive,1
5901688212868,  Komplet Model Alluria peignoir Black - Obsessive ,Obsessive,0,Komplet ALLURIA PEIGNOIR,Obsessive,1,Peniuar Obsessive Alluria Peignoir S-2XL,Obsessive,2
5901688212882,  Komplet Model Alluria peignoir Black - Obsessive ,Obsessive,40,Komplet ALLURIA PEIGNOIR,Obsessive,1,Peniuar Obsessive Alluria Peignoir S-2XL,Obsessive,3
5901688213919,  Komplet Model 810-BAB-1 Black - Obsessive ,Obsessive,0,Komplet 810/BAB/1,Obsessive,2,Koszula Obsessive 810-BAB S-2XL,Obsessive,2
5901688213926,  Komplet Model 810-BAB-1 Black - Obsessive ,Obsessive,40,Komplet 810/BAB/1,Obsessive,1,Koszula Obsessive 810-BAB S-2XL,Obsessive,4
5901688216187,  Komplet Model 828-CHE-1 Black - Obsessive ,Obsessive,40,Komplet 828/CHE/1,Obsessive,0,Koszula Obsessive 828-CHE-1 S-XL,Obsessive,2
5901688216194,  Komplet Model 828-CHE-1 Black - Obsessive ,Obsessive,40,Komplet 828/CHE/1,Obsessive,2,Koszula Obsessive 828-CHE-1 S-XL,Obsessive,3
5901688216620,  Komplet Model 838-BAB-3 Red - Obsessive ,Obsessive,40,Komplet 838/BAB/3,Obsessive,2,Koszula Obsessive 838-BAB-1/3 S-2XL,Obsessive,3
5901688216637,  Komplet Model 838-BAB-3 Red - Obsessive ,Obsessive,1,Komplet 838/BAB/3,Obsessive,2,Koszula Obsessive 838-BAB-1/3 S-2XL,Obsessive,6
5901688216644,  Komplet Model 838-BAB-3 Red - Obsessive ,Obsessive,1,Komplet 838/BAB/3,Obsessive,1,Koszula Obsessive 838-BAB-1/3 S-2XL,Obsessive,1
5901688222522,  Komplet Model Secret of Love II 838/BAB/1 Black - Obsessive ,Obsessive,40,Komplet 838/BAB/1,Obsessive,2,Koszula Obsessive 838-BAB-1/3 S-2XL,Obsessive,4
5901688222539,  Komplet Model Secret of Love II 838/BAB/1 Black - Obsessive ,Obsessive,40,Komplet 838/BAB/1,Obsessive,2,Koszula Obsessive 838-BAB-1/3 S-2XL,Obsessive,4
5901688222959,  Komplet Model Heartina Chemise Black - Obsessive ,Obsessive,2,Komplet HEARTINA CHEMISE,Obsessive,2,Koszula Obsessive Heartina Chemise S-XL,Obsessive,3
5901688222966,  Komplet Model Heartina Chemise Black - Obsessive ,Obsessive,40,Komplet HEARTINA CHEMISE,Obsessive,2,Koszula Obsessive Heartina Chemise S-XL,Obsessive,2
5901688226629,  Body Model Luvae Black - Obsessive ,Obsessive,1,Body LUVAE TEDDY,Obsessive,0,Body Obsessive Luvae S-XL,Obsessive,4
5901688226636,  Body Model Luvae Black - Obsessive ,Obsessive,40,Body LUVAE TEDDY,Obsessive,0,Body Obsessive Luvae S-XL,Obsessive,3
5901688226650,  Komplet Model Luvae 2cz Black - Obsessive ,Obsessive,40,Komplet LUVAE SET,Obsessive,2,Komplet Obsessive Luvae SET S-XL,Obsessive,3
5901688231074,  Komplet Model Sharlotte Set 2cz Black - Obsessive ,Obsessive,40,SHARLOTTE SET,Obsessive,1,Komplet Obsessive Sharlotte Set S-2XL,Obsessive,1
5901688239827,  Figi Model Olvidia Black - Obsessive ,Obsessive,3,Figi OLVIDIA PANTIES,Obsessive,1,Figi Obsessive Olvidia Panties XS-L,Obsessive,4
5901688252079,  Bodystocking Model F239 Black - Obsessive ,Obsessive,40,Bodystocking F239,Obsessive,0,Bodystocking Obsessive F239 S-L,Obsessive,2
5901688253212,  Body Model Selinne Black - Obsessive ,Obsessive,1,Body SELLINE TEDDY,Obsessive,3,Body Obsessive Selinne Teddy XS-2XL,Obsessive,2
5901688253250,  Komplet Model Selinne Chemise Black - Obsessive ,Obsessive,40,SELINNE CHEMISE,Obsessive,1,Koszula Obsessive Selinne Chemise XS-2XL,Obsessive,3
5901688253274,  Komplet Model Selinne Chemise Black - Obsessive ,Obsessive,40,SELINNE CHEMISE,Obsessive,1,Koszula Obsessive Selinne Chemise XS-2XL,Obsessive,1
5901688255100,  Komplet Model Ingridia 3cz Red - Obsessive ,Obsessive,40,INGRIDIA SET,Obsessive,2,Komplet Obsessive Ingridia Set XS-2XL,Obsessive,2
5901688255421,  Komplet Gorset Model Chic Amoria Black - Obsessive ,Obsessive,40,CHIC AMORIA CORSET,Obsessive,0,Gorset Obsessive Chic Amoria Corset XS-2XL,Obsessive,1
5901688255827,  Komplet Model Chilisa 3cz Red - Obsessive ,Obsessive,1,CHILISA SET,Obsessive,0,Komplet Obsessive Chilisa Set XS-2XL,Obsessive,1
5901688255834,  Komplet Model Chilisa 3cz Red - Obsessive ,Obsessive,1,CHILISA SET,Obsessive,1,Komplet Obsessive Chilisa Set XS-2XL,Obsessive,4
5901688256695,  Komplet Model Donarella Babydoll Black - Obsessive ,Obsessive,1,Komplet DONARELLA BABYDOLL,Obsessive,2,,,1
5901688256978,  Body Model Perisia 198124 Black - Obsessive ,Obsessive,40,Body PERISIA CROTCHLESS TEDDY,Obsessive,0,Body Obsessive Perisia Teddy XS-2XL,Obsessive,3
5901688256985,  Body Model Perisia 198124 Black - Obsessive ,Obsessive,40,Body PERISIA CROTCHLESS TEDDY,Obsessive,1,Body Obsessive Perisia Teddy XS-2XL,Obsessive,1
5901688257005,  Komplet Model Perisia Babydoll 198136 Black - Obsessive ,Obsessive,18,Komplet PERISIA BABYDOLL,Obsessive,0,Komplet Obsessive Perisia Babydoll XS-2XL,Obsessive,1
5901688257012,  Komplet Model Perisia Babydoll 198136 Black - Obsessive ,Obsessive,1,Komplet PERISIA BABYDOLL,Obsessive,1,Komplet Obsessive Perisia Babydoll XS-2XL,Obsessive,2
5901688257838,  Body Model Nightly Blue 228442 Blue - Obsessive ,Obsessive,1,Body NIGHTLY BLUE CROTCHLESS,Obsessive,2,Body Obsessive Nightly Blue Crotchless Teedy XS-2XL,Obsessive,2
5901688257845,  Body Model Nightly Blue 228442 Blue - Obsessive ,Obsessive,40,Body NIGHTLY BLUE CROTCHLESS,Obsessive,2,Body Obsessive Nightly Blue Crotchless Teedy XS-2XL,Obsessive,3
5901688257852,  Komplet Model Nightly Blue 3cz 228451 Blue - Obsessive ,Obsessive,40,Komplet NIGHTLY BLUE SET,Obsessive,1,Komplet Obsessive Nightly Blue 3-PCS Set XS-2XL,Obsessive,2
5901688257869,  Komplet Model Nightly Blue 3cz 228451 Blue - Obsessive ,Obsessive,40,Komplet NIGHTLY BLUE SET,Obsessive,2,Komplet Obsessive Nightly Blue 3-PCS Set XS-2XL,Obsessive,2
5901688257876,  Komplet Model Nightly Blue 3cz 228451 Blue - Obsessive ,Obsessive,40,Komplet NIGHTLY BLUE SET,Obsessive,2,Komplet Obsessive Nightly Blue 3-PCS Set XS-2XL,Obsessive,1
5901688257883,  Body Model Nightly Blue 228442 Blue - Obsessive ,Obsessive,40,Komplet NIGHTLY BLUE CHEMISE,Obsessive,0,Koszulka Obsessive Nightly Blue Chemise XS-2XL,Obsessive,6
5901688257906,  Komplet koszulka Model Nightly Blue 228445 Blue - Obsessive ,Obsessive,40,Komplet NIGHTLY BLUE CHEMISE,Obsessive,2,Koszulka Obsessive Nightly Blue Chemise XS-2XL,Obsessive,7
5901688257951,  Komplet Model Lobellis Chemise Black - Obsessive ,Obsessive,3,LOBELLIS CHEMISE,Obsessive,0,Koszulka Obsessive Lobellis Chemise XS-2XL,Obsessive,1
5901688257968,  Komplet Model Lobellis Chemise Black - Obsessive ,Obsessive,21,LOBELLIS CHEMISE,Obsessive,2,Koszulka Obsessive Lobellis Chemise XS-2XL,Obsessive,4
5901688257975,  Komplet Model Lobellis Chemise Black - Obsessive ,Obsessive,40,LOBELLIS CHEMISE,Obsessive,3,Koszulka Obsessive Lobellis Chemise XS-2XL,Obsessive,2
5901688258101,  Komplet Model Alissium 2cz White - Obsessive ,Obsessive,1,Komplet ALISSIUM 2/PCS/SET,Obsessive,0,Komplet Obsessive Alissium 2-PCS Set,Obsessive,1
5901688258118,  Komplet Model Alissium 2cz White - Obsessive ,Obsessive,0,Komplet ALISSIUM 2/PCS/SET,Obsessive,0,Komplet Obsessive Alissium 2-PCS Set,Obsessive,1
5901688258163,  Komplet Model Alissium 2cz White - Obsessive ,Obsessive,2,Komplet ALISSIUM 2/PCS/SET,Obsessive,3,Komplet Obsessive Alissium 2-PCS Set,Obsessive,1
5901688258255,  Body Model Alissium White - Obsessive ,Obsessive,40,Body ALISSIUM TEDDY,Obsessive,1,Body Obsessive Alissium Teddy XS-2XL,Obsessive,1
5901688258262,  Body Model Alissium White - Obsessive ,Obsessive,40,Body ALISSIUM TEDDY,Obsessive,1,Body Obsessive Alissium Teddy XS-2XL,Obsessive,1
5901688258279,  Body Model Alissium White - Obsessive ,Obsessive,1,Body ALISSIUM TEDDY,Obsessive,2,Body Obsessive Alissium Teddy XS-2XL,Obsessive,1
5901688258484,  Body Model Vila Blanes 198064 Black Wzór - Obsessive ,Obsessive,2,Body VILA BLANES TEDDY,Obsessive,0,Body Obsessive Vila Blanes Tedddy XS-2XL,Obsessive,2
5901688258491,  Body Model Vila Blanes 198064 Black Wzór - Obsessive ,Obsessive,40,Body VILA BLANES TEDDY,Obsessive,0,Body Obsessive Vila Blanes Tedddy XS-2XL,Obsessive,2
5901688258521,  Komplet Koszulka Model Vila Blanes 198094 Black - Obsessive ,Obsessive,40,Komplet VILA BLANES LONG CHEMISE,Obsessive,1,Koszulka Obsessive Vila Blanes Long Chemise XS-2XL,Obsessive,2
5901688258538,  Komplet Koszulka Model Vila Blanes 198094 Black - Obsessive ,Obsessive,40,Komplet VILA BLANES LONG CHEMISE,Obsessive,2,Koszulka Obsessive Vila Blanes Long Chemise XS-2XL,Obsessive,1
5901688258552,  Komplet Koszulka Model Vila Blanes 198094 Black - Obsessive ,Obsessive,40,Komplet VILA BLANES LONG CHEMISE,Obsessive,2,Koszulka Obsessive Vila Blanes Long Chemise XS-2XL,Obsessive,1
5901688258750,  Komplet Model Deina More 3cz 241407 Black - Obsessive ,Obsessive,40,Komplet DEINA MORE 3/SET,Obsessive,2,Komplet Obsessive Deina More S-XL,Obsessive,2
5901688258767,  Komplet Model Deina More 3cz 241407 Black - Obsessive ,Obsessive,40,Komplet DEINA MORE 3/SET,Obsessive,2,Komplet Obsessive Deina More S-XL,Obsessive,2
5901688258934,  Szlafrok Model Deina More 241404 Black - Obsessive ,Obsessive,40,Peniuar DEINA MORE,Obsessive,2,Peniuar Obsessive Deina More S-XL,Obsessive,1
5901688258958,  Szlafrok Model Deina More 241404 Black - Obsessive ,Obsessive,40,Peniuar DEINA MORE,Obsessive,2,Peniuar Obsessive Deina More S-XL,Obsessive,2
5901688259023,  Body Model Deina More 241410 Black - Obsessive ,Obsessive,40,Body DEINA MORE TEDDY,Obsessive,2,Body Obsessive Deina More Teddy S-XL,Obsessive,8
5901688259030,  Body Model Deina More 241410 Black - Obsessive ,Obsessive,40,Body DEINA MORE TEDDY,Obsessive,2,Body Obsessive Deina More Teddy S-XL,Obsessive,7
5901688259092,  Komplet Model Lune Bellis 3cz Otwarty 198046 Black - Obsessive ,Obsessive,40,Komplet LUNE BELLIS CROTCHLESS SET,Obsessive,1,Komplet Obsessive Lune Bellis XS-2XL,Obsessive,2
5901688259108,  Komplet Model Lune Bellis 3cz Otwarty 198046 Black - Obsessive ,Obsessive,40,Komplet LUNE BELLIS CROTCHLESS SET,Obsessive,1,Komplet Obsessive Lune Bellis XS-2XL,Obsessive,1
5901688259153,  Komplet Koszulka Model Lune Bellis 198052 Black - Obsessive ,Obsessive,40,Komplet LUNE BELLIS CHEMISE,Obsessive,1,Koszulka Obsessive Lune Bellis Chemise XS-2XL,Obsessive,2
5901688259160,  Komplet Koszulka Model Lune Bellis 198052 Black - Obsessive ,Obsessive,40,Komplet LUNE BELLIS CHEMISE,Obsessive,1,Koszulka Obsessive Lune Bellis Chemise XS-2XL,Obsessive,2
5901688259245,  Body Model Lune Bellis 198022 Black - Obsessive ,Obsessive,40,Body LUNE BELLIS TEDDY,Obsessive,2,Body Obsessive Lune Bellis Teddy XS-2XL,Obsessive,1
5901688259252,  Body Model Lune Bellis 198022 Black - Obsessive ,Obsessive,40,Body LUNE BELLIS TEDDY,Obsessive,2,Body Obsessive Lune Bellis Teddy XS-2XL,Obsessive,2
5901688259474,  Komplet Model Nutris Babydoll Black - Obsessive ,Obsessive,2,Komplet NUTRIS BABYDOLL,Obsessive,1,Komplet Obsessive Nutris Babydoll & Thong XS-2XL,Obsessive,2
5901688259481,  Komplet Model Nutris Babydoll Black - Obsessive ,Obsessive,40,Komplet NUTRIS BABYDOLL,Obsessive,2,Komplet Obsessive Nutris Babydoll & Thong XS-2XL,Obsessive,2
5901688259504,  Komplet Model Nutris Babydoll Black - Obsessive ,Obsessive,40,Komplet NUTRIS BABYDOLL,Obsessive,2,Komplet Obsessive Nutris Babydoll & Thong XS-2XL,Obsessive,1
5901688260166,  Komplet Model Aliosa 2cz Red - Obsessive ,Obsessive,7,Komplet ALIOSA SET,Obsessive,0,Komplet Obsessive Aliosa Bra&Thong S-3XL,Obsessive,1
5901688260173,  Komplet Model Aliosa 2cz Red - Obsessive ,Obsessive,40,Komplet ALIOSA SET,Obsessive,1,Komplet Obsessive Aliosa Bra&Thong S-3XL,Obsessive,1
5901688260180,  Komplet Model Aliosa 2cz Red - Obsessive ,Obsessive,40,Komplet ALIOSA SET,Obsessive,0,Komplet Obsessive Aliosa Bra&Thong S-3XL,Obsessive,1
5901688260197,  Komplet Model Aliosa Babydoll Red - Obsessive ,Obsessive,40,ALIOSA CHEMISE,Obsessive,2,Koszulka Obsessive Aliosa Chemise&Thong S-3XL,Obsessive,1
5901688260203,  Komplet Model Aliosa Babydoll Red - Obsessive ,Obsessive,1,ALIOSA CHEMISE,Obsessive,2,Koszulka Obsessive Aliosa Chemise&Thong S-3XL,Obsessive,1
5901688260210,  Komplet Model Aliosa Babydoll Red - Obsessive ,Obsessive,1,ALIOSA CHEMISE,Obsessive,2,Koszulka Obsessive Aliosa Chemise&Thong S-3XL,Obsessive,1
5901688260258,  Body Model Aliosa Red - Obsessive ,Obsessive,1,Body ALIOSA TEDDY,Obsessive,0,Body Obsessive Aliosa Teddy S-3XL,Obsessive,1
5901688260265,  Body Model Aliosa Red - Obsessive ,Obsessive,40,Body ALIOSA TEDDY,Obsessive,1,Body Obsessive Aliosa Teddy S-3XL,Obsessive,2
5901688260272,  Body Model Aliosa Red - Obsessive ,Obsessive,40,Body ALIOSA TEDDY,Obsessive,2,Body Obsessive Aliosa Teddy S-3XL,Obsessive,1
5901688260791,  Komplet Model Iliosa 2cz otwarty Black - Obsessive ,Obsessive,31,ILIOSA 2/SET CROTCHLESS,Obsessive,1,Komplet Obsessive Iliosa 2-pcs Crotlchless Set S-XL,Obsessive,1
5901688261262,  Komplet Model Cupide Desir 3cz Red - Obsessive ,Obsessive,40,CUPIDE DESIR SET,Obsessive,2,Komplet Obsessive Cupide Desir Set 3 S-3XL,Obsessive,1
5901688265611,  Gorset Model Arrowel Black - Obsessive ,Obsessive,1,ARROWELL CORSET,Obsessive,0,Gorset Obsessive Arrowel Corset S-3XL,Obsessive,1
5901688265628,  Gorset Model Arrowel Black - Obsessive ,Obsessive,1,ARROWELL CORSET,Obsessive,2,Gorset Obsessive Arrowel Corset S-3XL,Obsessive,2
5901688265635,  Gorset Model Arrowel Black - Obsessive ,Obsessive,40,ARROWELL CORSET,Obsessive,1,Gorset Obsessive Arrowel Corset S-3XL,Obsessive,1
5901688266069,  Gorset Model Arrowel White - Obsessive ,Obsessive,40,ARROWELL CORSET,Obsessive,2,Gorset Obsessive Arrowel Corset S-3XL,Obsessive,2
5901688266083,  Gorset Model Arrowel White - Obsessive ,Obsessive,40,ARROWELL CORSET,Obsessive,1,Gorset Obsessive Arrowel Corset S-3XL,Obsessive,1
5901688267011,  Body Model Soranna 219936 Złota Czekolada - Obsessive ,Obsessive,40,Body SORANNA LONG TEDDY,Obsessive,2,Body Obsessive Soranna Long Sleeved Teddy S-3XL,Obsessive,2
5901688267028,  Body Model Soranna 219936 Złota Czekolada - Obsessive ,Obsessive,40,Body SORANNA LONG TEDDY,Obsessive,1,Body Obsessive Soranna Long Sleeved Teddy S-3XL,Obsessive,1
5901688267035,  Body Model Soranna 219936 Złota Czekolada - Obsessive ,Obsessive,40,Body SORANNA LONG TEDDY,Obsessive,2,Body Obsessive Soranna Long Sleeved Teddy S-3XL,Obsessive,1
5901688267196,  Komplet Koszulka Model Dominna 221787 Black - Obsessive ,Obsessive,34,Komplet DOMINNA CHEMISE,Obsessive,2,Koszulka Obsessive Dominna Chemise S-3XL,Obsessive,1
5901688267202,  Komplet Koszulka Model Dominna 221787 Black - Obsessive ,Obsessive,40,Komplet DOMINNA CHEMISE,Obsessive,2,Koszulka Obsessive Dominna Chemise S-3XL,Obsessive,1
5901688268254,  Stringi Model Trinise232906 Black - Obsessive ,Obsessive,40,Stringi TRINISE CROTCHLESS THONG,Obsessive,0,Figi Obsessive Trinise Crotchless Thong S-3XL,Obsessive,1
5901688268292,  Stringi Model Veyane 232915 Black - Obsessive ,Obsessive,40,Stringi VEYANE THONG,Obsessive,2,Stringi Obsessive Veyane Thong S-3XL,Obsessive,3
5901688268308,  Stringi Model Veyane 232915 Black - Obsessive ,Obsessive,40,Stringi VEYANE THONG,Obsessive,1,Stringi Obsessive Veyane Thong S-3XL,Obsessive,3
5901688268315,  Stringi Model Veyane 232915 Black - Obsessive ,Obsessive,40,Stringi VEYANE THONG,Obsessive,2,Stringi Obsessive Veyane Thong S-3XL,Obsessive,1
5901688269336,  komplet Model Luise Sublim 236236 Black - Obsessive ,Obsessive,0,Komplet LUISE SUBLIM SET CROTCHLESS,Obsessive,0,Komplet Obsessive Luise Sublim S-XL,Obsessive,1
5901688269343,  komplet Model Luise Sublim 236236 Black - Obsessive ,Obsessive,15,Komplet LUISE SUBLIM SET CROTCHLESS,Obsessive,0,Komplet Obsessive Luise Sublim S-XL,Obsessive,3
5901688269350,  komplet Model Luise Sublim 236236 Black - Obsessive ,Obsessive,40,Komplet LUISE SUBLIM SET CROTCHLESS,Obsessive,0,Komplet Obsessive Luise Sublim S-XL,Obsessive,2
5901688269367,  Komplet Model Luise Sublim 236233 White - Obsessive ,Obsessive,33,Komplet LUISE SUBLIM SET CROTCHLESS,Obsessive,1,Komplet Obsessive Luise Sublim S-XL,Obsessive,2
5901688269374,  Komplet Model Luise Sublim 236233 White - Obsessive ,Obsessive,40,Komplet LUISE SUBLIM SET CROTCHLESS,Obsessive,2,Komplet Obsessive Luise Sublim S-XL,Obsessive,2
5901688269381,  Komplet Model Luise Sublim 236230 Red - Obsessive ,Obsessive,0,Komplet LUISE SUBLIM SET CROTCHLESS,Obsessive,0,Komplet Obsessive Luise Sublim S-XL,Obsessive,1
5901688269398,  Komplet Model Luise Sublim 236230 Red - Obsessive ,Obsessive,13,Komplet LUISE SUBLIM SET CROTCHLESS,Obsessive,1,Komplet Obsessive Luise Sublim S-XL,Obsessive,4
5901688269404,  Komplet Babydoll Model Weddya Bride 237334 White - Obsessive ,Obsessive,17,Komplet WEDDYA BABYDOLL,Obsessive,0,Komplet Obsessive Weddya Babydoll S-XL,Obsessive,3
5901688269411,  Komplet Babydoll Model Weddya Bride 237334 White - Obsessive ,Obsessive,1,Komplet WEDDYA BABYDOLL,Obsessive,2,Komplet Obsessive Weddya Babydoll S-XL,Obsessive,1
5901688269558,  Komplet Model Addia 3cz 241422 Panterka - Obsessive ,Obsessive,24,Komplet ADDIA SET,Obsessive,2,Komplet Obsessive Addia S-XL,Obsessive,6
5901688269565,  Komplet Model Addia 3cz 241422 Panterka - Obsessive ,Obsessive,40,Komplet ADDIA SET,Obsessive,2,Komplet Obsessive Addia S-XL,Obsessive,5
5901688269824,  Body Model Weddya Bride 237340 White - Obsessive ,Obsessive,1,Body WEDDYA CROTCHLESS TEDDY,Obsessive,2,Body Obsessive Weddya Crotchless Teddy S-XL,Obsessive,3
5901688269831,  Body Model Weddya Bride 237340 White - Obsessive ,Obsessive,40,Body WEDDYA CROTCHLESS TEDDY,Obsessive,2,Body Obsessive Weddya Crotchless Teddy S-XL,Obsessive,4
5901769500969, Figi Model BBL 195 White - Babell ,Babell,5,Figi BBL 195,Babell,2,Figi Babell BBL 195 S-XL,Babell,3
5901769501003, Figi Model BBL 195 Black - Babell ,Babell,5,Figi BBL 195,Babell,2,Figi Babell BBL 195 S-XL,Babell,2
5901769501027, Figi Model BBL 195 Beige - Babell ,Babell,4,Figi BBL 195,Babell,2,Figi Babell BBL 195 S-XL,Babell,3
5901769501034, Figi Model BBL 195 Beige - Babell ,Babell,6,Figi BBL 195,Babell,4,Figi Babell BBL 195 S-XL,Babell,3
5901769501393, Figi Model BBL 190 Black - Babell ,Babell,5,Figi BBL 190,Babell,2,Figi Babell BBL 190 S-2XL,Babell,6
5901769501478, Figi Model BBL 190 Black - Babell ,Babell,4,Figi BBL 190,Babell,4,Figi Babell BBL 190 S-2XL,Babell,1
5901769501904, Figi Model BBL 194 Black - Babell ,Babell,1,Figi BBL 194,Babell,0,Figi Babell BBL 194 S-XL,Babell,1
5901769501911, Figi Model BBL 194 Beige - Babell ,Babell,4,Figi BBL 194,Babell,2,Figi Babell BBL 194 S-XL,Babell,3
5901769501942, Figi Model BBL 194 Beige - Babell ,Babell,1,Figi BBL 194,Babell,1,Figi Babell BBL 194 S-XL,Babell,5
5901769508880,  Podkoszulka Model Macadi White - Babell ,Babell,5,Koszulka MACADI,Babell,3,Koszulka Babell Macadi S-2XL,Babell,1
5901769508897,  Podkoszulka Model Macadi White - Babell ,Babell,4,Koszulka MACADI,Babell,4,Koszulka Babell Macadi S-2XL,Babell,5
5901769508903,  Podkoszulka Model Macadi White - Babell ,Babell,5,Koszulka MACADI,Babell,5,Koszulka Babell Macadi S-2XL,Babell,6
5901769508910,  Podkoszulka Model Macadi White - Babell ,Babell,2,Koszulka MACADI,Babell,2,Koszulka Babell Macadi S-2XL,Babell,4
5901769508927,  Podkoszulka Model Macadi White - Babell ,Babell,2,Koszulka MACADI,Babell,2,Koszulka Babell Macadi S-2XL,Babell,2
5901769508934,  Podkoszulka Model Macadi Black - Babell ,Babell,4,Koszulka MACADI,Babell,4,Koszulka Babell Macadi S-2XL,Babell,1
5901769508941,  Podkoszulka Model Macadi Black - Babell ,Babell,4,Koszulka MACADI,Babell,3,Koszulka Babell Macadi S-2XL,Babell,7
5901769508958,  Podkoszulka Model Macadi Black - Babell ,Babell,2,Koszulka MACADI,Babell,2,Koszulka Babell Macadi S-2XL,Babell,3
5901769508965,  Podkoszulka Model Macadi Black - Babell ,Babell,4,Koszulka MACADI,Babell,4,Koszulka Babell Macadi S-2XL,Babell,1
5901769508972,  Podkoszulka Model Macadi Black - Babell ,Babell,3,Koszulka MACADI,Babell,3,Koszulka Babell Macadi S-2XL,Babell,1
5901769512238,  Bluzka Model Resta White - Babell ,Babell,1,Koszulka RESTA,Babell,1,Bluzka Babell Resta dł/r S-2XL,Babell,1
5901769512245,  Bluzka Model Resta White - Babell ,Babell,3,Koszulka RESTA,Babell,3,Bluzka Babell Resta dł/r S-2XL,Babell,1
5901769512252,  Bluzka Model Resta White - Babell ,Babell,2,Koszulka RESTA,Babell,2,Bluzka Babell Resta dł/r S-2XL,Babell,1
5901769512269,  Bluzka Model Resta White - Babell ,Babell,1,Koszulka RESTA,Babell,1,Bluzka Babell Resta dł/r S-2XL,Babell,1
5901769512276,  Bluzka Model Resta White - Babell ,Babell,2,Koszulka RESTA,Babell,2,Bluzka Babell Resta dł/r S-2XL,Babell,3
5901769512283,  Bluzka Model Resta Black - Babell ,Babell,3,Koszulka RESTA,Babell,3,Bluzka Babell Resta dł/r S-2XL,Babell,1
5901769512306,  Bluzka Model Resta Black - Babell ,Babell,2,Koszulka RESTA,Babell,2,Bluzka Babell Resta dł/r S-2XL,Babell,2
5901769512313,  Bluzka Model Resta Black - Babell ,Babell,2,Koszulka RESTA,Babell,2,Bluzka Babell Resta dł/r S-2XL,Babell,1
5901769512320,  Bluzka Model Resta Black - Babell ,Babell,2,Koszulka RESTA,Babell,2,Bluzka Babell Resta dł/r S-2XL,Babell,2
5901769515673,  Bluzka Model Manati White - Babell ,Babell,4,Koszulka MANATI DŁ,Babell,4,Koszulka Babell Manati dł/r S-2XL,Babell,1
5901769515680,  Bluzka Model Manati White - Babell ,Babell,5,Koszulka MANATI DŁ,Babell,5,Koszulka Babell Manati dł/r S-2XL,Babell,1
5901769515697,  Bluzka Model Manati White - Babell ,Babell,3,Koszulka MANATI DŁ,Babell,3,Koszulka Babell Manati dł/r S-2XL,Babell,4
5901769515703,  Bluzka Model Manati White - Babell ,Babell,3,Koszulka MANATI DŁ,Babell,3,Koszulka Babell Manati dł/r S-2XL,Babell,3
5901769515710,  Bluzka Model Manati White - Babell ,Babell,5,Koszulka MANATI DŁ,Babell,4,Koszulka Babell Manati dł/r S-2XL,Babell,2
5901769515727,  Bluzka Model Manati Black - Babell ,Babell,4,Koszulka MANATI DŁ,Babell,4,Koszulka Babell Manati dł/r S-2XL,Babell,7
5901769515734,  Bluzka Model Manati Black - Babell ,Babell,5,Koszulka MANATI DŁ,Babell,5,Koszulka Babell Manati dł/r S-2XL,Babell,3
5901769515741,  Bluzka Model Manati Black - Babell ,Babell,3,Koszulka MANATI DŁ,Babell,3,Koszulka Babell Manati dł/r S-2XL,Babell,5
5901769515758,  Bluzka Model Manati Black - Babell ,Babell,2,Koszulka MANATI DŁ,Babell,2,Koszulka Babell Manati dł/r S-2XL,Babell,5
5901769517196,  Bluzka Model Manati White - Babell ,Babell,3,Koszulka MANATI DŁ,Babell,2,,,2
5901769528765, Figi Model BBL 048 Black - Babell ,Babell,2,Figi BBL 048,Babell,2,Figi Babell BBL 048 S-2XL,Babell,3
5901769528772, Figi Model BBL 048 Black - Babell ,Babell,4,Figi BBL 048,Babell,4,Figi Babell BBL 048 S-2XL,Babell,9
5901769528789, Figi Model BBL 048 Black - Babell ,Babell,4,Figi BBL 048,Babell,3,Figi Babell BBL 048 S-2XL,Babell,18
5901769528796, Figi Model BBL 048 Black - Babell ,Babell,6,Figi BBL 048,Babell,6,Figi Babell BBL 048 S-2XL,Babell,8
5901769528802, Figi Model BBL 048 Black - Babell ,Babell,3,Figi BBL 048,Babell,3,Figi Babell BBL 048 S-2XL,Babell,2
5901769544116, Koszulka nocna Podkoszulka Model Nata White - Babell ,Babell,0,Koszulka NATA,Babell,0,Koszulka Babell Nata 2XL-3XL,Babell,1
5901769544123, Koszulka nocna Podkoszulka Model Nata Black - Babell ,Babell,1,Koszulka NATA,Babell,1,Koszulka Babell Nata 2XL-3XL,Babell,2
5901769544130, Koszulka nocna Podkoszulka Model Nata Beige - Babell ,Babell,2,Koszulka NATA,Babell,2,Koszulka Babell Nata 2XL-3XL,Babell,2
5901769555839, Figi Model BBL 2003 White - Babell ,Babell,5,Figi BBL 2003,Babell,4,Figi Babell BBL 2003 S-XL,Babell,1
5901769555846, Figi Model BBL 2003 White - Babell ,Babell,4,Figi BBL 2003,Babell,4,Figi Babell BBL 2003 S-XL,Babell,9
5901769555853, Figi Model BBL 2003 White - Babell ,Babell,6,Figi BBL 2003,Babell,6,Figi Babell BBL 2003 S-XL,Babell,7
5901769555860, Figi Model BBL 2003 White - Babell ,Babell,6,Figi BBL 2003,Babell,6,Figi Babell BBL 2003 S-XL,Babell,7
5901769555877, Figi Model BBL 2003 Black - Babell ,Babell,6,Figi BBL 2003,Babell,6,Figi Babell BBL 2003 S-XL,Babell,6
5901769555884, Figi Model BBL 2003 Black - Babell ,Babell,7,Figi BBL 2003,Babell,7,Figi Babell BBL 2003 S-XL,Babell,3
5901769555891, Figi Model BBL 2003 Black - Babell ,Babell,8,Figi BBL 2003,Babell,8,Figi Babell BBL 2003 S-XL,Babell,3
5901769555907, Figi Model BBL 2003 Black - Babell ,Babell,6,Figi BBL 2003,Babell,6,Figi Babell BBL 2003 S-XL,Babell,4
5901769555914, Figi Model BBL 2003 Beige - Babell ,Babell,4,Figi BBL 2003,Babell,4,Figi Babell BBL 2003 S-XL,Babell,6
5901769555921, Figi Model BBL 2003 Beige - Babell ,Babell,3,Figi BBL 2003,Babell,3,Figi Babell BBL 2003 S-XL,Babell,11
5901769555938, Figi Model BBL 2003 Beige - Babell ,Babell,12,Figi BBL 2003,Babell,12,Figi Babell BBL 2003 S-XL,Babell,5
5901769555945, Figi Model BBL 2003 Beige - Babell ,Babell,5,Figi BBL 2003,Babell,5,Figi Babell BBL 2003 S-XL,Babell,5
5901769562783, Figi Model BBL 048 Beige - Babell ,Babell,2,Figi BBL 048,Babell,1,Figi Babell BBL 048 S-2XL,Babell,12
5901769562790, Figi Model BBL 048 Beige - Babell ,Babell,2,Figi BBL 048,Babell,2,Figi Babell BBL 048 S-2XL,Babell,12
5901769562806, Figi Model BBL 048 Beige - Babell ,Babell,5,Figi BBL 048,Babell,5,Figi Babell BBL 048 S-2XL,Babell,8
5901769562813, Figi Model BBL 048 Beige - Babell ,Babell,4,Figi BBL 048,Babell,4,Figi Babell BBL 048 S-2XL,Babell,5
5901769564633, Figi Model BBL 140 Black - Babell ,Babell,6,Figi BBL 140,Babell,6,Figi Babell BBL 140 S-XL,Babell,2
5901769566675, Figi Model BBL 203 Beige - Babell ,Babell,4,Figi BBL 203,Babell,4,Figi Babell BBL 203 S-2XL,Babell,3
5901769566682, Figi Model BBL 203 Beige - Babell ,Babell,6,Figi BBL 203,Babell,6,Figi Babell BBL 203 S-2XL,Babell,2
5901769566705, Figi Model BBL 203 Beige - Babell ,Babell,9,Figi BBL 203,Babell,9,Figi Babell BBL 203 S-2XL,Babell,4
5901769566712, Figi Model BBL 203 Beige - Babell ,Babell,4,Figi BBL 203,Babell,4,Figi Babell BBL 203 S-2XL,Babell,4
5901769566729, Figi Model BBL 203 Beige - Babell ,Babell,3,Figi BBL 203 3XL,Babell,3,Figi Babell BBL 203 3XL,Babell,4
5901769566736, Figi Model BBL 203 Black - Babell ,Babell,3,Figi BBL 203,Babell,3,Figi Babell BBL 203 S-2XL,Babell,4
5901769566743, Figi Model BBL 203 Black - Babell ,Babell,2,Figi BBL 203,Babell,2,Figi Babell BBL 203 S-2XL,Babell,2
5901769566750, Figi Model BBL 203 Black - Babell ,Babell,3,Figi BBL 203,Babell,3,Figi Babell BBL 203 S-2XL,Babell,3
5901769566767, Figi Model BBL 203 Black - Babell ,Babell,4,Figi BBL 203,Babell,4,Figi Babell BBL 203 S-2XL,Babell,2
5901769566774, Figi Model BBL 203 Black - Babell ,Babell,4,Figi BBL 203,Babell,4,Figi Babell BBL 203 S-2XL,Babell,3
5901769566781, Figi Model BBL 203 Black - Babell ,Babell,2,Figi BBL 203 3XL,Babell,2,Figi Babell BBL 203 3XL,Babell,2
5901769566798, Figi Model BBL 204 Beige - Babell ,Babell,6,Figi BBL 204,Babell,6,Figi Babell BBL 204 S-2XL,Babell,4
5901769566804, Figi Model BBL 204 Beige - Babell ,Babell,5,Figi BBL 204,Babell,5,Figi Babell BBL 204 S-2XL,Babell,3
5901769566811, Figi Model BBL 204 Beige - Babell ,Babell,7,Figi BBL 204,Babell,7,Figi Babell BBL 204 S-2XL,Babell,6
5901769566842, Figi Model BBL 204 Black - Babell ,Babell,3,Figi BBL 204,Babell,3,Figi Babell BBL 204 S-2XL,Babell,5
5901769566859, Figi Model BBL 204 Black - Babell ,Babell,5,Figi BBL 204,Babell,5,Figi Babell BBL 204 S-2XL,Babell,1
5901769566866, Figi Model BBL 204 Black - Babell ,Babell,5,Figi BBL 204,Babell,5,Figi Babell BBL 204 S-2XL,Babell,1
5901769566873, Figi Model BBL 204 Black - Babell ,Babell,5,Figi BBL 204,Babell,5,Figi Babell BBL 204 S-2XL,Babell,3
5901769566880, Figi Model BBL 204 Black - Babell ,Babell,2,Figi BBL 204 3XL,Babell,2,Figi Babell BBL 204 3XL,Babell,1
5901769566897, Figi Model BBL 204 Black - Babell ,Babell,4,Figi BBL 204,Babell,4,Figi Babell BBL 204 S-2XL,Babell,1
5901769566903, Figi Model BBL 200 White - Babell ,Babell,2,Figi BBL 200,Babell,2,Figi Babell BBL 200 S-2XL,Babell,3
5901769566910, Figi Model BBL 200 White - Babell ,Babell,0,Figi BBL 200,Babell,0,Figi Babell BBL 200 S-2XL,Babell,5
5901769566927, Figi Model BBL 200 White - Babell ,Babell,2,Figi BBL 200,Babell,2,Figi Babell BBL 200 S-2XL,Babell,2
5901769566934, Figi Model BBL 200 White - Babell ,Babell,4,Figi BBL 200,Babell,4,Figi Babell BBL 200 S-2XL,Babell,4
5901769566941, Figi Model BBL 200 White - Babell ,Babell,4,Figi BBL 200,Babell,4,Figi Babell BBL 200 S-2XL,Babell,5
5901769566958, Figi Model BBL 200 Black - Babell ,Babell,4,Figi BBL 200,Babell,4,Figi Babell BBL 200 S-2XL,Babell,4
5901769566965, Figi Model BBL 200 Black - Babell ,Babell,0,Figi BBL 200,Babell,0,Figi Babell BBL 200 S-2XL,Babell,5
5901769566972, Figi Model BBL 200 Black - Babell ,Babell,2,Figi BBL 200,Babell,2,Figi Babell BBL 200 S-2XL,Babell,3
5901769566989, Figi Model BBL 200 Black - Babell ,Babell,2,Figi BBL 200,Babell,2,Figi Babell BBL 200 S-2XL,Babell,2
5901769566996, Figi Model BBL 200 Black - Babell ,Babell,4,Figi BBL 200,Babell,4,Figi Babell BBL 200 S-2XL,Babell,1
5901769567009, Figi Model BBL 200 Beige - Babell ,Babell,1,Figi BBL 200,Babell,1,Figi Babell BBL 200 S-2XL,Babell,1
5901769567016, Figi Model BBL 200 Beige - Babell ,Babell,0,Figi BBL 200,Babell,0,Figi Babell BBL 200 S-2XL,Babell,3
5901769567023, Figi Model BBL 200 Beige - Babell ,Babell,4,Figi BBL 200,Babell,3,Figi Babell BBL 200 S-2XL,Babell,1
5901769567030, Figi Model BBL 200 Beige - Babell ,Babell,2,Figi BBL 200,Babell,2,Figi Babell BBL 200 S-2XL,Babell,3
5901769567047, Figi Model BBL 200 Beige - Babell ,Babell,4,Figi BBL 200,Babell,4,Figi Babell BBL 200 S-2XL,Babell,10
5901769567061, Figi Model BBL 201 White - Babell ,Babell,6,Figi BBL 201,Babell,6,Figi Babell BBL 201 S-XL,Babell,4
5901769567078, Figi Model BBL 201 White - Babell ,Babell,0,Figi BBL 201,Babell,0,Figi Babell BBL 201 S-XL,Babell,5
5901769567085, Figi Model BBL 201 White - Babell ,Babell,2,Figi BBL 201,Babell,2,Figi Babell BBL 201 S-XL,Babell,3
5901769567092, Figi Model BBL 201 Black - Babell ,Babell,2,Figi BBL 201,Babell,2,Figi Babell BBL 201 S-XL,Babell,3
5901769567108, Figi Model BBL 201 Black - Babell ,Babell,2,Figi BBL 201,Babell,2,Figi Babell BBL 201 S-XL,Babell,4
5901769567115, Figi Model BBL 201 Black - Babell ,Babell,1,Figi BBL 201,Babell,1,Figi Babell BBL 201 S-XL,Babell,4
5901769567122, Figi Model BBL 201 Black - Babell ,Babell,0,Figi BBL 201,Babell,0,Figi Babell BBL 201 S-XL,Babell,4
5901769567146, Figi Model BBL 201 Beige - Babell ,Babell,1,Figi BBL 201,Babell,1,Figi Babell BBL 201 S-XL,Babell,1
5901769567153, Figi Model BBL 201 Beige - Babell ,Babell,1,Figi BBL 201,Babell,1,Figi Babell BBL 201 S-XL,Babell,6
5901769567160, Figi Model BBL 201 Beige - Babell ,Babell,3,Figi BBL 201,Babell,3,Figi Babell BBL 201 S-XL,Babell,3
5901769567177, Figi Model BBL 201 Beige - Babell ,Babell,3,Figi BBL 201,Babell,3,Figi Babell BBL 201 S-XL,Babell,3
5901769567375, Figi Model BBL 204 Beige - Babell ,Babell,5,Figi BBL 204,Babell,5,Figi Babell BBL 204 S-2XL,Babell,3
5901769567740, Figi Model BBL 205 White - Babell ,Babell,0,Figi BBL 205,Babell,0,Figi Babell BBL 205 S-XL,Babell,5
5901769567757, Figi Model BBL 205 White - Babell ,Babell,0,Figi BBL 205,Babell,0,Figi Babell BBL 205 S-XL,Babell,2
5901769567764, Figi Model BBL 205 White - Babell ,Babell,1,Figi BBL 205,Babell,1,Figi Babell BBL 205 S-XL,Babell,3
5901769567771, Figi Model BBL 205 Black - Babell ,Babell,3,Figi BBL 205,Babell,3,Figi Babell BBL 205 S-XL,Babell,2
5901769567788, Figi Model BBL 205 Black - Babell ,Babell,2,Figi BBL 205,Babell,2,Figi Babell BBL 205 S-XL,Babell,4
5901769567795, Figi Model BBL 205 Black - Babell ,Babell,4,Figi BBL 205,Babell,4,Figi Babell BBL 205 S-XL,Babell,3
5901769567801, Figi Model BBL 205 Black - Babell ,Babell,2,Figi BBL 205,Babell,2,Figi Babell BBL 205 S-XL,Babell,3
5901769567818, Figi Model BBL 205 Beige - Babell ,Babell,3,Figi BBL 205,Babell,3,Figi Babell BBL 205 S-XL,Babell,2
5901769567825, Figi Model BBL 205 Beige - Babell ,Babell,4,Figi BBL 205,Babell,4,Figi Babell BBL 205 S-XL,Babell,10
5901769567832, Figi Model BBL 205 Beige - Babell ,Babell,2,Figi BBL 205,Babell,2,Figi Babell BBL 205 S-XL,Babell,9
5901769567849, Figi Model BBL 205 Beige - Babell ,Babell,2,Figi BBL 205,Babell,2,Figi Babell BBL 205 S-XL,Babell,6
5901769567856, Figi Model BBL 206 White - Babell ,Babell,2,Figi BBL 206,Babell,2,Figi Babell BBL 206 S-XL,Babell,5
5901769567863, Figi Model BBL 206 White - Babell ,Babell,7,Figi BBL 206,Babell,7,Figi Babell BBL 206 S-XL,Babell,4
5901769567870, Figi Model BBL 206 White - Babell ,Babell,4,Figi BBL 206,Babell,4,Figi Babell BBL 206 S-XL,Babell,6
5901769567894, Figi Model BBL 206 Black - Babell ,Babell,3,Figi BBL 206,Babell,3,Figi Babell BBL 206 S-XL,Babell,5
5901769567900, Figi Model BBL 206 Black - Babell ,Babell,1,Figi BBL 206,Babell,1,Figi Babell BBL 206 S-XL,Babell,3
5901769567917, Figi Model BBL 206 Black - Babell ,Babell,3,Figi BBL 206,Babell,3,Figi Babell BBL 206 S-XL,Babell,3
5901769567931, Figi Model BBL 206 Beige - Babell ,Babell,4,Figi BBL 206,Babell,4,Figi Babell BBL 206 S-XL,Babell,2
5901769567948, Figi Model BBL 206 Beige - Babell ,Babell,3,Figi BBL 206,Babell,3,Figi Babell BBL 206 S-XL,Babell,3
5901769567955, Figi Model BBL 206 Beige - Babell ,Babell,4,Figi BBL 206,Babell,4,Figi Babell BBL 206 S-XL,Babell,3
5901769567962, Figi Model BBL 206 Beige - Babell ,Babell,2,Figi BBL 206,Babell,2,Figi Babell BBL 206 S-XL,Babell,5
5901769568006, Figi Model BBL 207 White - Babell ,Babell,1,Figi BBL 207,Babell,1,Figi Babell BBL 207 S-XL,Babell,2
5901769568044, Figi Model BBL 207 Black - Babell ,Babell,0,Figi BBL 207,Babell,0,Figi Babell BBL 207 S-XL,Babell,1
5901769568068, Figi Model BBL 207 Beige - Babell ,Babell,3,Figi BBL 207,Babell,3,Figi Babell BBL 207 S-XL,Babell,1
5901769568082, Figi Model BBL 207 Beige - Babell ,Babell,2,Figi BBL 207,Babell,2,Figi Babell BBL 207 S-XL,Babell,10
5901769590359, Figi Model BBL 174 White - Babell ,Babell,2,Figi BBL 174,Babell,2,Figi Babell BBL 174 S-4XL,Babell,2
5901769590366, Figi Model BBL 174 White - Babell ,Babell,4,Figi BBL 174,Babell,2,Figi Babell BBL 174 S-4XL,Babell,1
5901769590373, Figi Model BBL 174 White - Babell ,Babell,0,Figi BBL 174,Babell,0,Figi Babell BBL 174 S-4XL,Babell,2
5901769590410, Figi Model BBL 174 Black - Babell ,Babell,1,Figi BBL 174,Babell,1,Figi Babell BBL 174 S-4XL,Babell,1
5901769590434, Figi Model BBL 174 Black - Babell ,Babell,4,Figi BBL 174,Babell,4,Figi Babell BBL 174 S-4XL,Babell,1
5901769590441, Figi Model BBL 174 Black - Babell ,Babell,4,Figi BBL 174,Babell,4,Figi Babell BBL 174 S-4XL,Babell,2
5901769590465, Figi Model BBL 174 Black - Babell ,Babell,0,Figi BBL 174,Babell,0,Figi Babell BBL 174 S-4XL,Babell,2
5901769597280, Figi Model BBL 187 Black - Babell ,Babell,1,Figi BBL 187,Babell,1,Figi Babell BBL 187 M-3XL,Babell,2
5901769597297, Figi Model BBL 187 Black - Babell ,Babell,3,Figi BBL 187,Babell,3,Figi Babell BBL 187 M-3XL,Babell,3
5901769597303, Figi Model BBL 187 Black - Babell ,Babell,3,Figi BBL 187,Babell,3,Figi Babell BBL 187 M-3XL,Babell,1
5901769597310, Figi Model BBL 187 Black - Babell ,Babell,4,Figi BBL 187,Babell,4,Figi Babell BBL 187 M-3XL,Babell,1
5901769597334, Figi Model BBL 187 White - Babell ,Babell,1,Figi BBL 187,Babell,1,Figi Babell BBL 187 M-3XL,Babell,1
5901769597341, Figi Model BBL 187 White - Babell ,Babell,1,Figi BBL 187,Babell,1,Figi Babell BBL 187 M-3XL,Babell,6
5901769597365, Figi Model BBL 187 White - Babell ,Babell,0,Figi BBL 187,Babell,0,Figi Babell BBL 187 M-3XL,Babell,2
5901769597372, Figi Model BBL 187 White - Babell ,Babell,2,Figi BBL 187,Babell,2,Figi Babell BBL 187 M-3XL,Babell,1
5901769597402, Figi Model BBL 187 Beige - Babell ,Babell,1,Figi BBL 187,Babell,1,Figi Babell BBL 187 M-3XL,Babell,1
5901769597419, Figi Model BBL 187 Beige - Babell ,Babell,2,Figi BBL 187,Babell,2,Figi Babell BBL 187 M-3XL,Babell,5
5901769597426, Figi Model BBL 187 Beige - Babell ,Babell,1,Figi BBL 187,Babell,1,Figi Babell BBL 187 M-3XL,Babell,4
5901769598294, Stringi Model BBL 183 White - Babell ,Babell,0,Figi BBL 183,Babell,0,Figi Babell BBL 183 S-XL,Babell,1
5901769598409, Stringi Model BBL 183 Beige - Babell ,Babell,0,Figi BBL 183,Babell,2,Figi Babell BBL 183 S-XL,Babell,2
5901832201885, Biustonosz Soft Biustonosz Semi-Soft Model Paris 1302 White - Gaia ,Gaia,1,Biustonosz 1302 BIA,Gaia,1,Biustonosz semi soft Gaia BS 1302 Paris,Gaia,1
5901832201908, Biustonosz Soft Biustonosz Semi-Soft Model Paris 1302 White - Gaia ,Gaia,0,Biustonosz 1302 BIA,Gaia,0,Biustonosz semi soft Gaia BS 1302 Paris,Gaia,1
5901832201915, Biustonosz Soft Biustonosz Semi-Soft Model Paris 1302 White - Gaia ,Gaia,0,Biustonosz 1302 BIA,Gaia,0,Biustonosz semi soft Gaia BS 1302 Paris,Gaia,1
5901832202073, Biustonosz Soft Biustonosz Semi-Soft Model Paris 1302 White - Gaia ,Gaia,2,Biustonosz 1302 BIA,Gaia,2,Biustonosz semi soft Gaia BS 1302 Paris,Gaia,2
5901832206842, Biustonosz Soft Model Zelia 1305 Red - Gaia ,Gaia,0,Biustonosz 1305 CZE,Gaia,2,,,1
5901832206866, Biustonosz Soft Model Zelia 1305 Red - Gaia ,Gaia,0,Biustonosz 1305 CZE,Gaia,2,,,2
5901832206903, Biustonosz Soft Model Zelia 1305 Red - Gaia ,Gaia,0,Biustonosz 1305 CZE,Gaia,1,,,3
5901832206996, Biustonosz Soft Model Zelia 1305 Red - Gaia ,Gaia,0,Biustonosz 1305 CZE,Gaia,2,,,1
5901832207009, Biustonosz Soft Model Zelia 1305 Red - Gaia ,Gaia,0,Biustonosz 1305 CZE,Gaia,2,,,1
5901832207047, Biustonosz Soft Model Zelia 1305 Red - Gaia ,Gaia,0,Biustonosz 1305 CZE,Gaia,0,,,1
5901832207078, Biustonosz Soft Model Zelia 1305 Red - Gaia ,Gaia,0,Biustonosz 1305 CZE,Gaia,4,,,1
5901832234364, Figi Model Sonia 1058P Pink - Gaia ,Gaia,0,Figi 1058P RÓŻ,Gaia,0,Figi Gaia GFP 1058 Sonia M-4XL Różowy,Gaia,5
5901832234371, Figi Model Sonia 1058P Pink - Gaia ,Gaia,0,Figi 1058P RÓŻ,Gaia,0,Figi Gaia GFP 1058 Sonia M-4XL Różowy,Gaia,7
5901832234388, Figi Model Sonia 1058P Pink - Gaia ,Gaia,0,Figi 1058P RÓŻ,Gaia,0,Figi Gaia GFP 1058 Sonia M-4XL Różowy,Gaia,9
5901832234395, Figi Model Sonia 1058P Pink - Gaia ,Gaia,0,Figi 1058P RÓŻ,Gaia,0,Figi Gaia GFP 1058 Sonia M-4XL Różowy,Gaia,6
5901832234401, Figi Model Sonia 1058P Pink - Gaia ,Gaia,0,Figi 1058P RÓŻ,Gaia,0,Figi Gaia GFP 1058 Sonia M-4XL Różowy,Gaia,5
5901832234418, Figi Model Sonia 1058P Pink - Gaia ,Gaia,0,Figi 1058P RÓŻ,Gaia,0,Figi Gaia GFP 1058 Sonia M-4XL Różowy,Gaia,5
5901832234852, Biustonosz Soft Biustonosz Semi-Soft Model Isla 1228 White - Gaia ,Gaia,3,Biustonosz 1228 BIA,Gaia,3,Biustonosz semi soft Gaia BS 1228 Isla Biały,Gaia,1
5901832234869, Biustonosz Soft Biustonosz Semi-Soft Model Isla 1228 White - Gaia ,Gaia,4,Biustonosz 1228 BIA,Gaia,4,Biustonosz semi soft Gaia BS 1228 Isla Biały,Gaia,4
5901832234944, Biustonosz Soft Biustonosz Semi-Soft Model Isla 1228 White - Gaia ,Gaia,3,Biustonosz 1228 BIA,Gaia,3,Biustonosz semi soft Gaia BS 1228 Isla Biały,Gaia,1
5901832234968, Biustonosz Soft Biustonosz Semi-Soft Model Isla 1228 White - Gaia ,Gaia,4,Biustonosz 1228 BIA,Gaia,4,Biustonosz semi soft Gaia BS 1228 Isla Biały,Gaia,3
5901832234982, Biustonosz Soft Biustonosz Semi-Soft Model Isla 1228 White - Gaia ,Gaia,4,Biustonosz 1228 BIA,Gaia,4,Biustonosz semi soft Gaia BS 1228 Isla Biały,Gaia,5
5901832234999, Biustonosz Soft Biustonosz Semi-Soft Model Isla 1228 White - Gaia ,Gaia,2,Biustonosz 1228 BIA,Gaia,2,Biustonosz semi soft Gaia BS 1228 Isla Biały,Gaia,2
5901832235002, Biustonosz Soft Biustonosz Semi-Soft Model Isla 1228 White - Gaia ,Gaia,2,Biustonosz 1228 BIA,Gaia,2,Biustonosz semi soft Gaia BS 1228 Isla Biały,Gaia,10
5901832235026, Biustonosz Soft Biustonosz Semi-Soft Model Isla 1228 White - Gaia ,Gaia,0,Biustonosz 1228 BIA,Gaia,0,Biustonosz semi soft Gaia BS 1228 Isla Biały,Gaia,10
5901832235033, Biustonosz Soft Biustonosz Semi-Soft Model Isla 1228 White - Gaia ,Gaia,2,Biustonosz 1228 BIA,Gaia,2,Biustonosz semi soft Gaia BS 1228 Isla Biały,Gaia,2
5901832235040, Biustonosz Soft Biustonosz Semi-Soft Model Isla 1228 White - Gaia ,Gaia,2,Biustonosz 1228 BIA,Gaia,2,Biustonosz semi soft Gaia BS 1228 Isla Biały,Gaia,3
5901832235057, Biustonosz Soft Biustonosz Semi-Soft Model Isla 1228 White - Gaia ,Gaia,0,Biustonosz 1228 BIA,Gaia,0,Biustonosz semi soft Gaia BS 1228 Isla Biały,Gaia,2
5901832235064, Biustonosz Soft Biustonosz Semi-Soft Model Isla 1228 White - Gaia ,Gaia,0,Biustonosz 1228 BIA,Gaia,0,Biustonosz semi soft Gaia BS 1228 Isla Biały,Gaia,1
5901832235071, Biustonosz Soft Biustonosz Semi-Soft Model Isla 1228 White - Gaia ,Gaia,1,Biustonosz 1228 BIA,Gaia,1,Biustonosz semi soft Gaia BS 1228 Isla Biały,Gaia,1
5901832235088, Biustonosz Soft Biustonosz Semi-Soft Model Isla 1228 White - Gaia ,Gaia,0,Biustonosz 1228 BIA,Gaia,0,Biustonosz semi soft Gaia BS 1228 Isla Biały,Gaia,7
5901832235101, Biustonosz Soft Biustonosz Semi-Soft Model Isla 1228 White - Gaia ,Gaia,2,Biustonosz 1228 BIA,Gaia,2,Biustonosz semi soft Gaia BS 1228 Isla Biały,Gaia,7
5901832235118, Biustonosz Soft Biustonosz Semi-Soft Model Isla 1228 White - Gaia ,Gaia,0,Biustonosz 1228 BIA,Gaia,0,Biustonosz semi soft Gaia BS 1228 Isla Biały,Gaia,6
5901832235125, Biustonosz Soft Biustonosz Semi-Soft Model Isla 1228 White - Gaia ,Gaia,0,Biustonosz 1228 BIA,Gaia,0,Biustonosz semi soft Gaia BS 1228 Isla Biały,Gaia,5
5901832235132, Biustonosz Soft Biustonosz Semi-Soft Model Isla 1228 White - Gaia ,Gaia,0,Biustonosz 1228 BIA,Gaia,0,Biustonosz semi soft Gaia BS 1228 Isla Biały,Gaia,2
5901832235149, Biustonosz Soft Biustonosz Semi-Soft Model Isla 1228 White - Gaia ,Gaia,1,Biustonosz 1228 BIA,Gaia,1,Biustonosz semi soft Gaia BS 1228 Isla Biały,Gaia,2
5901832235156, Biustonosz Soft Biustonosz Semi-Soft Model Isla 1228 White - Gaia ,Gaia,0,Biustonosz 1228 BIA,Gaia,0,Biustonosz semi soft Gaia BS 1228 Isla Biały,Gaia,3
5901832235163, Biustonosz Soft Biustonosz Semi-Soft Model Isla 1228 White - Gaia ,Gaia,0,Biustonosz 1228 BIA,Gaia,0,Biustonosz semi soft Gaia BS 1228 Isla Biały,Gaia,5
5901832235194, Biustonosz Soft Biustonosz Semi-Soft Model Isla 1228 White - Gaia ,Gaia,4,Biustonosz 1228 BIA,Gaia,4,Biustonosz semi soft Gaia BS 1228 Isla Biały,Gaia,5
5901832235217, Figi Model Isla 1228P White - Gaia ,Gaia,10,Figi 1228P BIA,Gaia,10,Figi Gaia GFP 1228 Isla S-XL Biały,Gaia,2
5901832235224, Figi Model Isla 1228P White - Gaia ,Gaia,10,Figi 1228P BIA,Gaia,10,Figi Gaia GFP 1228 Isla S-XL Biały,Gaia,2
5901832235231, Figi Model Isla 1228P White - Gaia ,Gaia,5,Figi 1228P BIA,Gaia,5,Figi Gaia GFP 1228 Isla S-XL Biały,Gaia,3
5901832235248, Figi Model Isla 1228P White - Gaia ,Gaia,2,Figi 1228P BIA,Gaia,2,Figi Gaia GFP 1228 Isla S-2XL,Gaia,2
5901832235422, Biustonosz Soft Model Jessia 1229 White - Gaia ,Gaia,1,Biustonosz 1229 BIA,Gaia,1,Biustonosz soft Gaia BS 1229 Jessia,Gaia,4
5901832235439, Biustonosz Soft Model Jessia 1229 White - Gaia ,Gaia,0,Biustonosz 1229 BIA,Gaia,0,Biustonosz soft Gaia BS 1229 Jessia,Gaia,1
5901832235446, Biustonosz Soft Model Jessia 1229 White - Gaia ,Gaia,0,Biustonosz 1229 BIA,Gaia,0,Biustonosz soft Gaia BS 1229 Jessia,Gaia,1
5901832235453, Biustonosz Soft Model Jessia 1229 White - Gaia ,Gaia,2,Biustonosz 1229 BIA,Gaia,2,Biustonosz soft Gaia BS 1229 Jessia,Gaia,2
5901832235460, Biustonosz Soft Model Jessia 1229 White - Gaia ,Gaia,2,Biustonosz 1229 BIA,Gaia,2,Biustonosz soft Gaia BS 1229 Jessia,Gaia,4
5901832235484, Biustonosz Soft Model Jessia 1229 White - Gaia ,Gaia,2,Biustonosz 1229 BIA,Gaia,2,Biustonosz soft Gaia BS 1229 Jessia,Gaia,2
5901832235491, Biustonosz Soft Model Jessia 1229 White - Gaia ,Gaia,4,Biustonosz 1229 BIA,Gaia,4,Biustonosz soft Gaia BS 1229 Jessia,Gaia,1
5901832235507, Biustonosz Soft Model Jessia 1229 White - Gaia ,Gaia,0,Biustonosz 1229 BIA,Gaia,0,Biustonosz soft Gaia BS 1229 Jessia,Gaia,2
5901832235514, Biustonosz Soft Model Jessia 1229 White - Gaia ,Gaia,0,Biustonosz 1229 BIA,Gaia,0,Biustonosz soft Gaia BS 1229 Jessia,Gaia,5
5901832235521, Biustonosz Soft Model Jessia 1229 White - Gaia ,Gaia,1,Biustonosz 1229 BIA,Gaia,1,Biustonosz soft Gaia BS 1229 Jessia,Gaia,2
5901832235545, Biustonosz Soft Model Jessia 1229 White - Gaia ,Gaia,0,Biustonosz 1229 BIA,Gaia,0,Biustonosz soft Gaia BS 1229 Jessia,Gaia,3
5901832235569, Biustonosz Soft Model Jessia 1229 White - Gaia ,Gaia,0,Biustonosz 1229 BIA,Gaia,0,Biustonosz soft Gaia BS 1229 Jessia,Gaia,1
5901832235613, Biustonosz Soft Model Jessia 1229 White - Gaia ,Gaia,1,Biustonosz 1229 BIA,Gaia,1,Biustonosz soft Gaia BS 1229 Jessia,Gaia,2
5901832235651, Biustonosz Soft Model Jessia 1229 White - Gaia ,Gaia,1,Biustonosz 1229 BIA,Gaia,1,Biustonosz soft Gaia BS 1229 Jessia,Gaia,2
5901832235668, Biustonosz Soft Model Jessia 1229 White - Gaia ,Gaia,0,Biustonosz 1229 BIA,Gaia,0,Biustonosz soft Gaia BS 1229 Jessia,Gaia,1
5901832235699, Biustonosz Soft Model Jessia 1229 White - Gaia ,Gaia,2,Biustonosz 1229 BIA,Gaia,1,Biustonosz soft Gaia BS 1229 Jessia,Gaia,2
5901832236283, Biustonosz Soft Biustonosz Semi-Soft Model Isla 1228 Black - Gaia ,Gaia,1,Biustonosz 1228 CZA,Gaia,1,Biustonosz semi soft Gaia BS 1228 Isla,Gaia,4
5901832236290, Biustonosz Soft Biustonosz Semi-Soft Model Isla 1228 Black - Gaia ,Gaia,2,Biustonosz 1228 CZA,Gaia,2,Biustonosz semi soft Gaia BS 1228 Isla,Gaia,2
5901832236313, Biustonosz Soft Biustonosz Semi-Soft Model Isla 1228 Black - Gaia ,Gaia,3,Biustonosz 1228 CZA,Gaia,3,Biustonosz semi soft Gaia BS 1228 Isla,Gaia,3
5901832236320, Biustonosz Soft Biustonosz Semi-Soft Model Isla 1228 Black - Gaia ,Gaia,0,Biustonosz 1228 CZA,Gaia,0,Biustonosz semi soft Gaia BS 1228 Isla,Gaia,1
5901832236405, Biustonosz Soft Biustonosz Semi-Soft Model Isla 1228 Black - Gaia ,Gaia,2,Biustonosz 1228 CZA,Gaia,2,Biustonosz semi soft Gaia BS 1228 Isla,Gaia,2
5901832236429, Biustonosz Soft Biustonosz Semi-Soft Model Isla 1228 Black - Gaia ,Gaia,3,Biustonosz 1228 CZA,Gaia,3,Biustonosz semi soft Gaia BS 1228 Isla,Gaia,2
5901832236436, Biustonosz Soft Biustonosz Semi-Soft Model Isla 1228 Black - Gaia ,Gaia,0,Biustonosz 1228 CZA,Gaia,0,Biustonosz semi soft Gaia BS 1228 Isla,Gaia,3
5901832236443, Biustonosz Soft Biustonosz Semi-Soft Model Isla 1228 Black - Gaia ,Gaia,0,Biustonosz 1228 CZA,Gaia,0,Biustonosz semi soft Gaia BS 1228 Isla,Gaia,3
5901832236450, Biustonosz Soft Biustonosz Semi-Soft Model Isla 1228 Black - Gaia ,Gaia,0,Biustonosz 1228 CZA,Gaia,0,Biustonosz semi soft Gaia BS 1228 Isla,Gaia,1
5901832236474, Biustonosz Soft Biustonosz Semi-Soft Model Isla 1228 Black - Gaia ,Gaia,0,Biustonosz 1228 CZA,Gaia,0,Biustonosz semi soft Gaia BS 1228 Isla,Gaia,2
5901832236481, Biustonosz Soft Biustonosz Semi-Soft Model Isla 1228 Black - Gaia ,Gaia,0,Biustonosz 1228 CZA,Gaia,0,Biustonosz semi soft Gaia BS 1228 Isla,Gaia,5
5901832236498, Biustonosz Soft Biustonosz Semi-Soft Model Isla 1228 Black - Gaia ,Gaia,0,Biustonosz 1228 CZA,Gaia,0,Biustonosz semi soft Gaia BS 1228 Isla,Gaia,4
5901832236528, Biustonosz Soft Biustonosz Semi-Soft Model Isla 1228 Black - Gaia ,Gaia,0,Biustonosz 1228 CZA,Gaia,0,Biustonosz semi soft Gaia BS 1228 Isla,Gaia,3
5901832236542, Biustonosz Soft Biustonosz Semi-Soft Model Isla 1228 Black - Gaia ,Gaia,2,Biustonosz 1228 CZA,Gaia,2,Biustonosz semi soft Gaia BS 1228 Isla,Gaia,3
5901832236597, Biustonosz Soft Biustonosz Semi-Soft Model Isla 1228 Black - Gaia ,Gaia,2,Biustonosz 1228 CZA,Gaia,2,Biustonosz semi soft Gaia BS 1228 Isla,Gaia,2
5901832236603, Biustonosz Soft Biustonosz Semi-Soft Model Isla 1228 Black - Gaia ,Gaia,0,Biustonosz 1228 CZA,Gaia,0,Biustonosz semi soft Gaia BS 1228 Isla,Gaia,2
5901832237723, Biustonosz Soft Biustonosz Semi-Soft Model Isla 1228 Beige - Gaia ,Gaia,3,Biustonosz 1228 BEŻ,Gaia,3,Biustonosz semi soft Gaia BS 1228 Isla,Gaia,3
5901832237730, Biustonosz Soft Biustonosz Semi-Soft Model Isla 1228 Beige - Gaia ,Gaia,0,Biustonosz 1228 BEŻ,Gaia,0,Biustonosz semi soft Gaia BS 1228 Isla,Gaia,1
5901832237754, Biustonosz Soft Biustonosz Semi-Soft Model Isla 1228 Beige - Gaia ,Gaia,0,Biustonosz 1228 BEŻ,Gaia,0,Biustonosz semi soft Gaia BS 1228 Isla,Gaia,1
5901832237792, Biustonosz Soft Biustonosz Semi-Soft Model Isla 1228 Beige - Gaia ,Gaia,3,Biustonosz 1228 BEŻ,Gaia,3,Biustonosz semi soft Gaia BS 1228 Isla,Gaia,1
5901832237860, Biustonosz Soft Biustonosz Semi-Soft Model Isla 1228 Beige - Gaia ,Gaia,0,Biustonosz 1228 BEŻ,Gaia,0,Biustonosz semi soft Gaia BS 1228 Isla,Gaia,3
5901832237907, Biustonosz Soft Biustonosz Semi-Soft Model Isla 1228 Beige - Gaia ,Gaia,0,Biustonosz 1228 BEŻ,Gaia,0,Biustonosz semi soft Gaia BS 1228 Isla,Gaia,5
5901832237914, Biustonosz Soft Biustonosz Semi-Soft Model Isla 1228 Beige - Gaia ,Gaia,0,Biustonosz 1228 BEŻ,Gaia,0,Biustonosz semi soft Gaia BS 1228 Isla,Gaia,5
5901832237921, Biustonosz Soft Biustonosz Semi-Soft Model Isla 1228 Beige - Gaia ,Gaia,0,Biustonosz 1228 BEŻ,Gaia,0,Biustonosz semi soft Gaia BS 1228 Isla,Gaia,4
5901832237976, Biustonosz Soft Biustonosz Semi-Soft Model Isla 1228 Beige - Gaia ,Gaia,3,Biustonosz 1228 BEŻ,Gaia,3,Biustonosz semi soft Gaia BS 1228 Isla,Gaia,3
5901832237983, Biustonosz Soft Biustonosz Semi-Soft Model Isla 1228 Beige - Gaia ,Gaia,4,Biustonosz 1228 BEŻ,Gaia,4,Biustonosz semi soft Gaia BS 1228 Isla,Gaia,1
5901832237990, Biustonosz Soft Biustonosz Semi-Soft Model Isla 1228 Beige - Gaia ,Gaia,0,Biustonosz 1228 BEŻ,Gaia,0,Biustonosz semi soft Gaia BS 1228 Isla,Gaia,5
5901832238027, Biustonosz Soft Biustonosz Semi-Soft Model Isla 1228 Beige - Gaia ,Gaia,2,Biustonosz 1228 BEŻ,Gaia,2,Biustonosz semi soft Gaia BS 1228 Isla,Gaia,1
5901832238034, Biustonosz Soft Biustonosz Semi-Soft Model Isla 1228 Beige - Gaia ,Gaia,2,Biustonosz 1228 BEŻ,Gaia,2,Biustonosz semi soft Gaia BS 1228 Isla,Gaia,6
5901832238065, Biustonosz Soft Biustonosz Semi-Soft Model Isla 1228 Beige - Gaia ,Gaia,0,Biustonosz 1228 BEŻ,Gaia,0,Biustonosz semi soft Gaia BS 1228 Isla,Gaia,3
5901832238072, Biustonosz Soft Biustonosz Semi-Soft Model Isla 1228 Beige - Gaia ,Gaia,0,Biustonosz 1228 BEŻ,Gaia,0,Biustonosz semi soft Gaia BS 1228 Isla,Gaia,3
5901832238119, Figi Model Isla 1228 Beige - Gaia ,Gaia,2,Figi 1228P BEŻ,Gaia,2,Figi Gaia GFP 1228 Isla S-2XL,Gaia,4
5901832238126, Figi Model Isla 1228 Beige - Gaia ,Gaia,2,Figi 1228P BEŻ,Gaia,2,Figi Gaia GFP 1228 Isla S-2XL,Gaia,1
5901832238232, Biustonosz Soft Model Jessia 1229 Beige - Gaia ,Gaia,0,Biustonosz 1229 BEŻ,Gaia,0,Biustonosz soft Gaia BS 1229 Jessia,Gaia,1
5901832238263, Biustonosz Soft Model Jessia 1229 Beige - Gaia ,Gaia,1,Biustonosz 1229 BEŻ,Gaia,1,Biustonosz soft Gaia BS 1229 Jessia,Gaia,2
5901832238300, Biustonosz Soft Model Jessia 1229 Beige - Gaia ,Gaia,5,Biustonosz 1229 BEŻ,Gaia,5,Biustonosz soft Gaia BS 1229 Jessia,Gaia,2
5901832238317, Biustonosz Soft Model Jessia 1229 Beige - Gaia ,Gaia,3,Biustonosz 1229 BEŻ,Gaia,3,Biustonosz soft Gaia BS 1229 Jessia,Gaia,1
5901832238331, Biustonosz Soft Model Jessia 1229 Beige - Gaia ,Gaia,3,Biustonosz 1229 BEŻ,Gaia,3,Biustonosz soft Gaia BS 1229 Jessia,Gaia,3
5901832238386, Biustonosz Soft Model Jessia 1229 Beige - Gaia ,Gaia,3,Biustonosz 1229 BEŻ,Gaia,3,Biustonosz soft Gaia BS 1229 Jessia,Gaia,3
5901832238393, Biustonosz Soft Model Jessia 1229 Beige - Gaia ,Gaia,3,Biustonosz 1229 BEŻ,Gaia,3,Biustonosz soft Gaia BS 1229 Jessia,Gaia,5
5901832238409, Biustonosz Soft Model Jessia 1229 Beige - Gaia ,Gaia,3,Biustonosz 1229 BEŻ,Gaia,3,Biustonosz soft Gaia BS 1229 Jessia,Gaia,2
5901832238416, Biustonosz Soft Model Jessia 1229 Beige - Gaia ,Gaia,1,Biustonosz 1229 BEŻ,Gaia,1,Biustonosz soft Gaia BS 1229 Jessia,Gaia,3
5901832238447, Biustonosz Soft Model Jessia 1229 Beige - Gaia ,Gaia,0,Biustonosz 1229 BEŻ,Gaia,0,Biustonosz soft Gaia BS 1229 Jessia,Gaia,6
5901832238454, Biustonosz Soft Model Jessia 1229 Beige - Gaia ,Gaia,0,Biustonosz 1229 BEŻ,Gaia,0,Biustonosz soft Gaia BS 1229 Jessia,Gaia,3
5901832238461, Biustonosz Soft Model Jessia 1229 Beige - Gaia ,Gaia,3,Biustonosz 1229 BEŻ,Gaia,3,Biustonosz soft Gaia BS 1229 Jessia,Gaia,3
5901832238478, Biustonosz Soft Model Jessia 1229 Beige - Gaia ,Gaia,1,Biustonosz 1229 BEŻ,Gaia,1,Biustonosz soft Gaia BS 1229 Jessia,Gaia,2
5901832238492, Biustonosz Soft Model Jessia 1229 Beige - Gaia ,Gaia,2,Biustonosz 1229 BEŻ,Gaia,2,Biustonosz soft Gaia BS 1229 Jessia,Gaia,4
5901832238508, Biustonosz Soft Model Jessia 1229 Beige - Gaia ,Gaia,3,Biustonosz 1229 BEŻ,Gaia,3,Biustonosz soft Gaia BS 1229 Jessia,Gaia,4
5901832238515, Biustonosz Soft Model Jessia 1229 Beige - Gaia ,Gaia,2,Biustonosz 1229 BEŻ,Gaia,2,Biustonosz soft Gaia BS 1229 Jessia,Gaia,1
5901832238539, Biustonosz Soft Model Jessia 1229 Beige - Gaia ,Gaia,3,Biustonosz 1229 BEŻ,Gaia,3,Biustonosz soft Gaia BS 1229 Jessia,Gaia,5
5901832238553, Biustonosz Soft Model Jessia 1229 Beige - Gaia ,Gaia,2,Biustonosz 1229 BEŻ,Gaia,2,Biustonosz soft Gaia BS 1229 Jessia,Gaia,2
5901832240167, Biustonosz Soft Biustonosz Semi-Soft Model Veda 1323 Navy - Gaia ,Gaia,0,Biustonosz 1323 GRN,Gaia,0,Biustonosz semi soft Gaia BS 1323 Veda Granatowy,Gaia,2
5901832240174, Biustonosz Soft Biustonosz Semi-Soft Model Veda 1323 Navy - Gaia ,Gaia,0,Biustonosz 1323 GRN,Gaia,0,Biustonosz semi soft Gaia BS 1323 Veda Granatowy,Gaia,2
5901832240181, Biustonosz Soft Biustonosz Semi-Soft Model Veda 1323 Navy - Gaia ,Gaia,0,Biustonosz 1323 GRN,Gaia,0,Biustonosz semi soft Gaia BS 1323 Veda Granatowy,Gaia,1
5901832240198, Biustonosz Soft Biustonosz Semi-Soft Model Veda 1323 Navy - Gaia ,Gaia,0,Biustonosz 1323 GRN,Gaia,0,Biustonosz semi soft Gaia BS 1323 Veda Granatowy,Gaia,3
5901832240204, Biustonosz Soft Biustonosz Semi-Soft Model Veda 1323 Navy - Gaia ,Gaia,0,Biustonosz 1323 GRN,Gaia,0,Biustonosz semi soft Gaia BS 1323 Veda Granatowy,Gaia,2
5901832240242, Biustonosz Soft Biustonosz Semi-Soft Model Veda 1323 Navy - Gaia ,Gaia,0,Biustonosz 1323 GRN,Gaia,0,Biustonosz semi soft Gaia BS 1323 Veda Granatowy,Gaia,1
5901832240273, Biustonosz Soft Biustonosz Semi-Soft Model Veda 1323 Navy - Gaia ,Gaia,0,Biustonosz 1323 GRN,Gaia,0,Biustonosz semi soft Gaia BS 1323 Veda Granatowy,Gaia,1
5901832240280, Biustonosz Soft Biustonosz Semi-Soft Model Veda 1323 Navy - Gaia ,Gaia,0,Biustonosz 1323 GRN,Gaia,0,Biustonosz semi soft Gaia BS 1323 Veda Granatowy,Gaia,1
5901832240334, Biustonosz Soft Biustonosz Semi-Soft Model Veda 1323 Navy - Gaia ,Gaia,0,Biustonosz 1323 GRN,Gaia,0,Biustonosz semi soft Gaia BS 1323 Veda Granatowy,Gaia,1
5901832240341, Biustonosz Soft Biustonosz Semi-Soft Model Veda 1323 Navy - Gaia ,Gaia,0,Biustonosz 1323 GRN,Gaia,0,Biustonosz semi soft Gaia BS 1323 Veda Granatowy,Gaia,2
5901832240358, Biustonosz Soft Biustonosz Semi-Soft Model Veda 1323 Navy - Gaia ,Gaia,0,Biustonosz 1323 GRN,Gaia,0,Biustonosz semi soft Gaia BS 1323 Veda Granatowy,Gaia,1
5901832240365, Biustonosz Soft Biustonosz Semi-Soft Model Veda 1323 Navy - Gaia ,Gaia,0,Biustonosz 1323 GRN,Gaia,0,Biustonosz semi soft Gaia BS 1323 Veda Granatowy,Gaia,3
5901832240570, Figi Model Veda 1323P Navy - Gaia ,Gaia,0,Figi 1323P GRN,Gaia,0,Figi Gaia GFP 1323 Veda S-4XL Granatowy,Gaia,2
5901832240587, Figi Model Veda 1323P Navy - Gaia ,Gaia,0,Figi 1323P GRN,Gaia,0,Figi Gaia GFP 1323 Veda S-4XL Granatowy,Gaia,5
5901832240594, Figi Model Veda 1323P Navy - Gaia ,Gaia,0,Figi 1323P GRN,Gaia,0,Figi Gaia GFP 1323 Veda S-4XL Granatowy,Gaia,6
5901832240600, Figi Model Veda 1323P Navy - Gaia ,Gaia,0,Figi 1323P GRN,Gaia,0,Figi Gaia GFP 1323 Veda S-4XL Granatowy,Gaia,11
5901832240617, Figi Model Veda 1323P Navy - Gaia ,Gaia,0,Figi 1323P GRN,Gaia,0,Figi Gaia GFP 1323 Veda S-4XL Granatowy,Gaia,9
5901832240662, Biustonosz Soft Biustonosz Semi-Soft Model Veda 1323M Navy - Gaia ,Gaia,0,Biustonosz 1323M GRN,Gaia,0,Biustonosz Semi Soft Gaia BSM 1323 Veda Maxi Granatowy,Gaia,2
5901832240679, Biustonosz Soft Biustonosz Semi-Soft Model Veda 1323M Navy - Gaia ,Gaia,0,Biustonosz 1323M GRN,Gaia,0,Biustonosz Semi Soft Gaia BSM 1323 Veda Maxi Granatowy,Gaia,2
5901832240686, Biustonosz Soft Biustonosz Semi-Soft Model Veda 1323M Navy - Gaia ,Gaia,0,Biustonosz 1323M GRN,Gaia,0,Biustonosz Semi Soft Gaia BSM 1323 Veda Maxi Granatowy,Gaia,2
5901832240693, Biustonosz Soft Biustonosz Semi-Soft Model Veda 1323M Navy - Gaia ,Gaia,0,Biustonosz 1323M GRN,Gaia,0,Biustonosz Semi Soft Gaia BSM 1323 Veda Maxi Granatowy,Gaia,3
5901832240709, Biustonosz Soft Biustonosz Semi-Soft Model Veda 1323M Navy - Gaia ,Gaia,0,Biustonosz 1323M GRN,Gaia,0,Biustonosz Semi Soft Gaia BSM 1323 Veda Maxi Granatowy,Gaia,1
5901832240716, Biustonosz Soft Biustonosz Semi-Soft Model Veda 1323M Navy - Gaia ,Gaia,0,Biustonosz 1323M GRN,Gaia,0,Biustonosz Semi Soft Gaia BSM 1323 Veda Maxi Granatowy,Gaia,1
5901832240723, Biustonosz Soft Biustonosz Semi-Soft Model Veda 1323M Navy - Gaia ,Gaia,0,Biustonosz 1323M GRN,Gaia,0,Biustonosz Semi Soft Gaia BSM 1323 Veda Maxi Granatowy,Gaia,2
5901832240730, Biustonosz Soft Biustonosz Semi-Soft Model Veda 1323M Navy - Gaia ,Gaia,0,Biustonosz 1323M GRN,Gaia,0,Biustonosz Semi Soft Gaia BSM 1323 Veda Maxi Granatowy,Gaia,1
5901832240747, Biustonosz Soft Biustonosz Semi-Soft Model Veda 1323M Navy - Gaia ,Gaia,0,Biustonosz 1323M GRN,Gaia,0,Biustonosz Semi Soft Gaia BSM 1323 Veda Maxi Granatowy,Gaia,2
5901832240754, Biustonosz Soft Biustonosz Semi-Soft Model Veda 1323M Navy - Gaia ,Gaia,0,Biustonosz 1323M GRN,Gaia,0,Biustonosz Semi Soft Gaia BSM 1323 Veda Maxi Granatowy,Gaia,2
5901832240761, Biustonosz Soft Biustonosz Semi-Soft Model Veda 1323M Navy - Gaia ,Gaia,0,Biustonosz 1323M GRN,Gaia,0,Biustonosz Semi Soft Gaia BSM 1323 Veda Maxi Granatowy,Gaia,1
5901832240778, Biustonosz Soft Biustonosz Semi-Soft Model Veda 1323M Navy - Gaia ,Gaia,0,Biustonosz 1323M GRN,Gaia,0,Biustonosz Semi Soft Gaia BSM 1323 Veda Maxi Granatowy,Gaia,1
5901832240785, Biustonosz Soft Biustonosz Semi-Soft Model Veda 1323M Navy - Gaia ,Gaia,0,Biustonosz 1323M GRN,Gaia,0,Biustonosz Semi Soft Gaia BSM 1323 Veda Maxi Granatowy,Gaia,1
5901832240792, Biustonosz Soft Biustonosz Semi-Soft Model Veda 1323M Navy - Gaia ,Gaia,0,Biustonosz 1323M GRN,Gaia,0,Biustonosz Semi Soft Gaia BSM 1323 Veda Maxi Granatowy,Gaia,1
5901832240808, Biustonosz Soft Biustonosz Semi-Soft Model Veda 1323M Navy - Gaia ,Gaia,0,Biustonosz 1323M GRN,Gaia,0,Biustonosz Semi Soft Gaia BSM 1323 Veda Maxi Granatowy,Gaia,2
5901832240815, Biustonosz Soft Biustonosz Semi-Soft Model Veda 1323M Navy - Gaia ,Gaia,0,Biustonosz 1323M GRN,Gaia,0,Biustonosz Semi Soft Gaia BSM 1323 Veda Maxi Granatowy,Gaia,1
5901832240839, Biustonosz Soft Biustonosz Semi-Soft Model Veda 1323M Navy - Gaia ,Gaia,0,Biustonosz 1323M GRN,Gaia,0,Biustonosz Semi Soft Gaia BSM 1323 Veda Maxi Granatowy,Gaia,3
5901832240846, Biustonosz Soft Biustonosz Semi-Soft Model Veda 1323M Navy - Gaia ,Gaia,0,Biustonosz 1323M GRN,Gaia,0,Biustonosz Semi Soft Gaia BSM 1323 Veda Maxi Granatowy,Gaia,4
5901832240853, Biustonosz Soft Biustonosz Semi-Soft Model Veda 1323M Navy - Gaia ,Gaia,0,Biustonosz 1323M GRN,Gaia,0,Biustonosz Semi Soft Gaia BSM 1323 Veda Maxi Granatowy,Gaia,3
5901832240860, Biustonosz Soft Biustonosz Semi-Soft Model Veda 1323M Navy - Gaia ,Gaia,0,Biustonosz 1323M GRN,Gaia,0,Biustonosz Semi Soft Gaia BSM 1323 Veda Maxi Granatowy,Gaia,2
5901832240884, Biustonosz Soft Biustonosz Semi-Soft Model Veda 1323M Navy - Gaia ,Gaia,0,Biustonosz 1323M GRN,Gaia,0,Biustonosz Semi Soft Gaia BSM 1323 Veda Maxi Granatowy,Gaia,3
5901832240891, Biustonosz Soft Biustonosz Semi-Soft Model Veda 1323M Navy - Gaia ,Gaia,0,Biustonosz 1323M GRN,Gaia,0,Biustonosz Semi Soft Gaia BSM 1323 Veda Maxi Granatowy,Gaia,2
5901832240907, Biustonosz Soft Biustonosz Semi-Soft Model Veda 1323M Navy - Gaia ,Gaia,0,Biustonosz 1323M GRN,Gaia,0,Biustonosz Semi Soft Gaia BSM 1323 Veda Maxi Granatowy,Gaia,3
5901832240914, Biustonosz Soft Biustonosz Semi-Soft Model Veda 1323M Navy - Gaia ,Gaia,0,Biustonosz 1323M GRN,Gaia,0,Biustonosz Semi Soft Gaia BSM 1323 Veda Maxi Granatowy,Gaia,1
5901832240938, Biustonosz Soft Biustonosz Semi-Soft Model Veda 1323M Navy - Gaia ,Gaia,0,Biustonosz 1323M GRN,Gaia,0,Biustonosz Semi Soft Gaia BSM 1323 Veda Maxi Granatowy,Gaia,2
5901832240952, Biustonosz Soft Biustonosz Semi-Soft Model Veda 1323M Navy - Gaia ,Gaia,0,Biustonosz 1323M GRN,Gaia,0,Biustonosz Semi Soft Gaia BSM 1323 Veda Maxi Granatowy,Gaia,3
5901832240969, Biustonosz Soft Biustonosz Semi-Soft Model Veda 1323M Navy - Gaia ,Gaia,0,Biustonosz 1323M GRN,Gaia,0,Biustonosz Semi Soft Gaia BSM 1323 Veda Maxi Granatowy,Gaia,3
5901832241058, Biustonosz Soft Biustonosz Semi-Soft Model Yasmine 1324 Turkus - Gaia ,Gaia,2,Biustonosz 1324 TUR,Gaia,2,Biustonosz semi soft Gaia BS 1324 Yasmine,Gaia,1
5901832241096, Biustonosz Soft Biustonosz Semi-Soft Model Yasmine 1324 Turkus - Gaia ,Gaia,2,Biustonosz 1324 TUR,Gaia,2,Biustonosz semi soft Gaia BS 1324 Yasmine,Gaia,1
5901832241188, Biustonosz Soft Biustonosz Semi-Soft Model Yasmine 1324 Turkus - Gaia ,Gaia,2,Biustonosz 1324 TUR,Gaia,2,Biustonosz semi soft Gaia BS 1324 Yasmine,Gaia,1
5901832241416, Figi Model Yasmine 1324P Turkus - Gaia ,Gaia,2,Figi 1324P TUR,Gaia,2,Figi Gaia GFP 1324 Yasmine S-2XL,Gaia,2
5901832241423, Figi Model Yasmine 1324P Turkus - Gaia ,Gaia,2,Figi 1324P TUR,Gaia,2,Figi Gaia GFP 1324 Yasmine S-2XL,Gaia,1
5901832241430, Figi Model Yasmine 1324P Turkus - Gaia ,Gaia,3,Figi 1324P TUR,Gaia,3,Figi Gaia GFP 1324 Yasmine S-2XL,Gaia,1
5901832241447, Figi Model Yasmine 1324P Turkus - Gaia ,Gaia,1,Figi 1324P TUR,Gaia,1,Figi Gaia GFP 1324 Yasmine S-2XL,Gaia,3
5901832242994, Biustonosz Soft Biustonosz Semi-Soft Model Ivana 1327 Black/Pink - Gaia ,Gaia,2,Biustonosz 1327 CRÓ,Gaia,2,Biustonosz semi soft Gaia BS 1327 Ivana,Gaia,1
5901832243007, Biustonosz Soft Biustonosz Semi-Soft Model Ivana 1327 Black/Pink - Gaia ,Gaia,2,Biustonosz 1327 CRÓ,Gaia,2,Biustonosz semi soft Gaia BS 1327 Ivana,Gaia,1
5901832243014, Biustonosz Soft Biustonosz Semi-Soft Model Ivana 1327 Black/Pink - Gaia ,Gaia,2,Biustonosz 1327 CRÓ,Gaia,2,Biustonosz semi soft Gaia BS 1327 Ivana,Gaia,1
5901832243021, Biustonosz Soft Biustonosz Semi-Soft Model Ivana 1327 Black/Pink - Gaia ,Gaia,1,Biustonosz 1327 CRÓ,Gaia,1,Biustonosz semi soft Gaia BS 1327 Ivana,Gaia,1
5901832243038, Biustonosz Soft Biustonosz Semi-Soft Model Ivana 1327 Black/Pink - Gaia ,Gaia,1,Biustonosz 1327 CRÓ,Gaia,1,Biustonosz semi soft Gaia BS 1327 Ivana,Gaia,1
5901832243069, Biustonosz Soft Biustonosz Semi-Soft Model Ivana 1327 Black/Pink - Gaia ,Gaia,1,Biustonosz 1327 CRÓ,Gaia,1,Biustonosz semi soft Gaia BS 1327 Ivana,Gaia,1
5901832243076, Biustonosz Soft Biustonosz Semi-Soft Model Ivana 1327 Black/Pink - Gaia ,Gaia,1,Biustonosz 1327 CRÓ,Gaia,1,Biustonosz semi soft Gaia BS 1327 Ivana,Gaia,1
5901832243083, Biustonosz Soft Biustonosz Semi-Soft Model Ivana 1327 Black/Pink - Gaia ,Gaia,0,Biustonosz 1327 CRÓ,Gaia,0,Biustonosz semi soft Gaia BS 1327 Ivana,Gaia,1
5901832243106, Biustonosz Soft Biustonosz Semi-Soft Model Ivana 1327 Black/Pink - Gaia ,Gaia,2,Biustonosz 1327 CRÓ,Gaia,2,Biustonosz semi soft Gaia BS 1327 Ivana,Gaia,1
5901832243151, Biustonosz Soft Biustonosz Semi-Soft Model Ivana 1327 Black/Pink - Gaia ,Gaia,2,Biustonosz 1327 CRÓ,Gaia,2,Biustonosz semi soft Gaia BS 1327 Ivana,Gaia,2
5901832243168, Biustonosz Soft Biustonosz Semi-Soft Model Ivana 1327 Black/Pink - Gaia ,Gaia,4,Biustonosz 1327 CRÓ,Gaia,4,Biustonosz semi soft Gaia BS 1327 Ivana,Gaia,1
5901832243175, Biustonosz Soft Biustonosz Semi-Soft Model Ivana 1327 Black/Pink - Gaia ,Gaia,2,Biustonosz 1327 CRÓ,Gaia,2,Biustonosz semi soft Gaia BS 1327 Ivana,Gaia,1
5901832243182, Biustonosz Soft Biustonosz Semi-Soft Model Ivana 1327 Black/Pink - Gaia ,Gaia,0,Biustonosz 1327 CRÓ,Gaia,0,Biustonosz semi soft Gaia BS 1327 Ivana,Gaia,1
5901832243199, Biustonosz Soft Biustonosz Semi-Soft Model Ivana 1327 Black/Pink - Gaia ,Gaia,1,Biustonosz 1327 CRÓ,Gaia,1,Biustonosz semi soft Gaia BS 1327 Ivana,Gaia,1
5901832243212, Biustonosz Soft Biustonosz Semi-Soft Model Ivana 1327 Black/Pink - Gaia ,Gaia,3,Biustonosz 1327 CRÓ,Gaia,3,Biustonosz semi soft Gaia BS 1327 Ivana,Gaia,2
5901832243229, Biustonosz Soft Biustonosz Semi-Soft Model Ivana 1327 Black/Pink - Gaia ,Gaia,0,Biustonosz 1327 CRÓ,Gaia,0,Biustonosz semi soft Gaia BS 1327 Ivana,Gaia,1
5901832243236, Biustonosz Soft Biustonosz Semi-Soft Model Ivana 1327 Black/Pink - Gaia ,Gaia,0,Biustonosz 1327 CRÓ,Gaia,0,Biustonosz semi soft Gaia BS 1327 Ivana,Gaia,1
5901832243243, Biustonosz Soft Biustonosz Semi-Soft Model Ivana 1327 Black/Pink - Gaia ,Gaia,2,Biustonosz 1327 CRÓ,Gaia,2,Biustonosz semi soft Gaia BS 1327 Ivana,Gaia,1
5901832243267, Biustonosz Soft Biustonosz Semi-Soft Model Ivana 1327 Black/Pink - Gaia ,Gaia,2,Biustonosz 1327 CRÓ,Gaia,2,Biustonosz semi soft Gaia BS 1327 Ivana,Gaia,1
5901832243298, Biustonosz Soft Biustonosz Semi-Soft Model Ivana 1327 Black/Pink - Gaia ,Gaia,0,Biustonosz 1327 CRÓ,Gaia,0,Biustonosz semi soft Gaia BS 1327 Ivana,Gaia,1
5901832243311, Biustonosz Soft Biustonosz Semi-Soft Model Ivana 1327 Black/Pink - Gaia ,Gaia,1,Biustonosz 1327 CRÓ,Gaia,1,Biustonosz semi soft Gaia BS 1327 Ivana,Gaia,1
5901832243359,  Figi Model Ivana 1327P Black/Pink - Gaia ,Gaia,1,Figi 1327P CRÓ,Gaia,1,Figi Gaia GFP 1327 Ivana S-4XL,Gaia,4
5901832243366,  Figi Model Ivana 1327P Black/Pink - Gaia ,Gaia,2,Figi 1327P CRÓ,Gaia,2,Figi Gaia GFP 1327 Ivana S-4XL,Gaia,4
5901832243373,  Figi Model Ivana 1327P Black/Pink - Gaia ,Gaia,1,Figi 1327P CRÓ,Gaia,1,Figi Gaia GFP 1327 Ivana S-4XL,Gaia,5
5901832243380,  Figi Model Ivana 1327P Black/Pink - Gaia ,Gaia,1,Figi 1327P CRÓ,Gaia,1,Figi Gaia GFP 1327 Ivana S-4XL,Gaia,3
5901832243854, Figi brazyliany Model 1328B Black/Pink - Gaia ,Gaia,2,Figi 1328B CRÓ,Gaia,2,,,1
5901832243861, Figi brazyliany Model 1328B Black/Pink - Gaia ,Gaia,1,Figi 1328B CRÓ,Gaia,1,,,1
5901832243878, Figi brazyliany Model 1328B Black/Pink - Gaia ,Gaia,2,Figi 1328B CRÓ,Gaia,2,,,1
5901832243885, Figi brazyliany Model 1328B Black/Pink - Gaia ,Gaia,2,Figi 1328B CRÓ,Gaia,2,,,3
5901832245865, Biustonosz Soft Biustonosz Semi-Soft Model Xenia 1332 Pink/Black - Gaia ,Gaia,2,Biustonosz 1332 RCZ,Gaia,2,Biustonosz semi soft Gaia BS 1332 Xenia,Gaia,1
5901832245872, Biustonosz Soft Biustonosz Semi-Soft Model Xenia 1332 Pink/Black - Gaia ,Gaia,2,Biustonosz 1332 RCZ,Gaia,2,Biustonosz semi soft Gaia BS 1332 Xenia,Gaia,1
5901832245889, Biustonosz Soft Biustonosz Semi-Soft Model Xenia 1332 Pink/Black - Gaia ,Gaia,2,Biustonosz 1332 RCZ,Gaia,2,Biustonosz semi soft Gaia BS 1332 Xenia,Gaia,1
5901832245896, Biustonosz Soft Biustonosz Semi-Soft Model Xenia 1332 Pink/Black - Gaia ,Gaia,2,Biustonosz 1332 RCZ,Gaia,2,Biustonosz semi soft Gaia BS 1332 Xenia,Gaia,1
5901832245902, Biustonosz Soft Biustonosz Semi-Soft Model Xenia 1332 Pink/Black - Gaia ,Gaia,2,Biustonosz 1332 RCZ,Gaia,2,Biustonosz semi soft Gaia BS 1332 Xenia,Gaia,1
5901832245933, Biustonosz Soft Biustonosz Semi-Soft Model Xenia 1332 Pink/Black - Gaia ,Gaia,2,Biustonosz 1332 RCZ,Gaia,2,Biustonosz semi soft Gaia BS 1332 Xenia,Gaia,1
5901832245940, Biustonosz Soft Biustonosz Semi-Soft Model Xenia 1332 Pink/Black - Gaia ,Gaia,2,Biustonosz 1332 RCZ,Gaia,2,Biustonosz semi soft Gaia BS 1332 Xenia,Gaia,1
5901832245957, Biustonosz Soft Biustonosz Semi-Soft Model Xenia 1332 Pink/Black - Gaia ,Gaia,2,Biustonosz 1332 RCZ,Gaia,2,Biustonosz semi soft Gaia BS 1332 Xenia,Gaia,1
5901832245971, Biustonosz Soft Biustonosz Semi-Soft Model Xenia 1332 Pink/Black - Gaia ,Gaia,1,Biustonosz 1332 RCZ,Gaia,1,Biustonosz semi soft Gaia BS 1332 Xenia,Gaia,1
5901832245988, Biustonosz Soft Biustonosz Semi-Soft Model Xenia 1332 Pink/Black - Gaia ,Gaia,2,Biustonosz 1332 RCZ,Gaia,2,Biustonosz semi soft Gaia BS 1332 Xenia,Gaia,1
5901832246008, Biustonosz Soft Biustonosz Semi-Soft Model Xenia 1332 Pink/Black - Gaia ,Gaia,2,Biustonosz 1332 RCZ,Gaia,2,Biustonosz semi soft Gaia BS 1332 Xenia,Gaia,1
5901832246015, Biustonosz Soft Biustonosz Semi-Soft Model Xenia 1332 Pink/Black - Gaia ,Gaia,1,Biustonosz 1332 RCZ,Gaia,1,Biustonosz semi soft Gaia BS 1332 Xenia,Gaia,2
5901832246022, Biustonosz Soft Biustonosz Semi-Soft Model Xenia 1332 Pink/Black - Gaia ,Gaia,1,Biustonosz 1332 RCZ,Gaia,1,Biustonosz semi soft Gaia BS 1332 Xenia,Gaia,2
5901832246046, Biustonosz Soft Biustonosz Semi-Soft Model Xenia 1332 Pink/Black - Gaia ,Gaia,1,Biustonosz 1332 RCZ,Gaia,1,Biustonosz semi soft Gaia BS 1332 Xenia,Gaia,2
5901832246053, Biustonosz Soft Biustonosz Semi-Soft Model Xenia 1332 Pink/Black - Gaia ,Gaia,1,Biustonosz 1332 RCZ,Gaia,1,Biustonosz semi soft Gaia BS 1332 Xenia,Gaia,1
5901832246060, Biustonosz Soft Biustonosz Semi-Soft Model Xenia 1332 Pink/Black - Gaia ,Gaia,2,Biustonosz 1332 RCZ,Gaia,2,Biustonosz semi soft Gaia BS 1332 Xenia,Gaia,1
5901832246107, Biustonosz Soft Biustonosz Semi-Soft Model Xenia 1332 Pink/Black - Gaia ,Gaia,1,Biustonosz 1332 RCZ,Gaia,1,Biustonosz semi soft Gaia BS 1332 Xenia,Gaia,1
5901832246114, Biustonosz Soft Biustonosz Semi-Soft Model Xenia 1332 Pink/Black - Gaia ,Gaia,2,Biustonosz 1332 RCZ,Gaia,2,Biustonosz semi soft Gaia BS 1332 Xenia,Gaia,1
5901832246121, Biustonosz Soft Biustonosz Semi-Soft Model Xenia 1332 Pink/Black - Gaia ,Gaia,2,Biustonosz 1332 RCZ,Gaia,2,Biustonosz semi soft Gaia BS 1332 Xenia,Gaia,1
5901832246169, Biustonosz Soft Biustonosz Semi-Soft Model Xenia 1332 Pink/Black - Gaia ,Gaia,2,Biustonosz 1332 RCZ,Gaia,2,Biustonosz semi soft Gaia BS 1332 Xenia,Gaia,1
5901832246176, Biustonosz Soft Biustonosz Semi-Soft Model Xenia 1332 Pink/Black - Gaia ,Gaia,2,Biustonosz 1332 RCZ,Gaia,2,Biustonosz semi soft Gaia BS 1332 Xenia,Gaia,1
5901832246183, Biustonosz Soft Biustonosz Semi-Soft Model Xenia 1332 Pink/Black - Gaia ,Gaia,2,Biustonosz 1332 RCZ,Gaia,2,Biustonosz semi soft Gaia BS 1332 Xenia,Gaia,1
5901832246190, Biustonosz Soft Biustonosz Semi-Soft Model Xenia 1332 Pink/Black - Gaia ,Gaia,2,Biustonosz 1332 RCZ,Gaia,2,Biustonosz semi soft Gaia BS 1332 Xenia,Gaia,1
5901832246206, Biustonosz Soft Biustonosz Semi-Soft Model Xenia 1332 Pink/Black - Gaia ,Gaia,1,Biustonosz 1332 RCZ,Gaia,1,Biustonosz semi soft Gaia BS 1332 Xenia,Gaia,1
5901832246213, Biustonosz Soft Biustonosz Semi-Soft Model Xenia 1332 Pink/Black - Gaia ,Gaia,2,Biustonosz 1332 RCZ,Gaia,2,Biustonosz semi soft Gaia BS 1332 Xenia,Gaia,2
5901832246220, Figi Model Xenia 1332P Pink/Black - Gaia ,Gaia,2,Figi 1332P RCZ,Gaia,2,Figi Gaia GFP 1332 Xenia S-2XL,Gaia,3
5901832246237, Figi Model Xenia 1332P Pink/Black - Gaia ,Gaia,3,Figi 1332P RCZ,Gaia,3,Figi Gaia GFP 1332 Xenia S-2XL,Gaia,7
5901832246244, Figi Model Xenia 1332P Pink/Black - Gaia ,Gaia,3,Figi 1332P RCZ,Gaia,3,Figi Gaia GFP 1332 Xenia S-2XL,Gaia,13
5901832246251, Figi Model Xenia 1332P Pink/Black - Gaia ,Gaia,3,Figi 1332P RCZ,Gaia,3,Figi Gaia GFP 1332 Xenia S-2XL,Gaia,9
5901832246268, Figi Model Xenia 1332P Pink/Black - Gaia ,Gaia,2,Figi 1332P RCZ,Gaia,2,Figi Gaia GFP 1332 Xenia S-2XL,Gaia,5
5901832258445, Biustonosz Soft Biustonosz Semi-Soft Model Imani 1312 Black/Beige - Gaia ,Gaia,0,Biustonosz 1312 CBE,Gaia,0,Biustonosz semi soft Gaia BS 1312 Imani,Gaia,2
5901832258452, Biustonosz Soft Biustonosz Semi-Soft Model Imani 1312 Black/Beige - Gaia ,Gaia,0,Biustonosz 1312 CBE,Gaia,0,Biustonosz semi soft Gaia BS 1312 Imani,Gaia,3
5901832258469, Biustonosz Soft Biustonosz Semi-Soft Model Imani 1312 Black/Beige - Gaia ,Gaia,0,Biustonosz 1312 CBE,Gaia,0,Biustonosz semi soft Gaia BS 1312 Imani,Gaia,2
5901832258476, Biustonosz Soft Biustonosz Semi-Soft Model Imani 1312 Black/Beige - Gaia ,Gaia,0,Biustonosz 1312 CBE,Gaia,0,Biustonosz semi soft Gaia BS 1312 Imani,Gaia,2
5901832258483, Biustonosz Soft Biustonosz Semi-Soft Model Imani 1312 Black/Beige - Gaia ,Gaia,0,Biustonosz 1312 CBE,Gaia,0,Biustonosz semi soft Gaia BS 1312 Imani,Gaia,1
5901832258537, Biustonosz Soft Biustonosz Semi-Soft Model Imani 1312 Black/Beige - Gaia ,Gaia,0,Biustonosz 1312 CBE,Gaia,0,Biustonosz semi soft Gaia BS 1312 Imani,Gaia,2
5901832258575, Biustonosz Soft Biustonosz Semi-Soft Model Imani 1312 Black/Beige - Gaia ,Gaia,0,Biustonosz 1312 CBE,Gaia,0,Biustonosz semi soft Gaia BS 1312 Imani,Gaia,1
5901832258582, Biustonosz Soft Biustonosz Semi-Soft Model Imani 1312 Black/Beige - Gaia ,Gaia,0,Biustonosz 1312 CBE,Gaia,0,Biustonosz semi soft Gaia BS 1312 Imani,Gaia,2
5901832258599, Biustonosz Soft Biustonosz Semi-Soft Model Imani 1312 Black/Beige - Gaia ,Gaia,0,Biustonosz 1312 CBE,Gaia,0,Biustonosz semi soft Gaia BS 1312 Imani,Gaia,3
5901832258605, Biustonosz Soft Biustonosz Semi-Soft Model Imani 1312 Black/Beige - Gaia ,Gaia,0,Biustonosz 1312 CBE,Gaia,0,Biustonosz semi soft Gaia BS 1312 Imani,Gaia,4
5901832258612, Biustonosz Soft Biustonosz Semi-Soft Model Imani 1312 Black/Beige - Gaia ,Gaia,0,Biustonosz 1312 CBE,Gaia,0,Biustonosz semi soft Gaia BS 1312 Imani,Gaia,3
5901832258629, Biustonosz Soft Biustonosz Semi-Soft Model Imani 1312 Black/Beige - Gaia ,Gaia,0,Biustonosz 1312 CBE,Gaia,0,Biustonosz semi soft Gaia BS 1312 Imani,Gaia,3
5901832258636, Biustonosz Soft Biustonosz Semi-Soft Model Imani 1312 Black/Beige - Gaia ,Gaia,0,Biustonosz 1312 CBE,Gaia,0,Biustonosz semi soft Gaia BS 1312 Imani,Gaia,3
5901832258643, Biustonosz Soft Biustonosz Semi-Soft Model Imani 1312 Black/Beige - Gaia ,Gaia,0,Biustonosz 1312 CBE,Gaia,0,Biustonosz semi soft Gaia BS 1312 Imani,Gaia,1
5901832258674, Biustonosz Soft Biustonosz Semi-Soft Model Imani 1312 Black/Beige - Gaia ,Gaia,0,Biustonosz 1312 CBE,Gaia,0,Biustonosz semi soft Gaia BS 1312 Imani,Gaia,1
5901832258698, Biustonosz Soft Biustonosz Semi-Soft Model Imani 1312 Black/Beige - Gaia ,Gaia,0,Biustonosz 1312 CBE,Gaia,0,Biustonosz semi soft Gaia BS 1312 Imani,Gaia,1
5901832258711, Biustonosz Soft Biustonosz Semi-Soft Model Imani 1312 Black/Beige - Gaia ,Gaia,0,Biustonosz 1312 CBE,Gaia,0,Biustonosz semi soft Gaia BS 1312 Imani,Gaia,1
5901832258728, Biustonosz Soft Biustonosz Semi-Soft Model Imani 1312 Black/Beige - Gaia ,Gaia,0,Biustonosz 1312 CBE,Gaia,0,Biustonosz semi soft Gaia BS 1312 Imani,Gaia,1
5901832258759, Biustonosz Soft Biustonosz Semi-Soft Model Imani 1312 Black/Beige - Gaia ,Gaia,0,Biustonosz 1312 CBE,Gaia,0,Biustonosz semi soft Gaia BS 1312 Imani,Gaia,1
5901832258780, Biustonosz Soft Biustonosz Semi-Soft Model Imani 1312 Black/Beige - Gaia ,Gaia,0,Biustonosz 1312 CBE,Gaia,0,Biustonosz semi soft Gaia BS 1312 Imani,Gaia,2
5901832258797, Biustonosz Soft Biustonosz Semi-Soft Model Imani 1312 Black/Beige - Gaia ,Gaia,0,Biustonosz 1312 CBE,Gaia,0,Biustonosz semi soft Gaia BS 1312 Imani,Gaia,1
5901832258803, Figi Model Imani 1312P Black/Beige - Gaia ,Gaia,0,Figi 1312P CBE,Gaia,0,Figi Gaia GFP 1312 Imani S-3XL,Gaia,1
5901832258810, Figi Model Imani 1312P Black/Beige - Gaia ,Gaia,0,Figi 1312P CBE,Gaia,0,Figi Gaia GFP 1312 Imani S-3XL,Gaia,6
5901832258827, Figi Model Imani 1312P Black/Beige - Gaia ,Gaia,0,Figi 1312P CBE,Gaia,0,Figi Gaia GFP 1312 Imani S-3XL,Gaia,9
5901832258834, Figi Model Imani 1312P Black/Beige - Gaia ,Gaia,0,Figi 1312P CBE,Gaia,0,Figi Gaia GFP 1312 Imani S-3XL,Gaia,8
5901832258841, Figi Model Imani 1312P Black/Beige - Gaia ,Gaia,0,Figi 1312P CBE,Gaia,0,Figi Gaia GFP 1312 Imani S-3XL,Gaia,1
5901832258957, Biustonosz Soft Biustonosz Semi-Soft Model Jovana 1313 Bordo - Gaia ,Gaia,0,Biustonosz 1313 BOR,Gaia,0,Biustonosz semi soft Gaia BS 1313 Jovana,Gaia,1
5901832258964, Biustonosz Soft Biustonosz Semi-Soft Model Jovana 1313 Bordo - Gaia ,Gaia,0,Biustonosz 1313 BOR,Gaia,0,Biustonosz semi soft Gaia BS 1313 Jovana,Gaia,1
5901832258971, Biustonosz Soft Biustonosz Semi-Soft Model Jovana 1313 Bordo - Gaia ,Gaia,0,Biustonosz 1313 BOR,Gaia,0,Biustonosz semi soft Gaia BS 1313 Jovana,Gaia,2
5901832258988, Biustonosz Soft Biustonosz Semi-Soft Model Jovana 1313 Bordo - Gaia ,Gaia,0,Biustonosz 1313 BOR,Gaia,0,Biustonosz semi soft Gaia BS 1313 Jovana,Gaia,1
5901832259039, Biustonosz Soft Biustonosz Semi-Soft Model Jovana 1313 Bordo - Gaia ,Gaia,0,Biustonosz 1313 BOR,Gaia,0,Biustonosz semi soft Gaia BS 1313 Jovana,Gaia,1
5901832259060, Biustonosz Soft Biustonosz Semi-Soft Model Jovana 1313 Bordo - Gaia ,Gaia,0,Biustonosz 1313 BOR,Gaia,0,Biustonosz semi soft Gaia BS 1313 Jovana,Gaia,1
5901832259077, Biustonosz Soft Biustonosz Semi-Soft Model Jovana 1313 Bordo - Gaia ,Gaia,0,Biustonosz 1313 BOR,Gaia,0,Biustonosz semi soft Gaia BS 1313 Jovana,Gaia,1
5901832259091, Biustonosz Soft Biustonosz Semi-Soft Model Jovana 1313 Bordo - Gaia ,Gaia,0,Biustonosz 1313 BOR,Gaia,0,Biustonosz semi soft Gaia BS 1313 Jovana,Gaia,1
5901832259107, Biustonosz Soft Biustonosz Semi-Soft Model Jovana 1313 Bordo - Gaia ,Gaia,0,Biustonosz 1313 BOR,Gaia,0,Biustonosz semi soft Gaia BS 1313 Jovana,Gaia,1
5901832259145, Biustonosz Soft Biustonosz Semi-Soft Model Jovana 1313 Bordo - Gaia ,Gaia,0,Biustonosz 1313 BOR,Gaia,0,Biustonosz semi soft Gaia BS 1313 Jovana,Gaia,1
5901832259350, Figi Model Jovana 1313P Bordo - Gaia ,Gaia,0,Figi 1313P BOR,Gaia,0,Figi Gaia GFP 1313 Jovana S-3XL,Gaia,3
5901832259367, Figi Model Jovana 1313P Bordo - Gaia ,Gaia,0,Figi 1313P BOR,Gaia,0,Figi Gaia GFP 1313 Jovana S-3XL,Gaia,4
5901832259381, Figi Model Jovana 1313P Bordo - Gaia ,Gaia,0,Figi 1313P BOR,Gaia,0,Figi Gaia GFP 1313 Jovana S-3XL,Gaia,14
5901832259398, Figi Model Jovana 1313P Bordo - Gaia ,Gaia,0,Figi 1313P BOR,Gaia,0,Figi Gaia GFP 1313 Jovana S-3XL,Gaia,3
5901832259466, Biustonosz Soft Biustonosz Semi-Soft Model Jovana 1313M Bordo - Gaia ,Gaia,0,Biustonosz 1313M BOR,Gaia,0,Biustonosz semi soft Gaia BSM 1313 Jovana Maxi Bordowy,Gaia,1
5901832259473, Biustonosz Soft Biustonosz Semi-Soft Model Jovana 1313M Bordo - Gaia ,Gaia,0,Biustonosz 1313M BOR,Gaia,0,Biustonosz semi soft Gaia BSM 1313 Jovana Maxi Bordowy,Gaia,3
5901832259480, Biustonosz Soft Biustonosz Semi-Soft Model Jovana 1313M Bordo - Gaia ,Gaia,0,Biustonosz 1313M BOR,Gaia,0,Biustonosz semi soft Gaia BSM 1313 Jovana Maxi Bordowy,Gaia,3
5901832259497, Biustonosz Soft Biustonosz Semi-Soft Model Jovana 1313M Bordo - Gaia ,Gaia,0,Biustonosz 1313M BOR,Gaia,0,Biustonosz semi soft Gaia BSM 1313 Jovana Maxi Bordowy,Gaia,2
5901832259503, Biustonosz Soft Biustonosz Semi-Soft Model Jovana 1313M Bordo - Gaia ,Gaia,0,Biustonosz 1313M BOR,Gaia,0,Biustonosz semi soft Gaia BSM 1313 Jovana Maxi Bordowy,Gaia,2
5901832259510, Biustonosz Soft Biustonosz Semi-Soft Model Jovana 1313M Bordo - Gaia ,Gaia,0,Biustonosz 1313M BOR,Gaia,0,Biustonosz semi soft Gaia BSM 1313 Jovana Maxi Bordowy,Gaia,1
5901832259527, Biustonosz Soft Biustonosz Semi-Soft Model Jovana 1313M Bordo - Gaia ,Gaia,0,Biustonosz 1313M BOR,Gaia,0,Biustonosz semi soft Gaia BSM 1313 Jovana Maxi Bordowy,Gaia,2
5901832259565, Biustonosz Soft Biustonosz Semi-Soft Model Jovana 1313M Bordo - Gaia ,Gaia,0,Biustonosz 1313M BOR,Gaia,0,Biustonosz semi soft Gaia BSM 1313 Jovana Maxi Bordowy,Gaia,1
5901832259572, Biustonosz Soft Biustonosz Semi-Soft Model Jovana 1313M Bordo - Gaia ,Gaia,0,Biustonosz 1313M BOR,Gaia,0,Biustonosz semi soft Gaia BSM 1313 Jovana Maxi Bordowy,Gaia,1
5901832259589, Biustonosz Soft Biustonosz Semi-Soft Model Jovana 1313M Bordo - Gaia ,Gaia,0,Biustonosz 1313M BOR,Gaia,0,Biustonosz semi soft Gaia BSM 1313 Jovana Maxi Bordowy,Gaia,1
5901832259626, Biustonosz Soft Biustonosz Semi-Soft Model Jovana 1313M Bordo - Gaia ,Gaia,0,Biustonosz 1313M BOR,Gaia,0,Biustonosz semi soft Gaia BSM 1313 Jovana Maxi Bordowy,Gaia,1
5901832259664, Biustonosz Soft Biustonosz Semi-Soft Model Jovana 1313M Bordo - Gaia ,Gaia,0,Biustonosz 1313M BOR,Gaia,0,Biustonosz semi soft Gaia BSM 1313 Jovana Maxi Bordowy,Gaia,1
5901832259671, Biustonosz Soft Biustonosz Semi-Soft Model Jovana 1313M Bordo - Gaia ,Gaia,0,Biustonosz 1313M BOR,Gaia,0,Biustonosz semi soft Gaia BSM 1313 Jovana Maxi Bordowy,Gaia,3
5901832259688, Biustonosz Soft Biustonosz Semi-Soft Model Jovana 1313M Bordo - Gaia ,Gaia,0,Biustonosz 1313M BOR,Gaia,0,Biustonosz semi soft Gaia BSM 1313 Jovana Maxi Bordowy,Gaia,1
5901832259718, Biustonosz Soft Biustonosz Semi-Soft Model Jovana 1313M Bordo - Gaia ,Gaia,0,Biustonosz 1313M BOR,Gaia,0,Biustonosz semi soft Gaia BSM 1313 Jovana Maxi Bordowy,Gaia,1
5901832259725, Biustonosz Soft Biustonosz Semi-Soft Model Jovana 1313M Bordo - Gaia ,Gaia,0,Biustonosz 1313M BOR,Gaia,0,Biustonosz semi soft Gaia BSM 1313 Jovana Maxi Bordowy,Gaia,2
5901832261209, Biustonosz Soft Biustonosz Semi-Soft Model Kalina 1314 Violet/Pink - Gaia ,Gaia,2,Biustonosz 1314 FRÓ,Gaia,2,Biustonosz semi soft Gaia BS 1314 Kalina,Gaia,1
5901832261230, Biustonosz Soft Biustonosz Semi-Soft Model Kalina 1314 Violet/Pink - Gaia ,Gaia,2,Biustonosz 1314 FRÓ,Gaia,2,Biustonosz semi soft Gaia BS 1314 Kalina,Gaia,1
5901832261247, Biustonosz Soft Biustonosz Semi-Soft Model Kalina 1314 Violet/Pink - Gaia ,Gaia,1,Biustonosz 1314 FRÓ,Gaia,1,Biustonosz semi soft Gaia BS 1314 Kalina,Gaia,2
5901832261278, Biustonosz Soft Biustonosz Semi-Soft Model Kalina 1314 Violet/Pink - Gaia ,Gaia,2,Biustonosz 1314 FRÓ,Gaia,2,Biustonosz semi soft Gaia BS 1314 Kalina,Gaia,1
5901832261599, Figi Model Kalina 1314P Violet/Pink - Gaia ,Gaia,1,Figi 1314P FRÓ,Gaia,1,Figi Gaia GFP 1314 Kalina S-2XL,Gaia,1
5901832262176, Biustonosz Soft Biustonosz Semi-Soft Model Mirella 1316 Red - Gaia ,Gaia,2,Biustonosz 1316 CZE,Gaia,2,Biustonosz semi soft Gaia BS 1316 Mirella,Gaia,2
5901832262527, Figi Model Mirella 1316P Red - Gaia ,Gaia,0,Figi 1316P CZE,Gaia,0,,,1
5901874328380,  Skarpetki Model Alpha Black - Fiore ,Fiore,1,Skarpety ALPHA,Fiore,1,Skarpetki Fiore G 1175 Alpha Kabaretka,Fiore,23
5901874333209,  Podkolanówki Model Dots Massage 20 Den Black - Fiore ,Fiore,0,Podkolanówki DOTS MASSAGE 20,Fiore,0,Podkolanówki Fiore M 2106 Dots Massage 20 den,Fiore,9
5901874333377,  Skarpetki Model Pico Massage 20 Den Black - Fiore ,Fiore,0,Skarpety PICO MASSAGE 20,Fiore,0,Skarpetki Fiore M 1103 Pico Massage 20 den,Fiore,48
5901874333735,  Skarpetki Model Dash 20 Den Blue/White - Fiore ,Fiore,0,Skarpety DASH 20,Fiore,0,Skarpetki Fiore G 1190 Dash 20 den,Fiore,19
5901874333810,  Skarpetki Model Basico 40 Den Black - Fiore ,Fiore,4,Skarpety BASICO 40,Fiore,4,Skarpetki Fiore G 1193 Basico 40 den,Fiore,18
5901874333988,  Skarpetki Model Dash Den 20 Pink/Light Natural - Fiore ,Fiore,4,Skarpety DASH 20,Fiore,5,Skarpetki Fiore G 1190 Dash 20 den,Fiore,16
5901874336958,  Podkolanówki Model Darlita 20 White - Fiore ,Fiore,17,Podkolanówki DARLITA 20,Fiore,17,Podkolanówki Fiore G2152 Darlita 20 den,Fiore,3
5901874337153,  Rajstopy Model Pia 10 Light Grey - Fiore ,Fiore,2,Rajstopy PIA 10,Fiore,2,Rajstopy Fiore G6136 Pia 10 den 2-4,Fiore,3
5901874337160,  Rajstopy Model Pia 10 Light Grey - Fiore ,Fiore,2,Rajstopy PIA 10,Fiore,2,Rajstopy Fiore G6136 Pia 10 den 2-4,Fiore,7
5901874337177,  Rajstopy Model Pia 10 Light Grey - Fiore ,Fiore,4,Rajstopy PIA 10,Fiore,4,Rajstopy Fiore G6136 Pia 10 den 2-4,Fiore,7
5901874337184,  Rajstopy Model Pia 10 Light Grey - Fiore ,Fiore,1,Rajstopy PIA 10,Fiore,1,Rajstopy Fiore G6136 Pia 10 den 5-XL,Fiore,16
5901874337245,  Skarpety Model Rosa 20 Burgund - Fiore ,Fiore,0,Skarpety ROSA 20,Fiore,0,Skarpetki Fiore G1200 Rosa 20 den,Fiore,18
5901874337252,  Skarpety Model Rosa 20 Light Grey - Fiore ,Fiore,0,Skarpety ROSA 20,Fiore,0,Skarpetki Fiore G1200 Rosa 20 den,Fiore,19
5901874337498,  Skarpety Model Una 20 Czekolada - Fiore ,Fiore,14,Skarpety UNA 20,Fiore,14,Skarpetki Fiore G1198 Una 20 den,Fiore,24
5901874337504,  Rajstopy Model Valeria 20 Black - Fiore ,Fiore,0,Rajstopy VALERIA 20,Fiore,0,Rajstopy Fiore G6133 Valeria 20 den 2-4,Fiore,14
5901874337528,  Rajstopy Model Valeria 20 Black - Fiore ,Fiore,1,Rajstopy VALERIA 20,Fiore,1,Rajstopy Fiore G6133 Valeria 20 den 2-4,Fiore,9
5902058013856, Biustonosz Soft Biustonosz Semi-Soft Model 1030 Novato Black - Ava ,Ava,4,Biustonosz 1030,Ava,4,Biustonosz semi soft Ava 1030,Ava,7
5902058063608, Biustonosz push up Biustonosz Usztywniany Model 1263 Black - Ava ,Ava,2,Biustonosz 1263,Ava,2,Biustonosz full cup Ava 1263,Ava,4
5902058063684, Biustonosz push up Biustonosz Usztywniany Model 1263 Black - Ava ,Ava,2,Biustonosz 1263,Ava,2,Biustonosz full cup Ava 1263,Ava,3
5902058063707, Biustonosz push up Biustonosz Usztywniany Model 1263 Black - Ava ,Ava,2,Biustonosz 1263,Ava,1,Biustonosz full cup Ava 1263,Ava,2
5902058064018, Biustonosz push up Biustonosz Usztywniany Model 1263 Black - Ava ,Ava,4,Biustonosz 1263,Ava,4,Biustonosz full cup Ava 1263,Ava,1
5902058064049, Biustonosz push up Biustonosz Usztywniany Model 1263 White - Ava ,Ava,1,Biustonosz 1263,Ava,1,Biustonosz full cup Ava 1263,Ava,2
5902058064063, Biustonosz push up Biustonosz Usztywniany Model 1263 White - Ava ,Ava,4,Biustonosz 1263,Ava,4,Biustonosz full cup Ava 1263,Ava,1
5902058064087, Biustonosz push up Biustonosz Usztywniany Model 1263 Black - Ava ,Ava,3,Biustonosz 1263,Ava,3,Biustonosz full cup Ava 1263,Ava,5
5902058064094, Biustonosz push up Biustonosz Usztywniany Model 1263 Black - Ava ,Ava,0,Biustonosz 1263,Ava,0,Biustonosz full cup Ava 1263,Ava,10
5902058064100, Biustonosz push up Biustonosz Usztywniany Model 1263 Black - Ava ,Ava,3,Biustonosz 1263,Ava,3,Biustonosz full cup Ava 1263,Ava,10
5902058064117, Biustonosz push up Biustonosz Usztywniany Model 1263 Black - Ava ,Ava,2,Biustonosz 1263,Ava,2,Biustonosz full cup Ava 1263,Ava,6
5902058064131, Biustonosz push up Biustonosz Usztywniany Model 1263 Beige - Ava ,Ava,2,Biustonosz 1263,Ava,2,Biustonosz full cup Ava 1263,Ava,8
5902058064162, Biustonosz push up Biustonosz Usztywniany Model 1263 Black - Ava ,Ava,12,Biustonosz 1263,Ava,12,Biustonosz full cup Ava 1263,Ava,3
5902058064179, Biustonosz push up Biustonosz Usztywniany Model 1263 Black - Ava ,Ava,4,Biustonosz 1263,Ava,4,Biustonosz full cup Ava 1263,Ava,4
5902058064186, Biustonosz push up Biustonosz Usztywniany Model 1263 Black - Ava ,Ava,5,Biustonosz 1263,Ava,5,Biustonosz full cup Ava 1263,Ava,3
5902058064193, Biustonosz push up Biustonosz Usztywniany Model 1263 Black - Ava ,Ava,7,Biustonosz 1263,Ava,7,Biustonosz full cup Ava 1263,Ava,5
5902058064209, Biustonosz push up Biustonosz Usztywniany Model 1263 Black - Ava ,Ava,6,Biustonosz 1263,Ava,6,Biustonosz full cup Ava 1263,Ava,5
5902058064216, Biustonosz push up Biustonosz Usztywniany Model 1263 Black - Ava ,Ava,2,Biustonosz 1263,Ava,2,Biustonosz full cup Ava 1263,Ava,3
5902058064247, Biustonosz push up Biustonosz Usztywniany Model 1263 Black - Ava ,Ava,11,Biustonosz 1263,Ava,11,Biustonosz full cup Ava 1263,Ava,10
5902058064254, Biustonosz push up Biustonosz Usztywniany Model 1263 Black - Ava ,Ava,7,Biustonosz 1263,Ava,7,Biustonosz full cup Ava 1263,Ava,10
5902058064261, Biustonosz push up Biustonosz Usztywniany Model 1263 Black - Ava ,Ava,8,Biustonosz 1263,Ava,8,Biustonosz full cup Ava 1263,Ava,7
5902058064278, Biustonosz push up Biustonosz Usztywniany Model 1263 Black - Ava ,Ava,8,Biustonosz 1263,Ava,8,Biustonosz full cup Ava 1263,Ava,4
5902058064285, Biustonosz push up Biustonosz Usztywniany Model 1263 Black - Ava ,Ava,6,Biustonosz 1263,Ava,6,Biustonosz full cup Ava 1263,Ava,4
5902058064292, Biustonosz push up Biustonosz Usztywniany Model 1263 Black - Ava ,Ava,3,Biustonosz 1263,Ava,3,Biustonosz full cup Ava 1263,Ava,4
5902058064308, Biustonosz push up Biustonosz Usztywniany Model 1263 Black - Ava ,Ava,10,Biustonosz 1263,Ava,10,Biustonosz full cup Ava 1263,Ava,6
5902058064315, Biustonosz push up Biustonosz Usztywniany Model 1263 Black - Ava ,Ava,6,Biustonosz 1263,Ava,6,Biustonosz full cup Ava 1263,Ava,6
5902058064322, Biustonosz push up Biustonosz Usztywniany Model 1263 Black - Ava ,Ava,5,Biustonosz 1263,Ava,5,Biustonosz full cup Ava 1263,Ava,4
5902058064339, Biustonosz push up Biustonosz Usztywniany Model 1263 Black - Ava ,Ava,5,Biustonosz 1263,Ava,5,Biustonosz full cup Ava 1263,Ava,5
5902058064353, Biustonosz push up Biustonosz Usztywniany Model 1263 Beige - Ava ,Ava,0,Biustonosz 1263,Ava,0,Biustonosz full cup Ava 1263,Ava,2
5902058064360, Biustonosz push up Biustonosz Usztywniany Model 1263 Black - Ava ,Ava,4,Biustonosz 1263,Ava,4,Biustonosz full cup Ava 1263,Ava,5
5902058064377, Biustonosz push up Biustonosz Usztywniany Model 1263 Black - Ava ,Ava,5,Biustonosz 1263,Ava,5,Biustonosz full cup Ava 1263,Ava,2
5902058064469, Biustonosz push up Biustonosz Usztywniany Model 1263 Beige - Ava ,Ava,3,Biustonosz 1263,Ava,3,Biustonosz full cup Ava 1263,Ava,1
5902058064520, Biustonosz push up Biustonosz Usztywniany Model 1263 Beige - Ava ,Ava,0,Biustonosz 1263,Ava,0,Biustonosz full cup Ava 1263,Ava,6
5902058064537, Biustonosz push up Biustonosz Usztywniany Model 1263 Beige - Ava ,Ava,2,Biustonosz 1263,Ava,2,Biustonosz full cup Ava 1263,Ava,16
5902058064544, Biustonosz push up Biustonosz Usztywniany Model 1263 Beige - Ava ,Ava,0,Biustonosz 1263,Ava,0,Biustonosz full cup Ava 1263,Ava,6
5902058064551, Biustonosz push up Biustonosz Usztywniany Model 1263 Beige - Ava ,Ava,2,Biustonosz 1263,Ava,2,Biustonosz full cup Ava 1263,Ava,6
5902058064568, Biustonosz push up Biustonosz Usztywniany Model 1263 Beige - Ava ,Ava,1,Biustonosz 1263,Ava,1,Biustonosz full cup Ava 1263,Ava,5
5902058064612, Biustonosz push up Biustonosz Usztywniany Model 1263 Beige - Ava ,Ava,3,Biustonosz 1263,Ava,3,Biustonosz full cup Ava 1263,Ava,4
5902058064629, Biustonosz push up Biustonosz Usztywniany Model 1263 Beige - Ava ,Ava,3,Biustonosz 1263,Ava,3,Biustonosz full cup Ava 1263,Ava,11
5902058064636, Biustonosz push up Biustonosz Usztywniany Model 1263 Beige - Ava ,Ava,2,Biustonosz 1263,Ava,2,Biustonosz full cup Ava 1263,Ava,8
5902058064643, Biustonosz push up Biustonosz Usztywniany Model 1263 Beige - Ava ,Ava,4,Biustonosz 1263,Ava,4,Biustonosz full cup Ava 1263,Ava,3
5902058064650, Biustonosz push up Biustonosz Usztywniany Model 1263 Beige - Ava ,Ava,1,Biustonosz 1263,Ava,1,Biustonosz full cup Ava 1263,Ava,7
5902058064667, Biustonosz push up Biustonosz Usztywniany Model 1263 Beige - Ava ,Ava,2,Biustonosz 1263,Ava,2,Biustonosz full cup Ava 1263,Ava,4
5902058064698, Biustonosz push up Biustonosz Usztywniany Model 1263 Beige - Ava ,Ava,0,Biustonosz 1263,Ava,0,Biustonosz full cup Ava 1263,Ava,9
5902058064704, Biustonosz push up Biustonosz Usztywniany Model 1263 Beige - Ava ,Ava,0,Biustonosz 1263,Ava,0,Biustonosz full cup Ava 1263,Ava,11
5902058064711, Biustonosz push up Biustonosz Usztywniany Model 1263 Beige - Ava ,Ava,6,Biustonosz 1263,Ava,6,Biustonosz full cup Ava 1263,Ava,9
5902058064728, Biustonosz push up Biustonosz Usztywniany Model 1263 Beige - Ava ,Ava,3,Biustonosz 1263,Ava,3,Biustonosz full cup Ava 1263,Ava,8
5902058064735, Biustonosz push up Biustonosz Usztywniany Model 1263 Beige - Ava ,Ava,1,Biustonosz 1263,Ava,1,Biustonosz full cup Ava 1263,Ava,7
5902058064742, Biustonosz push up Biustonosz Usztywniany Model 1263 Beige - Ava ,Ava,2,Biustonosz 1263,Ava,2,Biustonosz full cup Ava 1263,Ava,2
5902058064759, Biustonosz push up Biustonosz Usztywniany Model 1263 Beige - Ava ,Ava,2,Biustonosz 1263,Ava,2,Biustonosz full cup Ava 1263,Ava,4
5902058064766, Biustonosz push up Biustonosz Usztywniany Model 1263 Beige - Ava ,Ava,0,Biustonosz 1263,Ava,0,Biustonosz full cup Ava 1263,Ava,10
5902058064773, Biustonosz push up Biustonosz Usztywniany Model 1263 Beige - Ava ,Ava,3,Biustonosz 1263,Ava,3,Biustonosz full cup Ava 1263,Ava,1
5902058064780, Biustonosz push up Biustonosz Usztywniany Model 1263 Beige - Ava ,Ava,3,Biustonosz 1263,Ava,3,Biustonosz full cup Ava 1263,Ava,4
5902058064797, Biustonosz push up Biustonosz Usztywniany Model 1263 Beige - Ava ,Ava,3,Biustonosz 1263,Ava,3,Biustonosz full cup Ava 1263,Ava,1
5902058064810, Biustonosz push up Biustonosz Usztywniany Model 1263 Beige - Ava ,Ava,2,Biustonosz 1263,Ava,2,Biustonosz full cup Ava 1263,Ava,6
5902058064827, Biustonosz push up Biustonosz Usztywniany Model 1263 Beige - Ava ,Ava,4,Biustonosz 1263,Ava,3,Biustonosz full cup Ava 1263,Ava,6
5902058064834, Biustonosz push up Biustonosz Usztywniany Model 1263 Beige - Ava ,Ava,1,Biustonosz 1263,Ava,1,Biustonosz full cup Ava 1263,Ava,3
5902058064841, Biustonosz push up Biustonosz Usztywniany Model 1263 Beige - Ava ,Ava,1,Biustonosz 1263,Ava,1,Biustonosz full cup Ava 1263,Ava,1
5902058064872, Biustonosz push up Biustonosz Usztywniany Model 1263 Beige - Ava ,Ava,1,Biustonosz 1263,Ava,1,Biustonosz full cup Ava 1263,Ava,1
5902058064889, Biustonosz push up Biustonosz Usztywniany Model 1263 Beige - Ava ,Ava,0,Biustonosz 1263,Ava,0,Biustonosz full cup Ava 1263,Ava,5
5902058064926, Biustonosz push up Biustonosz Usztywniany Model 1263 Beige - Ava ,Ava,1,Biustonosz 1263,Ava,1,Biustonosz full cup Ava 1263,Ava,2
5902058181180, Biustonosz Soft Model 1396 White - Ava ,Ava,2,Biustonosz 1396,Ava,2,Biustonosz soft Ava 1396,Ava,4
5902058181210, Biustonosz Soft Model 1396 White - Ava ,Ava,3,Biustonosz 1396,Ava,3,Biustonosz soft Ava 1396,Ava,3
5902058181227, Biustonosz Soft Model 1396 White - Ava ,Ava,3,Biustonosz 1396,Ava,3,Biustonosz soft Ava 1396,Ava,2
5902058181241, Biustonosz Soft Model 1396 White - Ava ,Ava,3,Biustonosz 1396,Ava,3,Biustonosz soft Ava 1396,Ava,3
5902058181319, Biustonosz Soft Model 1396 White - Ava ,Ava,0,Biustonosz 1396,Ava,0,Biustonosz soft Ava 1396,Ava,3
5902058181326, Biustonosz Soft Model 1396 White - Ava ,Ava,1,Biustonosz 1396,Ava,1,Biustonosz soft Ava 1396,Ava,3
5902058181333, Biustonosz Soft Model 1396 White - Ava ,Ava,1,Biustonosz 1396,Ava,1,Biustonosz soft Ava 1396,Ava,4
5902058181357, Biustonosz Soft Model 1396 White - Ava ,Ava,2,Biustonosz 1396,Ava,2,Biustonosz soft Ava 1396,Ava,3
5902058181371, Biustonosz Soft Model 1396 White - Ava ,Ava,2,Biustonosz 1396,Ava,2,Biustonosz soft Ava 1396,Ava,4
5902058181401, Biustonosz Soft Model 1396 White - Ava ,Ava,1,Biustonosz 1396,Ava,1,Biustonosz soft Ava 1396,Ava,2
5902058181418, Biustonosz Soft Model 1396 White - Ava ,Ava,4,Biustonosz 1396,Ava,4,Biustonosz soft Ava 1396,Ava,3
5902058181500, Biustonosz Soft Model 1396 White - Ava ,Ava,2,Biustonosz 1396,Ava,2,Biustonosz soft Ava 1396,Ava,3
5902058181548, Biustonosz Soft Model 1396 White - Ava ,Ava,2,Biustonosz 1396,Ava,2,Biustonosz soft Ava 1396,Ava,2
5902058181579, Biustonosz Soft Model 1396 White - Ava ,Ava,3,Biustonosz 1396,Ava,3,Biustonosz soft Ava 1396,Ava,1
5902058221824, Biustonosz Soft Model 1396 Black - Ava ,Ava,1,Biustonosz 1396,Ava,1,Biustonosz soft Ava 1396,Ava,1
5902058221862, Biustonosz Soft Model 1396 Black - Ava ,Ava,3,Biustonosz 1396,Ava,3,Biustonosz soft Ava 1396,Ava,2
5902058221893, Biustonosz Soft Model 1396 Black - Ava ,Ava,2,Biustonosz 1396,Ava,2,Biustonosz soft Ava 1396,Ava,2
5902058221909, Biustonosz Soft Model 1396 Black - Ava ,Ava,1,Biustonosz 1396,Ava,1,Biustonosz soft Ava 1396,Ava,3
5902058221961, Biustonosz Soft Model 1396 Black - Ava ,Ava,1,Biustonosz 1396,Ava,1,Biustonosz soft Ava 1396,Ava,2
5902058221978, Biustonosz Soft Model 1396 Black - Ava ,Ava,4,Biustonosz 1396,Ava,4,Biustonosz soft Ava 1396,Ava,3
5902058222005, Biustonosz Soft Model 1396 Black - Ava ,Ava,2,Biustonosz 1396,Ava,2,Biustonosz soft Ava 1396,Ava,2
5902058222036, Biustonosz Soft Model 1396 Black - Ava ,Ava,2,Biustonosz 1396,Ava,2,Biustonosz soft Ava 1396,Ava,4
5902058222067, Biustonosz Soft Model 1396 Black - Ava ,Ava,3,Biustonosz 1396,Ava,3,Biustonosz soft Ava 1396,Ava,2
5902058222098, Biustonosz Soft Model 1396 Black - Ava ,Ava,2,Biustonosz 1396,Ava,2,Biustonosz soft Ava 1396,Ava,3
5902058222104, Biustonosz Soft Model 1396 Black - Ava ,Ava,0,Biustonosz 1396,Ava,0,Biustonosz soft Ava 1396,Ava,5
5902058222111, Biustonosz Soft Model 1396 Black - Ava ,Ava,3,Biustonosz 1396,Ava,3,Biustonosz soft Ava 1396,Ava,7
5902058222135, Biustonosz Soft Model 1396 Black - Ava ,Ava,8,Biustonosz 1396,Ava,8,Biustonosz soft Ava 1396,Ava,7
5902058222166, Biustonosz Soft Model 1396 Black - Ava ,Ava,1,Biustonosz 1396,Ava,1,Biustonosz soft Ava 1396,Ava,7
5902058222173, Biustonosz Soft Model 1396 Black - Ava ,Ava,3,Biustonosz 1396,Ava,3,Biustonosz soft Ava 1396,Ava,3
5902058222180, Biustonosz Soft Model 1396 Black - Ava ,Ava,3,Biustonosz 1396,Ava,3,Biustonosz soft Ava 1396,Ava,5
5902058222210, Biustonosz Soft Model 1396 Black - Ava ,Ava,5,Biustonosz 1396,Ava,5,Biustonosz soft Ava 1396,Ava,5
5902058222227, Biustonosz Soft Model 1396 Black - Ava ,Ava,1,Biustonosz 1396,Ava,1,Biustonosz soft Ava 1396,Ava,3
5902058222234, Biustonosz Soft Model 1396 Black - Ava ,Ava,2,Biustonosz 1396,Ava,2,Biustonosz soft Ava 1396,Ava,1
5902058249736, Biustonosz Soft Biustonosz Semi-Soft Model 1030 Beige - Ava ,Ava,5,Biustonosz 1030,Ava,5,Biustonosz semi soft Ava 1030 Beż,Ava,39
5902058249774, Biustonosz Soft Biustonosz Semi-Soft Model 1030 Beige - Ava ,Ava,21,Biustonosz 1030,Ava,21,Biustonosz semi soft Ava 1030 Beż,Ava,25
5902058249804, Biustonosz Soft Biustonosz Semi-Soft Model 1030 Beige - Ava ,Ava,24,Biustonosz 1030,Ava,24,Biustonosz semi soft Ava 1030 Beż,Ava,59
5902058249859, Biustonosz Soft Biustonosz Semi-Soft Model 1030 Beige - Ava ,Ava,13,Biustonosz 1030,Ava,13,Biustonosz semi soft Ava 1030 Beż,Ava,54
5902058249910, Biustonosz Soft Biustonosz Semi-Soft Model 1030 Beige - Ava ,Ava,3,Biustonosz 1030,Ava,3,Biustonosz semi soft Ava 1030 Beż,Ava,25
5902058249958, Biustonosz Soft Biustonosz Semi-Soft Model 1030 Beige - Ava ,Ava,17,Biustonosz 1030,Ava,17,Biustonosz semi soft Ava 1030 Beż,Ava,32
5902058249996, Biustonosz Soft Biustonosz Semi-Soft Model 1030 Beige - Ava ,Ava,14,Biustonosz 1030,Ava,14,Biustonosz semi soft Ava 1030 Beż,Ava,21
5902058250015, Biustonosz Soft Biustonosz Semi-Soft Model 1030 Beige - Ava ,Ava,19,Biustonosz 1030,Ava,19,Biustonosz semi soft Ava 1030 Beż,Ava,25
5902058250022, Biustonosz Soft Biustonosz Semi-Soft Model 1030 Beige - Ava ,Ava,8,Biustonosz 1030,Ava,8,Biustonosz semi soft Ava 1030 Beż,Ava,31
5902058250077, Figi Model 1030 Novato Beige - Ava ,Ava,1,Figi 1030,Ava,1,Figi Ava 1030 S-XL,Ava,5
5902058250084, Figi Model 1030 Novato Beige - Ava ,Ava,1,Figi 1030,Ava,1,Figi Ava 1030 S-XL,Ava,3
5902058250091, Figi Model 1030 Novato Beige - Ava ,Ava,3,Figi 1030,Ava,3,Figi Ava 1030 S-XL,Ava,3
5902058250107, Figi Model 1030 Novato Beige - Ava ,Ava,4,Figi 1030,Ava,4,Figi Ava 1030 2XL-3XL,Ava,3
5902058258417, Biustonosz Soft Biustonosz Semi-Soft Model 1030 White - Ava ,Ava,2,Biustonosz 1030,Ava,2,Biustonosz semi soft Ava 1030 Maxi,Ava,5
5902058258462, Biustonosz Soft Biustonosz Semi-Soft Model 1030 White - Ava ,Ava,4,Biustonosz 1030,Ava,4,Biustonosz semi soft Ava 1030 Maxi,Ava,7
5902058258684, Biustonosz Soft Biustonosz Semi-Soft Model 1030 Beige - Ava ,Ava,3,Biustonosz 1030,Ava,3,Biustonosz semi soft Ava 1030 Maxi,Ava,10
5902058258721, Biustonosz Soft Biustonosz Semi-Soft Model 1030 Beige - Ava ,Ava,4,Biustonosz 1030,Ava,4,Biustonosz semi soft Ava 1030 Maxi,Ava,5
5902058258844, Biustonosz Soft Biustonosz Semi-Soft Model 1030 Novato Black - Ava ,Ava,3,Biustonosz 1030,Ava,3,Biustonosz semi soft Ava 1030 Maxi,Ava,9
5902058258899, Biustonosz Soft Biustonosz Semi-Soft Model 1030 Novato Black - Ava ,Ava,11,Biustonosz 1030,Ava,11,Biustonosz semi soft Ava 1030 Maxi,Ava,9
5902058258912, Biustonosz Soft Biustonosz Semi-Soft Model 1030 Novato Black - Ava ,Ava,4,Biustonosz 1030,Ava,4,Biustonosz semi soft Ava 1030 Maxi,Ava,7
5902058671995, Biustonosz push up Biustonosz Usztywniany Model Fressia 1924 Black - Ava ,Ava,0,Biustonosz 1924,Ava,2,Biustonosz full cup Ava 1924,Ava,1
5902058672060, Biustonosz push up Biustonosz Usztywniany Model Fressia 1924 Black - Ava ,Ava,0,Biustonosz 1924,Ava,2,Biustonosz full cup Ava 1924,Ava,1
5902058799682, Figi brazyliany Model 2208/B Panterka - Ava ,Ava,9,Figi 2208/B BPA,Ava,9,Figi Ava 2208/B S-XL Brazyliany,Ava,4
5902192139115, Koszulka nocna Koszula Nocna Model Ariana 2981 kolor 01 White - Taro ,Taro,2,Koszula 2981 ARIANA AW/23,Taro,2,,,1
5902192149244, Koszulka nocna Koszula Nocna Model Libby 3215 Brzoskwinia - Taro ,Taro,1,Koszula 3215 LIBBY AW/24,Taro,1,Koszula Taro Libby 3215 dł/r S-XL Z24/25 damska,Taro,3
5902192149336, Koszulka nocna Koszula Nocna Model Abi 3218 Mint - Taro ,Taro,7,Koszula 3218 ABI AW/24,Taro,7,Koszula Taro Abi 3218 dł/r S-XL Z24/25 damska,Taro,2
5902192149985, Piżama Damska Model Polly 3231 Black - Taro ,Taro,4,Piżama 3231 POLLY AW/24,Taro,4,Piżama Taro Polly 3231 dł/r S-XL Z24/25 damska,Taro,15
5902192150028, Piżama Damska Model Polly 3231 Brzoskwinia - Taro ,Taro,5,Piżama 3231 POLLY AW/24,Taro,5,Piżama Taro Polly 3231 dł/r S-XL Z24/25 damska,Taro,3
5902192150592, Koszulka nocna Koszula Nocna Model Louisa 3248 White - Taro ,Taro,2,Koszula 3248 LOUISA AW/24,Taro,2,Koszula Taro Louisa 3248 3/4 r S-XL Z24/25 damska,Taro,7
5902192150608, Koszulka nocna Koszula Nocna Model Louisa 3248 White - Taro ,Taro,0,Koszula 3248 LOUISA AW/24,Taro,0,Koszula Taro Louisa 3248 3/4 r S-XL Z24/25 damska,Taro,18
5902192150691, Piżama Damska Model Amalia 3235  Red - Taro ,Taro,1,Piżama 3235 AMALIA AW/24,Taro,1,Piżama Taro Amalia 3235 dł/r S-XL damska,Taro,3
5902192153302, Piżama Damska Model Esti 3319 Black - Taro ,Taro,3,Piżama 3319 ESTI SS/25,Taro,3,Piżama Taro Esti 3319 kr/r S-XL W25 damska,Taro,3
5902192153319, Piżama Damska Model Esti 3319 Black - Taro ,Taro,2,Piżama 3319 ESTI SS/25,Taro,2,Piżama Taro Esti 3319 kr/r S-XL W25 damska,Taro,3
5902192153326, Piżama Damska Model Esti 3319 Black - Taro ,Taro,0,Piżama 3319 ESTI SS/25,Taro,0,Piżama Taro Esti 3319 kr/r S-XL W25 damska,Taro,2
5902192153487, Piżama Damska Model Darcie 3322 Morela - Taro ,Taro,0,Piżama 3322 DARCIE SS/25,Taro,0,Piżama Taro Darcia 3322 kr/r M-XL W25 damska,Taro,1
5902192154002, Piżama Damska Model Jodie 3331 Navy/Turkus - Taro ,Taro,6,Piżama 3331 JODIE SS/25,Taro,6,Piżama Taro Jodie 3331 kr/r S-XL W25 damska,Taro,4
5902192154019, Piżama Damska Model Jodie 3331 Navy/Turkus - Taro ,Taro,4,Piżama 3331 JODIE SS/25,Taro,4,Piżama Taro Jodie 3331 kr/r S-XL W25 damska,Taro,2
5902192154026, Piżama Damska Model Jodie 3331 Navy/Turkus - Taro ,Taro,6,Piżama 3331 JODIE SS/25,Taro,6,Piżama Taro Jodie 3331 kr/r S-XL W25 damska,Taro,1
5902192154590, Piżama Damska Model Arabella 3416 Pink - Taro ,Taro,4,Piżama 3416 ARABELLA SS/25,Taro,4,Piżama Taro Arabella 3416 kr/r S-2XL W25 damska,Taro,1
5902192154606, Piżama Damska Model Arabella 3416 Pink - Taro ,Taro,2,Piżama 3416 ARABELLA SS/25,Taro,1,Piżama Taro Arabella 3416 kr/r S-2XL W25 damska,Taro,1
5902192154811, Koszulka nocna Koszula Nocna Model Esti 3348 Panterka - Taro ,Taro,1,Koszula 3348 ESTI SS/25,Taro,1,Koszula Taro Esti 3348 kr/r M-XL W25 damska,Taro,1
5902192155047, Piżama Damska Model Matilda 3352 Grey Melange - Taro ,Taro,6,Piżama 3352 MATILDA SS/25,Taro,6,Piżama Taro Matilda 3352 kr/r M-XL W25 damska,Taro,1
5902192155054, Piżama Damska Model Matilda 3352 Grey Melange - Taro ,Taro,3,Piżama 3352 MATILDA SS/25,Taro,3,Piżama Taro Matilda 3352 kr/r M-XL W25 damska,Taro,3
5902192160768, Koszulka nocna Koszula Nocna Model Jolie 3436 Pink - Taro ,Taro,0,Koszula 3436 JOLIE AW/25,Taro,0,Koszula Taro Joliee 3436 3/4 S-XL Z25/26 rozpinana damska,Taro,13
5902192160775, Koszulka nocna Koszula Nocna Model Jolie 3436 Pink - Taro ,Taro,2,Koszula 3436 JOLIE AW/25,Taro,2,Koszula Taro Joliee 3436 3/4 S-XL Z25/26 rozpinana damska,Taro,8
5902192160782, Koszulka nocna Koszula Nocna Model Jolie 3436 Pink - Taro ,Taro,6,Koszula 3436 JOLIE AW/25,Taro,6,Koszula Taro Joliee 3436 3/4 S-XL Z25/26 rozpinana damska,Taro,12
5902192160805, Koszulka nocna Koszula Nocna Model Jolie 3436 Pink - Taro ,Taro,3,Koszula 3436 JOLIE AW/25,Taro,3,Koszula Taro Joliee 3436 3/4 S-XL Z25/26 rozpinana damska,Taro,16
5902192160829, Piżama Damska Model Jolie 3435 Pink - Taro ,Taro,0,Piżama 3435 JOLIE AW/25,Taro,0,Piżama Taro 3435 Jolie 3/4 S-XL Z25/26 damska rozpinana,Taro,2
5902192160959, Koszulka nocna Koszula Nocna Model Adele 3431 Grey Melange - Taro ,Taro,0,Koszula 3431 ADELE AW/25,Taro,0,Koszula Taro Adele 3431 S-XL 7/8 Z25/26 damska,Taro,1
5902192161901, Koszulka nocna Koszula Nocna Model Patricia 3461 Pink - Taro ,Taro,0,Koszula 3461 PATRICIA AW/25,Taro,0,Koszula Taro Patricia 3461 dł/r M-XL Z25/26 damska,Taro,1
5902192162182, Koszulka nocna Koszula Nocna Model Aida 3453 White - Taro ,Taro,0,Koszula 3453 AIDA AW/25,Taro,0,Koszula Taro Aida 3453 dł/r M-XL Z25/26,Taro,4
5902192162229, Piżama Damska Model Martina 3451 White - Taro ,Taro,2,Piżama 3451 MARTINA AW/25,Taro,2,Piżama Taro Martina 3451 dł/r M-XL Z25/26 damska,Taro,9
5902192162236, Piżama Damska Model Martina 3451 White - Taro ,Taro,0,Piżama 3451 MARTINA AW/25,Taro,0,Piżama Taro Martina 3451 dł/r M-XL Z25/26 damska,Taro,2
5902192162250, Piżama Damska Model Ella 3450 Light Pink - Taro ,Taro,0,Piżama 3450 ELLA AW/25,Taro,0,Piżama Taro Ella 3450 dł/r S-XL Z25/26 damska,Taro,1
5902192162458, Piżama Damska Model Eleonora 3444 Dirty Pink - Taro ,Taro,1,Piżama 3444 ELEONORA AW/25,Taro,1,Piżama Taro 3444 Eleonora dł/r S-XL Z25/26 damska,Taro,3
5902192166265, Koszulka nocna Koszula Nocna Model Grace 3480 Beige - Taro ,Taro,3,Koszula 3480 GRACE AW/25,Taro,3,Koszula Taro Grace 3480 dł/r S-XL Z25/26 damska,Taro,4
5902192166289, Koszulka nocna Koszula Nocna Model Grace 3480 Beige - Taro ,Taro,3,Koszula 3480 GRACE AW/25,Taro,3,Koszula Taro Grace 3480 dł/r S-XL Z25/26 damska,Taro,5
5902192168740, Piżama Damska Model Alessia 3513 Błękit - Taro ,Taro,1,Piżama 3513 ALESSIA SS/26,Taro,1,Piżama Taro 3513 Alessia kr/r M-XL W26,Taro,10
5902192168764, Piżama Damska Model Alessia 3513 Błękit - Taro ,Taro,4,Piżama 3513 ALESSIA SS/26,Taro,4,Piżama Taro 3513 Alessia kr/r M-XL W26,Taro,10
5902192168962, Koszulka nocna Koszula Nocna Model Isabella 3518 Grey - Taro ,Taro,1,Koszula 3518  ISABELLA SS/26,Taro,1,Koszula Taro 3518 Isabella kr/r S-XL W26,Taro,8
5902192168979, Koszulka nocna Koszula Nocna Model Isabella 3518 Grey - Taro ,Taro,1,Koszula 3518  ISABELLA SS/26,Taro,1,Koszula Taro 3518 Isabella kr/r S-XL W26,Taro,4
5902192168986, Koszulka nocna Koszula Nocna Model Isabella 3518 Grey - Taro ,Taro,0,Koszula 3518  ISABELLA SS/26,Taro,0,Koszula Taro 3518 Isabella kr/r S-XL W26,Taro,1
5902192168993, Koszulka nocna Koszula Nocna Model Isabella 3518 Grey - Taro ,Taro,0,Koszula 3518  ISABELLA SS/26,Taro,0,Koszula Taro 3518 Isabella kr/r S-XL W26,Taro,1
5902192169167, Koszulka nocna Koszula Nocna Model Helena 3524 Blue - Taro ,Taro,0,Koszula 3524 HELENA SS/26,Taro,0,Koszula Taro 3524 Helena w/r S-XL W26,Taro,3
5902192169174, Piżama Damska Model Helena 3525 Blue - Taro ,Taro,3,Piżama 3525 HELENA SS/26,Taro,3,Piżama Taro 3525 Helena kr/r S-XL W26,Taro,6
5902192169235, Piżama Damska Model Paloma 3527 Brown - Taro ,Taro,0,Piżama 3527 PALOMA SS/26,Taro,0,Piżama Taro 3527 Paloma kr/r S-XL W26,Taro,1
5902192169242, Piżama Damska Model Paloma 3527 Brown - Taro ,Taro,2,Piżama 3527 PALOMA SS/26,Taro,2,Piżama Taro 3527 Paloma kr/r S-XL W26,Taro,2
5902192169266, Piżama Damska Model Selina 3528 Ecru - Taro ,Taro,4,Piżama 3528 SELINA SS/26,Taro,4,Piżama Taro 3528 Selina kr/r S-XL W26,Taro,1
5902192169273, Piżama Damska Model Selina 3528 Ecru - Taro ,Taro,3,Piżama 3528 SELINA SS/26,Taro,3,Piżama Taro 3528 Selina kr/r S-XL W26,Taro,8
5902192169280, Piżama Damska Model Selina 3528 Ecru - Taro ,Taro,4,Piżama 3528 SELINA SS/26,Taro,4,Piżama Taro 3528 Selina kr/r S-XL W26,Taro,3
5902192169297, Piżama Damska Model Selina 3528 Ecru - Taro ,Taro,3,Piżama 3528 SELINA SS/26,Taro,3,Piżama Taro 3528 Selina kr/r S-XL W26,Taro,6
5902192169303, Piżama Damska Model Valentina 3523 Morela - Taro ,Taro,6,Piżama 3523 VALENTINA SS/26,Taro,6,Piżama Taro 3523 Valentine kr/r M-XL W26,Taro,1
5902192169310, Piżama Damska Model Valentina 3523 Morela - Taro ,Taro,1,Piżama 3523 VALENTINA SS/26,Taro,1,Piżama Taro 3523 Valentine kr/r M-XL W26,Taro,1
5902192169327, Piżama Damska Model Valentina 3523 Morela - Taro ,Taro,1,Piżama 3523 VALENTINA SS/26,Taro,1,Piżama Taro 3523 Valentine kr/r M-XL W26,Taro,8
5902192169372, Piżama Damska Model Nita 3530 Ecru - Taro ,Taro,2,Piżama 3530 NITA SS/26,Taro,2,Piżama Taro 3530 Nita S-XL W26,Taro,9
5902192169389, Piżama Damska Model Nita 3530 Ecru - Taro ,Taro,9,Piżama 3530 NITA SS/26,Taro,9,Piżama Taro 3530 Nita S-XL W26,Taro,15
5902192169396, Piżama Damska Model Nita 3530 Ecru - Taro ,Taro,8,Piżama 3530 NITA SS/26,Taro,8,Piżama Taro 3530 Nita S-XL W26,Taro,16
5902192169563, Piżama Damska Model Afrodyta 3535 Beige - Taro ,Taro,0,Piżama 3535 AFRODYTA SS/26,Taro,0,Piżama Taro 3535 Afrodyta 7/8 kr/r S-XL W26,Taro,1
5902192169570, Piżama Damska Model Afrodyta 3535 Beige - Taro ,Taro,0,Piżama 3535 AFRODYTA SS/26,Taro,0,Piżama Taro 3535 Afrodyta 7/8 kr/r S-XL W26,Taro,3
5902192169587, Piżama Damska Model Afrodyta 3535 Beige - Taro ,Taro,0,Piżama 3535 AFRODYTA SS/26,Taro,0,Piżama Taro 3535 Afrodyta 7/8 kr/r S-XL W26,Taro,1
5902192169594, Piżama Damska Model Afrodyta 3535 Beige - Taro ,Taro,0,Piżama 3535 AFRODYTA SS/26,Taro,0,Piżama Taro 3535 Afrodyta 7/8 kr/r S-XL W26,Taro,3
5902192169600, Piżama Damska Model Afrodyta 3536 Powder Pink - Taro ,Taro,3,Piżama 3536 AFRODYTA SS/26,Taro,3,Piżama Taro 3536 Afrodyta kr/r S-XL W26,Taro,2
5902192169617, Piżama Damska Model Afrodyta 3536 Powder Pink - Taro ,Taro,1,Piżama 3536 AFRODYTA SS/26,Taro,1,Piżama Taro 3536 Afrodyta kr/r S-XL W26,Taro,4
5902192169624, Piżama Damska Model Afrodyta 3536 Powder Pink - Taro ,Taro,1,Piżama 3536 AFRODYTA SS/26,Taro,1,Piżama Taro 3536 Afrodyta kr/r S-XL W26,Taro,7
5902192169631, Piżama Damska Model Afrodyta 3536 Powder Pink - Taro ,Taro,2,Piżama 3536 AFRODYTA SS/26,Taro,2,Piżama Taro 3536 Afrodyta kr/r S-XL W26,Taro,8
5902192169686, Koszulka nocna Koszula Nocna Model Flora 3538 Light Beige - Taro ,Taro,0,Koszula 3538 FIORA SS/26,Taro,0,Koszula Taro 3538 Fiora kr/r M-XL W26,Taro,14
5902192169693, Koszulka nocna Koszula Nocna Model Flora 3538 Light Beige - Taro ,Taro,0,Koszula 3538 FIORA SS/26,Taro,0,Koszula Taro 3538 Fiora kr/r M-XL W26,Taro,19
5902192169709, Koszulka nocna Koszula Nocna Model Flora 3538 Light Beige - Taro ,Taro,0,Koszula 3538 FIORA SS/26,Taro,0,Koszula Taro 3538 Fiora kr/r M-XL W26,Taro,11
5902192169754, Piżama Damska Model Adria 3540 Powder Pink - Taro ,Taro,0,Piżama 3540 ADRIA SS/26,Taro,0,Piżama Taro 3540 Adria kr/r S-XL W26,Taro,8
5902192169761, Piżama Damska Model Adria 3540 Powder Pink - Taro ,Taro,0,Piżama 3540 ADRIA SS/26,Taro,0,Piżama Taro 3540 Adria kr/r S-XL W26,Taro,10
5902192169778, Piżama Damska Model Adria 3540 Powder Pink - Taro ,Taro,0,Piżama 3540 ADRIA SS/26,Taro,0,Piżama Taro 3540 Adria kr/r S-XL W26,Taro,9
5902192169785, Piżama Damska Model Adria 3540 Powder Pink - Taro ,Taro,0,Piżama 3540 ADRIA SS/26,Taro,0,Piżama Taro 3540 Adria kr/r S-XL W26,Taro,13
5902192169907, Piżama Damska Model Lora 3544 Powder Pink - Taro ,Taro,3,Piżama 3544 LORA SS/26,Taro,3,,,1
5902192169914, Piżama Damska Model Lora 3544 Powder Pink - Taro ,Taro,0,Piżama 3544 LORA SS/26,Taro,0,,,1
5902192169921, Piżama Damska Model Lora 3544 Powder Pink - Taro ,Taro,1,Piżama 3544 LORA SS/26,Taro,0,,,1
5902192170279, Koszulka nocna Koszula Nocna Model Valentina 3554 Morela - Taro ,Taro,0,Koszula 3554 VALENTINA SS/26,Taro,0,Koszula Taro 3554 Valentina kr/r M-XL W26,Taro,8
5902192170286, Koszulka nocna Koszula Nocna Model Valentina 3554 Morela - Taro ,Taro,0,Koszula 3554 VALENTINA SS/26,Taro,0,Koszula Taro 3554 Valentina kr/r M-XL W26,Taro,6
5902192170439, Piżama Damska Model Helena 3525 Blue - Taro ,Taro,1,Piżama 3525 HELENA SS/26,Taro,1,Piżama Taro 3525 Helena kr/r S-XL W26,Taro,2
5902192170637, Piżama Damska Model Helena 3525 Blue - Taro ,Taro,0,Piżama 3525 HELENA SS/26,Taro,0,Piżama Taro 3525 Helena kr/r S-XL W26,Taro,11
5902192170651, Koszulka nocna Koszula Nocna Model Helena 3524 Blue - Taro ,Taro,0,Koszula 3524 HELENA SS/26,Taro,0,Koszula Taro 3524 Helena w/r S-XL W26,Taro,6
5902192170668, Koszulka nocna Koszula Nocna Model Helena 3524 Blue - Taro ,Taro,0,Koszula 3524 HELENA SS/26,Taro,0,Koszula Taro 3524 Helena w/r S-XL W26,Taro,1
5902192171139, Piżama Damska Model Afrodyta 3567 Beige - Taro ,Taro,1,Piżama 3567 AFRODYTA SS/26,Taro,1,Piżama Taro 3567 Afrodyta kr/r 2XL-4XL W26,Taro,3
5902192171153, Piżama Damska Model Afrodyta 3567 Beige - Taro ,Taro,0,Piżama 3567 AFRODYTA SS/26,Taro,0,Piżama Taro 3567 Afrodyta kr/r 2XL-4XL W26,Taro,2
5902192171313, Koszulka nocna Koszula Nocna Model Valentina Maxi 3573 Blue - Taro ,Taro,2,Koszula 3573 VALENTINA SS/26,Taro,2,Koszula Taro 3573 Valentina kr/r 4XL-6XL W26,Taro,3
5902192171337, Koszulka nocna Koszula Nocna Model Valentina Maxi 3573 Blue - Taro ,Taro,2,Koszula 3573 VALENTINA SS/26,Taro,2,Koszula Taro 3573 Valentina kr/r 4XL-6XL W26,Taro,1
5902192171351, Koszulka nocna Koszula Nocna Model Valentina Maxi 3573 Blue - Taro ,Taro,2,Koszula 3573 VALENTINA SS/26,Taro,2,Koszula Taro 3573 Valentina kr/r 4XL-6XL W26,Taro,1
5902192171436,  Piżama Męska Model Gabriel 3576 Grey Melange - Taro ,Taro,3,Piżama 3576 GABRIEL SS/26,Taro,3,Piżama Taro 3576 Gabriel kr/r S-2XL W26,Taro,1
5902192171443,  Piżama Męska Model Gabriel 3576 Melange Dark Grey - Taro ,Taro,5,Piżama 3576 GABRIEL SS/26,Taro,5,Piżama Taro 3576 Gabriel kr/r S-2XL W26,Taro,1
5902192171467,  Piżama Męska Model Gabriel 3576 Melange Dark Grey - Taro ,Taro,2,Piżama 3576 GABRIEL SS/26,Taro,1,Piżama Taro 3576 Gabriel kr/r S-2XL W26,Taro,5
5902192171474,  Piżama Męska Model Gabriel 3576 Grey Melange - Taro ,Taro,4,Piżama 3576 GABRIEL SS/26,Taro,4,Piżama Taro 3576 Gabriel kr/r S-2XL W26,Taro,1
5902192171481,  Piżama Męska Model Gabriel 3576 Melange Dark Grey - Taro ,Taro,5,Piżama 3576 GABRIEL SS/26,Taro,5,Piżama Taro 3576 Gabriel kr/r S-2XL W26,Taro,1
5902192171498,  Piżama Męska Model Gabriel 3576 Grey Melange - Taro ,Taro,0,Piżama 3576 GABRIEL SS/26,Taro,0,Piżama Taro 3576 Gabriel kr/r S-2XL W26,Taro,3
5902192171627,  Piżama Męska Model Matteo 3580 Jeans - Taro ,Taro,0,Piżama 3580 MATTEO SS/26,Taro,0,Piżama Taro 3580 Matteo kr/r M-2XL W26,Taro,3
5902192171634,  Piżama Męska Model Matteo 3580 Jeans - Taro ,Taro,0,Piżama 3580 MATTEO SS/26,Taro,0,Piżama Taro 3580 Matteo kr/r M-2XL W26,Taro,6
5902192171641,  Piżama Męska Model Matteo 3580 Jeans - Taro ,Taro,1,Piżama 3580 MATTEO SS/26,Taro,1,Piżama Taro 3580 Matteo kr/r M-2XL W26,Taro,2
5902192171658,  Piżama Męska Model Matteo 3580 Jeans - Taro ,Taro,2,Piżama 3580 MATTEO SS/26,Taro,2,Piżama Taro 3580 Matteo kr/r M-2XL W26,Taro,2
5902192171665,  Piżama Męska Model ALex 3581 Green - Taro ,Taro,0,Piżama 3581 ALEX SS/26,Taro,0,Piżama Taro 3581 Alex kr/r M-2XL W26,Taro,4
5902192171672,  Piżama Męska Model ALex 3581 Green - Taro ,Taro,1,Piżama 3581 ALEX SS/26,Taro,1,Piżama Taro 3581 Alex kr/r M-2XL W26,Taro,9
5902192171689,  Piżama Męska Model ALex 3581 Green - Taro ,Taro,1,Piżama 3581 ALEX SS/26,Taro,1,Piżama Taro 3581 Alex kr/r M-2XL W26,Taro,9
5902192171696,  Piżama Męska Model ALex 3581 Green - Taro ,Taro,0,Piżama 3581 ALEX SS/26,Taro,0,Piżama Taro 3581 Alex kr/r M-2XL W26,Taro,3
5902192171740,  Piżama Męska Model Eliot 3583 Melange Grey - Taro ,Taro,0,Piżama 3583 ELIOT SS/26,Taro,0,Piżama Taro 3583 Eliot kr/r S-2XL W26,Taro,1
5902192171757,  Piżama Męska Model Eliot 3583 Melange Grey - Taro ,Taro,1,Piżama 3583 ELIOT SS/26,Taro,1,Piżama Taro 3583 Eliot kr/r S-2XL W26,Taro,2
5902192171764,  Piżama Męska Model Eliot 3583 Melange Grey - Taro ,Taro,0,Piżama 3583 ELIOT SS/26,Taro,0,Piżama Taro 3583 Eliot kr/r S-2XL W26,Taro,4
5902192171771,  Piżama Męska Model Eliot 3583 Melange Grey - Taro ,Taro,0,Piżama 3583 ELIOT SS/26,Taro,0,Piżama Taro 3583 Eliot kr/r S-2XL W26,Taro,1
5902192171801,  Piżama Męska Model Robin 3584 Navy - Taro ,Taro,0,Piżama 3584 ROBIN SS/26,Taro,0,Piżama Taro 3584 Robin kr/r M-2XL W26,Taro,1
5902192171818,  Piżama Męska Model Robin 3584 Navy - Taro ,Taro,0,Piżama 3584 ROBIN SS/26,Taro,0,Piżama Taro 3584 Robin kr/r M-2XL W26,Taro,5
5902192171856,  Piżama Męska Model Otto 3586 Navy - Taro ,Taro,0,Piżama 3586 OTTO SS/26,Taro,0,Piżama Taro 3586 Otto kr/r M-XL W26,Taro,2
5902192171863,  Piżama Męska Model Otto 3586 Navy - Taro ,Taro,0,Piżama 3586 OTTO SS/26,Taro,0,Piżama Taro 3586 Otto kr/r M-XL W26,Taro,1
5902192171870,  Piżama Męska Model Otto 3586 Navy - Taro ,Taro,0,Piżama 3586 OTTO SS/26,Taro,0,Piżama Taro 3586 Otto kr/r M-XL W26,Taro,4
5902192171931,  Piżama Męska Model Nico 3602 Dirty Pink - Taro ,Taro,0,Piżama 3602 NICO SS/26,Taro,0,Piżama Taro 3602 Nico kr/r S-XL W26,Taro,3
5902192172679, Piżama Damska Model Diana 3607 White - Taro ,Taro,7,Piżama 3607 DIANA SS/26,Taro,7,Piżama Taro 3607 Diana kr/r M-3XL W26,Taro,1
5902192172686, Piżama Damska Model Diana 3607 White - Taro ,Taro,3,Piżama 3607 DIANA SS/26,Taro,3,Piżama Taro 3607 Diana kr/r M-3XL W26,Taro,3
5902192172693, Piżama Damska Model Diana 3607 White - Taro ,Taro,3,Piżama 3607 DIANA SS/26,Taro,3,Piżama Taro 3607 Diana kr/r M-3XL W26,Taro,1
5902192172716, Piżama Damska Model Diana 3607 White - Taro ,Taro,4,Piżama 3607 DIANA SS/26,Taro,4,Piżama Taro 3607 Diana kr/r M-3XL W26,Taro,2
5902192172846,  Piżama Męska Model Gabriel 3576 Melange Dark Grey - Taro ,Taro,1,Piżama 3576 GABRIEL SS/26,Taro,1,Piżama Taro 3576 Gabriel kr/r S-2XL W26,Taro,1
5902406140920, Koszulka nocna Koszula Nocna Model 409 Grafit - Cana ,Cana,0,Koszula 409,Cana,0,Koszula Cana 409 dł/r S-XL rozpinana,Cana,4
5902406144805, Piżama Damska Model 448 Navy - Cana ,Cana,2,Piżama 448,Cana,2,,,1
5902406149015, Piżama Damska Model 490 Melange - Cana ,Cana,2,Piżama 490,Cana,2,Piżama Cana 490 kr/r S-XL,Cana,1
5902409543186, Biustonosz Soft Model Michelle BC-343 136138 Beige - Kinga ,Kinga,3,Biustonosz BC-343,Kinga,0,Biustonosz soft Kinga BC 343 Michelle,Kinga,1
5902409543193, Biustonosz Soft Model Michelle BC-343 136138 Beige - Kinga ,Kinga,0,Biustonosz BC-343,Kinga,0,Biustonosz soft Kinga BC 343 Michelle,Kinga,3
5902409543247, Biustonosz Soft Model Michelle BC-343 136138 Beige - Kinga ,Kinga,16,Biustonosz BC-343,Kinga,0,Biustonosz soft Kinga BC 343 Michelle,Kinga,3
5902409543254, Biustonosz Soft Model Michelle BC-343 136138 Beige - Kinga ,Kinga,0,Biustonosz BC-343,Kinga,0,Biustonosz soft Kinga BC 343 Michelle,Kinga,1
5902409543261, Biustonosz Soft Model Michelle BC-343 136138 Beige - Kinga ,Kinga,32,Biustonosz BC-343,Kinga,0,Biustonosz soft Kinga BC 343 Michelle,Kinga,2
5902409543278, Biustonosz Soft Model Michelle BC-343 136138 Beige - Kinga ,Kinga,20,Biustonosz BC-343,Kinga,0,Biustonosz soft Kinga BC 343 Michelle,Kinga,2
5902409543308, Biustonosz Soft Model Michelle BC-343 136138 Beige - Kinga ,Kinga,0,Biustonosz BC-343,Kinga,0,Biustonosz soft Kinga BC 343 Michelle,Kinga,2
5902409543315, Biustonosz Soft Model Michelle BC-343 136138 Beige - Kinga ,Kinga,40,Biustonosz BC-343,Kinga,0,Biustonosz soft Kinga BC 343 Michelle,Kinga,4
5902409543346, Biustonosz Soft Model Michelle BC-343 136138 Beige - Kinga ,Kinga,1,Biustonosz BC-343,Kinga,0,Biustonosz soft Kinga BC 343 Michelle,Kinga,3
5902409543353, Biustonosz Soft Model Michelle BC-343 136138 Beige - Kinga ,Kinga,38,Biustonosz BC-343,Kinga,0,Biustonosz soft Kinga BC 343 Michelle,Kinga,3
5902409543360, Biustonosz Soft Model Michelle BC-343 136138 Beige - Kinga ,Kinga,1,Biustonosz BC-343,Kinga,0,Biustonosz soft Kinga BC 343 Michelle,Kinga,2
5902409543377, Biustonosz Soft Model Michelle BC-343 136138 Beige - Kinga ,Kinga,0,Biustonosz BC-343,Kinga,0,Biustonosz soft Kinga BC 343 Michelle,Kinga,6
5902409543384, Biustonosz Soft Model Michelle BC-343 136138 Beige - Kinga ,Kinga,9,Biustonosz BC-343,Kinga,0,Biustonosz soft Kinga BC 343 Michelle,Kinga,6
5902409543391, Biustonosz Soft Model Michelle BC-343 136138 Beige - Kinga ,Kinga,4,Biustonosz BC-343,Kinga,0,Biustonosz soft Kinga BC 343 Michelle,Kinga,5
5902409543407, Biustonosz Soft Model Michelle BC-343 136138 Beige - Kinga ,Kinga,31,Biustonosz BC-343,Kinga,0,Biustonosz soft Kinga BC 343 Michelle,Kinga,3
5902409543414, Biustonosz Soft Model Michelle BC-343 136138 Beige - Kinga ,Kinga,0,Biustonosz BC-343,Kinga,0,Biustonosz soft Kinga BC 343 Michelle,Kinga,1
5902409543421, Biustonosz Soft Model Michelle BC-343 136138 Beige - Kinga ,Kinga,2,Biustonosz BC-343,Kinga,0,Biustonosz soft Kinga BC 343 Michelle,Kinga,7
5902409543438, Biustonosz Soft Model Michelle BC-343 136138 Beige - Kinga ,Kinga,2,Biustonosz BC-343,Kinga,0,Biustonosz soft Kinga BC 343 Michelle,Kinga,6
5902409543445, Biustonosz Soft Model Michelle BC-343 136138 Beige - Kinga ,Kinga,0,Biustonosz BC-343,Kinga,0,Biustonosz soft Kinga BC 343 Michelle,Kinga,3
5902409543452, Biustonosz Soft Model Michelle BC-343 136138 Beige - Kinga ,Kinga,0,Biustonosz BC-343,Kinga,0,Biustonosz soft Kinga BC 343 Michelle,Kinga,3
5902409543476, Biustonosz Soft Model Michelle BC-343 136138 Beige - Kinga ,Kinga,4,Biustonosz BC-343,Kinga,0,Biustonosz soft Kinga BC 343 Michelle,Kinga,2
5902409543483, Biustonosz Soft Model Michelle BC-343 136138 Beige - Kinga ,Kinga,26,Biustonosz BC-343,Kinga,0,Biustonosz soft Kinga BC 343 Michelle,Kinga,4
5902409543490, Biustonosz Soft Model Michelle BC-343 136138 Beige - Kinga ,Kinga,19,Biustonosz BC-343,Kinga,0,Biustonosz soft Kinga BC 343 Michelle,Kinga,3
5902409543506, Biustonosz Soft Model Michelle BC-343 136138 Beige - Kinga ,Kinga,0,Biustonosz BC-343,Kinga,0,Biustonosz soft Kinga BC 343 Michelle,Kinga,1
5902409543513, Biustonosz Soft Model Michelle BC-343 136138 Beige - Kinga ,Kinga,0,Biustonosz BC-343,Kinga,0,Biustonosz soft Kinga BC 343 Michelle,Kinga,2
5902409543520, Biustonosz Soft Model Michelle BC-343 136138 Beige - Kinga ,Kinga,0,Biustonosz BC-343,Kinga,0,Biustonosz soft Kinga BC 343 Michelle,Kinga,4
5902409543537, Biustonosz Soft Model Michelle BC-343 136138 Beige - Kinga ,Kinga,16,Biustonosz BC-343,Kinga,0,Biustonosz soft Kinga BC 343 Michelle,Kinga,4
5902578960685, Figi Model Bootie Black - Julimex Lingerie ,Julimex Lingerie,0,Figi BRASIL PANTY SIMPLE,Julimex,7,Figi Julimex Simple Brasil S-XL,Julimex,16
5902578960692, Figi Model Bootie Black - Julimex Lingerie ,Julimex Lingerie,0,Figi BRASIL PANTY SIMPLE,Julimex,15,Figi Julimex Simple Brasil S-XL,Julimex,35
5902578960708, Figi Model Bootie Black - Julimex Lingerie ,Julimex Lingerie,0,Figi BRASIL PANTY SIMPLE,Julimex,9,Figi Julimex Simple Brasil S-XL,Julimex,18
5902578960715, Figi Model Bootie Black - Julimex Lingerie ,Julimex Lingerie,0,Figi BRASIL PANTY SIMPLE,Julimex,6,Figi Julimex Simple Brasil S-XL,Julimex,20
5902578960852, Koszulka nocna Halka Model SoftSmooth Black - Julimex Lingerie ,Julimex Lingerie,3,Halka SOFT & SMOOTH,Julimex,3,Halka Julimex Soft & Smooth S-2XL,Julimex,5
5902578960869, Koszulka nocna Halka Model SoftSmooth Black - Julimex Lingerie ,Julimex Lingerie,7,Halka SOFT & SMOOTH,Julimex,7,Halka Julimex Soft & Smooth S-2XL,Julimex,7
5902578960876, Koszulka nocna Halka Model SoftSmooth Black - Julimex Lingerie ,Julimex Lingerie,4,Halka SOFT & SMOOTH,Julimex,4,Halka Julimex Soft & Smooth S-2XL,Julimex,14
5902578960883, Koszulka nocna Halka Model SoftSmooth Black - Julimex Lingerie ,Julimex Lingerie,2,Halka SOFT & SMOOTH,Julimex,2,Halka Julimex Soft & Smooth S-2XL,Julimex,10
5902578960890, Koszulka nocna Halka Model SoftSmooth Black - Julimex Lingerie ,Julimex Lingerie,3,Halka SOFT & SMOOTH,Julimex,3,Halka Julimex Soft & Smooth S-2XL,Julimex,10
5902578961064, Figi Model Simple Red - Julimex Lingerie ,Julimex Lingerie,4,Figi SIMPLE PANTY,Julimex,4,Figi Julimex Simple Panty Kolor S-XL,Julimex,14
5902578961507,  Półhalka Model Soft  Smooth Natural - Julimex Lingerie ,Julimex Lingerie,7,Półhalka SOFT & SMOOTH,Julimex,6,Półhalka Julimex Soft & Smooth S-2XL,Julimex,27
5902578961514,  Półhalka Model Soft  Smooth Natural - Julimex Lingerie ,Julimex Lingerie,12,Półhalka SOFT & SMOOTH,Julimex,11,Półhalka Julimex Soft & Smooth S-2XL,Julimex,42
5902578961521,  Półhalka Model Soft  Smooth Natural - Julimex Lingerie ,Julimex Lingerie,11,Półhalka SOFT & SMOOTH,Julimex,9,Półhalka Julimex Soft & Smooth S-2XL,Julimex,34
5902578961538,  Półhalka Model Soft  Smooth Natural - Julimex Lingerie ,Julimex Lingerie,8,Półhalka SOFT & SMOOTH,Julimex,8,Półhalka Julimex Soft & Smooth S-2XL,Julimex,28
5902578961545,  Półhalka Model Soft  Smooth Natural - Julimex Lingerie ,Julimex Lingerie,3,Półhalka SOFT & SMOOTH,Julimex,3,Półhalka Julimex Soft & Smooth S-2XL,Julimex,11
5902578962832,  Figi Model Opal panty Beige - Julimex Lingerie ,Julimex Lingerie,8,Figi OPAL PANTY,Julimex,5,Figi Julimex Opal Panty S-3XL,Julimex,5
5902578962849,  Figi Model Opal panty Beige - Julimex Lingerie ,Julimex Lingerie,8,Figi OPAL PANTY,Julimex,8,Figi Julimex Opal Panty S-3XL,Julimex,7
5902578962856,  Figi Model Opal panty Beige - Julimex Lingerie ,Julimex Lingerie,13,Figi OPAL PANTY,Julimex,13,Figi Julimex Opal Panty S-3XL,Julimex,11
5902578962863,  Figi Model Opal panty Beige - Julimex Lingerie ,Julimex Lingerie,6,Figi OPAL PANTY,Julimex,6,Figi Julimex Opal Panty S-3XL,Julimex,4
5902578962870,  Figi Model Opal White - Julimex Lingerie ,Julimex Lingerie,9,Figi OPAL PANTY,Julimex,6,Figi Julimex Opal Panty S-3XL,Julimex,4
5902578962887,  Figi Model Opal White - Julimex Lingerie ,Julimex Lingerie,6,Figi OPAL PANTY,Julimex,6,Figi Julimex Opal Panty S-3XL,Julimex,6
5902578962894,  Figi Model Opal White - Julimex Lingerie ,Julimex Lingerie,9,Figi OPAL PANTY,Julimex,9,Figi Julimex Opal Panty S-3XL,Julimex,7
5902578962900,  Figi Model Opal White - Julimex Lingerie ,Julimex Lingerie,13,Figi OPAL PANTY,Julimex,7,Figi Julimex Opal Panty S-3XL,Julimex,7
5902578962917,  Figi Model Opal panty Black - Julimex Lingerie ,Julimex Lingerie,4,Figi OPAL PANTY,Julimex,4,Figi Julimex Opal Panty S-3XL,Julimex,3
5902578962924,  Figi Model Opal panty Black - Julimex Lingerie ,Julimex Lingerie,5,Figi OPAL PANTY,Julimex,5,Figi Julimex Opal Panty S-3XL,Julimex,3
5902578962931,  Figi Model Opal panty Black - Julimex Lingerie ,Julimex Lingerie,8,Figi OPAL PANTY,Julimex,8,Figi Julimex Opal Panty S-3XL,Julimex,8
5902578962948,  Figi Model Opal panty Black - Julimex Lingerie ,Julimex Lingerie,6,Figi OPAL PANTY,Julimex,6,Figi Julimex Opal Panty S-3XL,Julimex,5
5902578962955,  Figi Model Pearl panty Beige - Julimex Lingerie ,Julimex Lingerie,14,Figi PEARL PANTY,Julimex,7,Figi Julimex Pearl Panty S-3XL,Julimex,1
5902578962962,  Figi Model Pearl panty Beige - Julimex Lingerie ,Julimex Lingerie,6,Figi PEARL PANTY,Julimex,6,Figi Julimex Pearl Panty S-3XL,Julimex,10
5902578962979,  Figi Model Pearl panty Beige - Julimex Lingerie ,Julimex Lingerie,8,Figi PEARL PANTY,Julimex,8,Figi Julimex Pearl Panty S-3XL,Julimex,14
5902578962986,  Figi Model Pearl panty Beige - Julimex Lingerie ,Julimex Lingerie,13,Figi PEARL PANTY,Julimex,13,Figi Julimex Pearl Panty S-3XL,Julimex,7
5902578962993,  Figi Model Pearl White - Julimex Lingerie ,Julimex Lingerie,6,Figi PEARL PANTY,Julimex,4,Figi Julimex Pearl Panty S-3XL,Julimex,3
5902578963006,  Figi Model Pearl White - Julimex Lingerie ,Julimex Lingerie,20,Figi PEARL PANTY,Julimex,6,Figi Julimex Pearl Panty S-3XL,Julimex,1
5902578963013,  Figi Model Pearl White - Julimex Lingerie ,Julimex Lingerie,20,Figi PEARL PANTY,Julimex,7,Figi Julimex Pearl Panty S-3XL,Julimex,11
5902578963020,  Figi Model Pearl White - Julimex Lingerie ,Julimex Lingerie,13,Figi PEARL PANTY,Julimex,7,Figi Julimex Pearl Panty S-3XL,Julimex,8
5902578963037,  Figi Model Pearl Black - Julimex Lingerie ,Julimex Lingerie,13,Figi PEARL PANTY,Julimex,6,Figi Julimex Pearl Panty S-3XL,Julimex,5
5902578963044,  Figi Model Pearl Black - Julimex Lingerie ,Julimex Lingerie,3,Figi PEARL PANTY,Julimex,2,Figi Julimex Pearl Panty S-3XL,Julimex,8
5902578963051,  Figi Model Pearl Black - Julimex Lingerie ,Julimex Lingerie,7,Figi PEARL PANTY,Julimex,7,Figi Julimex Pearl Panty S-3XL,Julimex,12
5902578963068,  Figi Model Pearl Black - Julimex Lingerie ,Julimex Lingerie,14,Figi PEARL PANTY,Julimex,9,Figi Julimex Pearl Panty S-3XL,Julimex,8
5902578964089,  Body wyszczuplające Model 119 Mesh Naturalny - Julimex Shapewear ,Julimex Shapewear,3,Body pod biust 119,Julimex,2,Body Julimex Shape & Chic Pod Biust 119 S-2XL,Julimex,24
5902578964096,  Body wyszczuplające Model 119 Mesh Naturalny - Julimex Shapewear ,Julimex Shapewear,9,Body pod biust 119,Julimex,9,Body Julimex Shape & Chic Pod Biust 119 S-2XL,Julimex,62
5902578964102,  Body wyszczuplające Model 119 Mesh Naturalny - Julimex Shapewear ,Julimex Shapewear,15,Body pod biust 119,Julimex,14,Body Julimex Shape & Chic Pod Biust 119 S-2XL,Julimex,61
5902578964119,  Body wyszczuplające Model 119 Mesh Naturalny - Julimex Shapewear ,Julimex Shapewear,0,Body pod biust 119,Julimex,0,Body Julimex Shape & Chic Pod Biust 119 S-2XL,Julimex,58
5902578964126,  Body wyszczuplające Model 119 Mesh Naturalny - Julimex Shapewear ,Julimex Shapewear,1,Body pod biust 119,Julimex,0,Body Julimex Shape & Chic Pod Biust 119 S-2XL,Julimex,65
5902578964133,  Body wyszczuplające Model 119 Mesh Black - Julimex Shapewear ,Julimex Shapewear,3,Body pod biust 119,Julimex,3,Body Julimex Shape & Chic Pod Biust 119 S-2XL,Julimex,2
5902578964140,  Body wyszczuplające Model 119 Mesh Black - Julimex Shapewear ,Julimex Shapewear,9,Body pod biust 119,Julimex,9,Body Julimex Shape & Chic Pod Biust 119 S-2XL,Julimex,8
5902578964164,  Body wyszczuplające Model 119 Mesh Black - Julimex Shapewear ,Julimex Shapewear,9,Body pod biust 119,Julimex,9,Body Julimex Shape & Chic Pod Biust 119 S-2XL,Julimex,9
5902578964171,  Body wyszczuplające Model 119 Mesh Black - Julimex Shapewear ,Julimex Shapewear,8,Body pod biust 119,Julimex,8,Body Julimex Shape & Chic Pod Biust 119 S-2XL,Julimex,5
5902578964188,  Body wyszczuplające Model 119 Mesh Black - Julimex Shapewear ,Julimex Shapewear,7,Body pod biust 119,Julimex,7,Body Julimex Shape & Chic Pod Biust 119 S-2XL,Julimex,5
5902578964201,  Figi wyszczuplające Model 141 Mesh Naturalny - Julimex Shapewear ,Julimex Shapewear,9,Figi 141 WYSOKA TALIA,Julimex,9,Figi Julimex Shape & Chic Wysoka Talia 141 S-2XL,Julimex,9
5902578964218,  Figi wyszczuplające Model 141 Mesh Naturalny - Julimex Shapewear ,Julimex Shapewear,12,Figi 141 WYSOKA TALIA,Julimex,12,Figi Julimex Shape & Chic Wysoka Talia 141 S-2XL,Julimex,34
5902578964225,  Figi wyszczuplające Model 141 Mesh Naturalny - Julimex Shapewear ,Julimex Shapewear,12,Figi 141 WYSOKA TALIA,Julimex,12,Figi Julimex Shape & Chic Wysoka Talia 141 S-2XL,Julimex,35
5902578964232,  Figi wyszczuplające Model 141 Mesh Naturalny - Julimex Shapewear ,Julimex Shapewear,8,Figi 141 WYSOKA TALIA,Julimex,8,Figi Julimex Shape & Chic Wysoka Talia 141 S-2XL,Julimex,40
5902578964249,  Figi wyszczuplające Model 141 Mesh Naturalny - Julimex Shapewear ,Julimex Shapewear,7,Figi 141 WYSOKA TALIA,Julimex,7,Figi Julimex Shape & Chic Wysoka Talia 141 S-2XL,Julimex,17
5902578964492,  Figi Model Opal panty Beige - Julimex Lingerie ,Julimex Lingerie,6,Figi OPAL PANTY,Julimex,6,Figi Julimex Opal Panty S-3XL,Julimex,6
5902578964508,  Figi Model Opal panty Beige - Julimex Lingerie ,Julimex Lingerie,8,Figi OPAL PANTY,Julimex,8,Figi Julimex Opal Panty S-3XL,Julimex,6
5902578964515,  Figi Model Opal White - Julimex Lingerie ,Julimex Lingerie,7,Figi OPAL PANTY,Julimex,4,Figi Julimex Opal Panty S-3XL,Julimex,5
5902578964522,  Figi Model Opal White - Julimex Lingerie ,Julimex Lingerie,9,Figi OPAL PANTY,Julimex,5,Figi Julimex Opal Panty S-3XL,Julimex,1
5902578964539,  Figi Model Opal panty Black - Julimex Lingerie ,Julimex Lingerie,5,Figi OPAL PANTY,Julimex,5,Figi Julimex Opal Panty S-3XL,Julimex,4
5902578964546,  Figi Model Opal panty Black - Julimex Lingerie ,Julimex Lingerie,7,Figi OPAL PANTY,Julimex,7,Figi Julimex Opal Panty S-3XL,Julimex,3
5902578964553,  Figi Model Pearl panty Beige - Julimex Lingerie ,Julimex Lingerie,4,Figi PEARL PANTY,Julimex,4,Figi Julimex Pearl Panty S-3XL,Julimex,7
5902578964560,  Figi Model Pearl panty Beige - Julimex Lingerie ,Julimex Lingerie,6,Figi PEARL PANTY,Julimex,6,Figi Julimex Pearl Panty S-3XL,Julimex,6
5902578964577,  Figi Model Pearl White - Julimex Lingerie ,Julimex Lingerie,9,Figi PEARL PANTY,Julimex,4,Figi Julimex Pearl Panty S-3XL,Julimex,7
5902578964584,  Figi Model Pearl White - Julimex Lingerie ,Julimex Lingerie,14,Figi PEARL PANTY,Julimex,7,Figi Julimex Pearl Panty S-3XL,Julimex,3
5902578964591,  Figi Model Pearl Black - Julimex Lingerie ,Julimex Lingerie,4,Figi PEARL PANTY,Julimex,4,Figi Julimex Pearl Panty S-3XL,Julimex,2
5902578964607,  Figi Model Pearl Black - Julimex Lingerie ,Julimex Lingerie,5,Figi PEARL PANTY,Julimex,5,Figi Julimex Pearl Panty S-3XL,Julimex,5
5902578964751,  Bermudy Model Bermudy comfort Natural - Julimex Lingerie ,Julimex Lingerie,12,Figi BERMUDY COMFORT,Julimex,12,Figi Julimex Bermudy Comfort S-2XL,Julimex,25
5902578964768,  Bermudy Model Bermudy comfort Natural - Julimex Lingerie ,Julimex Lingerie,12,Figi BERMUDY COMFORT,Julimex,12,Figi Julimex Bermudy Comfort S-2XL,Julimex,70
5902578964775,  Bermudy Model Bermudy comfort Natural - Julimex Lingerie ,Julimex Lingerie,0,Figi BERMUDY COMFORT,Julimex,0,Figi Julimex Bermudy Comfort S-2XL,Julimex,64
5902578964782,  Bermudy Model Bermudy comfort Natural - Julimex Lingerie ,Julimex Lingerie,5,Figi BERMUDY COMFORT,Julimex,5,Figi Julimex Bermudy Comfort S-2XL,Julimex,49
5902578964799,  Bermudy Model Bermudy comfort Natural - Julimex Lingerie ,Julimex Lingerie,13,Figi BERMUDY COMFORT,Julimex,12,Figi Julimex Bermudy Comfort S-2XL,Julimex,20
5902578964805,  Bermudy Model Bermudy comfort Natural - Julimex Lingerie ,Julimex Lingerie,9,Figi BERMUDY COMFORT,Julimex,9,Figi Julimex Bermudy Comfort S-2XL,Julimex,13
5902578965352,  Halka wyszczuplająca Model 222 Beige - Julimex Shapewear ,Julimex Shapewear,3,Halka pod biust 222,Julimex,3,Halka Julimex Shapewear Pod Biust 222 S-2XL,Julimex,4
5902578965369,  Halka wyszczuplająca Model 222 Beige - Julimex Shapewear ,Julimex Shapewear,2,Halka pod biust 222,Julimex,2,Halka Julimex Shapewear Pod Biust 222 S-2XL,Julimex,2
5902578965376,  Halka wyszczuplająca Model 222 Beige - Julimex Shapewear ,Julimex Shapewear,3,Halka pod biust 222,Julimex,3,Halka Julimex Shapewear Pod Biust 222 S-2XL,Julimex,2
5902578965604,  Biustonosz Samonośny Model WOW Black - Julimex ,Julimex,7,Biustonosz WOW,Julimex,5,Biustonosz Julimex BS 05 samonośny  Wow,Julimex,12
5902578965611,  Biustonosz Samonośny Model WOW Black - Julimex ,Julimex,10,Biustonosz WOW,Julimex,10,Biustonosz Julimex BS 05 samonośny  Wow,Julimex,18
5902578965628,  Biustonosz Samonośny Model WOW Black - Julimex ,Julimex,10,Biustonosz WOW,Julimex,10,Biustonosz Julimex BS 05 samonośny  Wow,Julimex,21
5902578965635,  Biustonosz Samonośny Model WOW Black - Julimex ,Julimex,10,Biustonosz WOW,Julimex,10,Biustonosz Julimex BS 05 samonośny  Wow,Julimex,26
5902578965642,  Biustonosz Samonośny Model WOW Beige - Julimex ,Julimex,8,Biustonosz WOW,Julimex,8,Biustonosz Julimex BS 05 samonośny  Wow,Julimex,1
5902578965659,  Biustonosz Samonośny Model WOW Beige - Julimex ,Julimex,13,Biustonosz WOW,Julimex,10,Biustonosz Julimex BS 05 samonośny  Wow,Julimex,44
5902578965666,  Biustonosz Samonośny Model WOW Beige - Julimex ,Julimex,19,Biustonosz WOW,Julimex,17,Biustonosz Julimex BS 05 samonośny  Wow,Julimex,32
5902578965673,  Biustonosz Samonośny Model WOW Beige - Julimex ,Julimex,8,Biustonosz WOW,Julimex,5,Biustonosz Julimex BS 05 samonośny  Wow,Julimex,11
5902578965680,  Figi Model Flirty Kiss Beige - Julimex Lingerie ,Julimex Lingerie,0,Figi KISS PANTY,Julimex,0,Figi Julimex Flirty Kiss S-2XL,Julimex,15
5902578965697,  Figi Model Flirty Kiss Beige - Julimex Lingerie ,Julimex Lingerie,0,Figi KISS PANTY,Julimex,0,Figi Julimex Flirty Kiss S-2XL,Julimex,13
5902578965703,  Figi Model Flirty Kiss Beige - Julimex Lingerie ,Julimex Lingerie,0,Figi KISS PANTY,Julimex,0,Figi Julimex Flirty Kiss S-2XL,Julimex,13
5902578965710,  Figi Model Flirty Kiss Beige - Julimex Lingerie ,Julimex Lingerie,2,Figi KISS PANTY,Julimex,2,Figi Julimex Flirty Kiss S-2XL,Julimex,10
5902578965727,  Figi Model Flirty Kiss Black - Julimex Lingerie ,Julimex Lingerie,0,Figi KISS PANTY,Julimex,0,Figi Julimex Flirty Kiss S-2XL,Julimex,4
5902578965734,  Figi Model Flirty Kiss Black - Julimex Lingerie ,Julimex Lingerie,0,Figi KISS PANTY,Julimex,0,Figi Julimex Flirty Kiss S-2XL,Julimex,9
5902578965741,  Figi Model Flirty Kiss Black - Julimex Lingerie ,Julimex Lingerie,0,Figi KISS PANTY,Julimex,0,Figi Julimex Flirty Kiss S-2XL,Julimex,9
5902578965758,  Figi Model Flirty Kiss Black - Julimex Lingerie ,Julimex Lingerie,1,Figi KISS PANTY,Julimex,1,Figi Julimex Flirty Kiss S-2XL,Julimex,9
5902578967127,  Figi wyszczuplające Model 141 Navy - Julimex Shapewear ,Julimex Shapewear,0,Figi 141 WYSOKA TALIA,Julimex,0,Figi Julimex Shape & Chic Wysoka Talia 141 S-2XL,Julimex,6
5902578967387,  Figi Wysokie Model 251 Natural - Julimex Shapewear ,Julimex Shapewear,1,Figi 251 WYSOKA TALIA,Julimex,1,Figi Julimex Wysoka Talia 251 S-2XL,Julimex,25
5902578967394,  Figi Wysokie Model 251 Natural - Julimex Shapewear ,Julimex Shapewear,0,Figi 251 WYSOKA TALIA,Julimex,0,Figi Julimex Wysoka Talia 251 S-2XL,Julimex,34
5902578967400,  Figi Wysokie Model 251 Natural - Julimex Shapewear ,Julimex Shapewear,4,Figi 251 WYSOKA TALIA,Julimex,1,Figi Julimex Wysoka Talia 251 S-2XL,Julimex,32
5902578967417,  Figi Wysokie Model 251 Natural - Julimex Shapewear ,Julimex Shapewear,1,Figi 251 WYSOKA TALIA,Julimex,0,Figi Julimex Wysoka Talia 251 S-2XL,Julimex,4
5902578967424,  Figi Wysokie Model 251 Natural - Julimex Shapewear ,Julimex Shapewear,1,Figi 251 WYSOKA TALIA,Julimex,1,Figi Julimex Wysoka Talia 251 S-2XL,Julimex,16
5902578968469,  Biustonosz Samonośny Model V!bra Beige - Julimex ,Julimex,3,Biustonosz V!BRA,Julimex,2,Biustonosz Julimex ViBRA V!BRA,Julimex,10
5902578968476,  Biustonosz Samonośny Model V!bra Beige - Julimex ,Julimex,1,Biustonosz V!BRA,Julimex,1,Biustonosz Julimex ViBRA V!BRA,Julimex,15
5902578968483,  Biustonosz Samonośny Model V!bra Beige - Julimex ,Julimex,3,Biustonosz V!BRA,Julimex,3,Biustonosz Julimex ViBRA V!BRA,Julimex,15
5902578968490,  Biustonosz Samonośny Model V!bra Beige - Julimex ,Julimex,2,Biustonosz V!BRA,Julimex,2,Biustonosz Julimex ViBRA V!BRA,Julimex,5
5902578968506,  Biustonosz Samonośny Model V!bra Black - Julimex ,Julimex,4,Biustonosz V!BRA,Julimex,4,Biustonosz Julimex ViBRA V!BRA,Julimex,2
5902578968513,  Biustonosz Samonośny Model V!bra Black - Julimex ,Julimex,3,Biustonosz V!BRA,Julimex,3,Biustonosz Julimex ViBRA V!BRA,Julimex,5
5902578968537,  Biustonosz Samonośny Model V!bra Black - Julimex ,Julimex,3,Biustonosz V!BRA,Julimex,3,Biustonosz Julimex ViBRA V!BRA,Julimex,5
5902578968599,  Figi Model Slim All Day 571 Naturalny - Julimex Shapewear ,Julimex Shapewear,3,Figi 571 SLIM ALL DAY,Julimex,3,Figi Julimex Slim All Day 571 S-2XL,Julimex,1
5902578968605,  Figi Model Slim All Day 571 Naturalny - Julimex Shapewear ,Julimex Shapewear,0,Figi 571 SLIM ALL DAY,Julimex,0,Figi Julimex Slim All Day 571 S-2XL,Julimex,3
5902578968612,  Figi Model Slim All Day 571 Naturalny - Julimex Shapewear ,Julimex Shapewear,5,Figi 571 SLIM ALL DAY,Julimex,5,Figi Julimex Slim All Day 571 S-2XL,Julimex,41
5902578968629,  Figi Model Slim All Day 571 Naturalny - Julimex Shapewear ,Julimex Shapewear,4,Figi 571 SLIM ALL DAY,Julimex,4,Figi Julimex Slim All Day 571 S-2XL,Julimex,21
5902578968636,  Figi Model Slim All Day 571 Naturalny - Julimex Shapewear ,Julimex Shapewear,11,Figi 571 SLIM ALL DAY,Julimex,11,Figi Julimex Slim All Day 571 S-2XL,Julimex,11
5902729221955, Koszulka nocna Koszulka Model Adela Ecru - Donna ,Donna,0,Koszulka KRISTINA,Donna,0,Koszula Donna Kristina S-2XL,Donna,3
5902729221962, Koszulka nocna Koszulka Model Adela Ecru - Donna ,Donna,0,Koszulka KRISTINA,Donna,0,Koszula Donna Kristina S-2XL,Donna,5
5902729221979, Koszulka nocna Koszulka Model Kristina 162712 Black - Donna ,Donna,1,Koszulka KRISTINA,Donna,0,Koszula Donna Kristina S-2XL,Donna,7
5902729221986, Koszulka nocna Koszulka Model Kristina 162712 Black - Donna ,Donna,5,Koszulka KRISTINA,Donna,0,Koszula Donna Kristina S-2XL,Donna,9
5902729221993, Koszulka nocna Koszulka Model Carmen Czarna - Donna ,Donna,0,Koszulka KRISTINA,Donna,0,Koszula Donna Kristina S-2XL,Donna,6
5902729222013, Koszulka nocna Koszulka Model Kristina 174959 Red - Donna ,Donna,5,Koszulka KRISTINA,Donna,2,Koszula Donna Kristina S-2XL,Donna,2
5902729222020, Koszulka nocna Koszulka Model Kristina 174959 Red - Donna ,Donna,10,Koszulka KRISTINA,Donna,1,Koszula Donna Kristina S-2XL,Donna,3
5902729222037, Koszulka nocna Koszulka Model Kristina 174959 Red - Donna ,Donna,9,Koszulka KRISTINA,Donna,1,Koszula Donna Kristina S-2XL,Donna,6
5902729222044, Koszulka nocna Koszulka Model Kristina 174959 Red - Donna ,Donna,8,Koszulka KRISTINA,Donna,2,Koszula Donna Kristina S-2XL,Donna,2
5902729222051, Koszulka nocna Koszulka Model Kristina 174959 Red - Donna ,Donna,8,Koszulka KRISTINA,Donna,2,Koszula Donna Kristina S-2XL,Donna,2
5902771013812, Biustonosz Soft Model K378 Victoria Black - Gorsenia Lingerie ,Gorsenia Lingerie,0,Biustonosz K378,Gorsenia,0,Biustonosz soft Gorsenia K 378 Victoria,Gorsenia,1
5902771044953,  Biustonosz Specjalistyczny Model G025 Black - Gorsenia Lingerie ,Gorsenia Lingerie,0,Biustonosz G025,Gorsenia,0,Biustonosz push-up Gorsenia G 025 Koktajlowy,Gorsenia,2
5902771044960,  Biustonosz Specjalistyczny Model G025 Black - Gorsenia Lingerie ,Gorsenia Lingerie,0,Biustonosz G025,Gorsenia,0,Biustonosz push-up Gorsenia G 025 Koktajlowy,Gorsenia,4
5902771044977,  Biustonosz Specjalistyczny Model G025 Black - Gorsenia Lingerie ,Gorsenia Lingerie,0,Biustonosz G025,Gorsenia,0,Biustonosz push-up Gorsenia G 025 Koktajlowy,Gorsenia,3
5902771044984,  Biustonosz Specjalistyczny Model G025 Black - Gorsenia Lingerie ,Gorsenia Lingerie,0,Biustonosz G025,Gorsenia,0,Biustonosz push-up Gorsenia G 025 Koktajlowy,Gorsenia,1
5902771045011,  Biustonosz Specjalistyczny Model G025 Black - Gorsenia Lingerie ,Gorsenia Lingerie,0,Biustonosz G025,Gorsenia,0,Biustonosz push-up Gorsenia G 025 Koktajlowy,Gorsenia,1
5902771045028,  Biustonosz Specjalistyczny Model G025 Black - Gorsenia Lingerie ,Gorsenia Lingerie,0,Biustonosz G025,Gorsenia,0,Biustonosz push-up Gorsenia G 025 Koktajlowy,Gorsenia,1
5902771045035,  Biustonosz Specjalistyczny Model G025 Black - Gorsenia Lingerie ,Gorsenia Lingerie,0,Biustonosz G025,Gorsenia,0,Biustonosz push-up Gorsenia G 025 Koktajlowy,Gorsenia,3
5902771045042,  Biustonosz Specjalistyczny Model G025 Black - Gorsenia Lingerie ,Gorsenia Lingerie,0,Biustonosz G025,Gorsenia,0,Biustonosz push-up Gorsenia G 025 Koktajlowy,Gorsenia,3
5902771045059,  Biustonosz Specjalistyczny Model G025 Black - Gorsenia Lingerie ,Gorsenia Lingerie,0,Biustonosz G025,Gorsenia,0,Biustonosz push-up Gorsenia G 025 Koktajlowy,Gorsenia,1
5902771093975, Biustonosz Soft Model K441 Luisse Beige - Gorsenia Lingerie ,Gorsenia Lingerie,2,Biustonosz K441,Gorsenia,2,Biustonosz soft Gorsenia K 441 Luisse,Gorsenia,2
5902771093982, Biustonosz Soft Model K441 Luisse Beige - Gorsenia Lingerie ,Gorsenia Lingerie,3,Biustonosz K441,Gorsenia,3,Biustonosz soft Gorsenia K 441 Luisse,Gorsenia,3
5902771093999, Biustonosz Soft Model K441 Luisse Beige - Gorsenia Lingerie ,Gorsenia Lingerie,2,Biustonosz K441,Gorsenia,2,Biustonosz soft Gorsenia K 441 Luisse,Gorsenia,6
5902771094002, Biustonosz Soft Model K441 Luisse Beige - Gorsenia Lingerie ,Gorsenia Lingerie,1,Biustonosz K441,Gorsenia,1,Biustonosz soft Gorsenia K 441 Luisse,Gorsenia,4
5902771094019, Biustonosz Soft Model K441 Luisse Beige - Gorsenia Lingerie ,Gorsenia Lingerie,0,Biustonosz K441,Gorsenia,0,Biustonosz soft Gorsenia K 441 Luisse,Gorsenia,5
5902771094026, Biustonosz Soft Model K441 Luisse Beige - Gorsenia Lingerie ,Gorsenia Lingerie,1,Biustonosz K441,Gorsenia,1,Biustonosz soft Gorsenia K 441 Luisse,Gorsenia,3
5902771094033, Biustonosz Soft Model K441 Luisse Beige - Gorsenia Lingerie ,Gorsenia Lingerie,2,Biustonosz K441,Gorsenia,2,Biustonosz soft Gorsenia K 441 Luisse,Gorsenia,2
5902771094040, Biustonosz Soft Model K441 Luisse Beige - Gorsenia Lingerie ,Gorsenia Lingerie,0,Biustonosz K441,Gorsenia,0,Biustonosz soft Gorsenia K 441 Luisse,Gorsenia,2
5902771094064, Biustonosz Soft Model K441 Luisse Beige - Gorsenia Lingerie ,Gorsenia Lingerie,4,Biustonosz K441,Gorsenia,4,Biustonosz soft Gorsenia K 441 Luisse,Gorsenia,4
5902771094071, Biustonosz Soft Model K441 Luisse Beige - Gorsenia Lingerie ,Gorsenia Lingerie,4,Biustonosz K441,Gorsenia,4,Biustonosz soft Gorsenia K 441 Luisse,Gorsenia,3
5902771094088, Biustonosz Soft Model K441 Luisse Beige - Gorsenia Lingerie ,Gorsenia Lingerie,3,Biustonosz K441,Gorsenia,3,Biustonosz soft Gorsenia K 441 Luisse,Gorsenia,12
5902771094095, Biustonosz Soft Model K441 Luisse Beige - Gorsenia Lingerie ,Gorsenia Lingerie,4,Biustonosz K441,Gorsenia,4,Biustonosz soft Gorsenia K 441 Luisse,Gorsenia,14
5902771094101, Biustonosz Soft Model K441 Luisse Beige - Gorsenia Lingerie ,Gorsenia Lingerie,0,Biustonosz K441,Gorsenia,0,Biustonosz soft Gorsenia K 441 Luisse,Gorsenia,10
5902771094118, Biustonosz Soft Model K441 Luisse Beige - Gorsenia Lingerie ,Gorsenia Lingerie,1,Biustonosz K441,Gorsenia,1,Biustonosz soft Gorsenia K 441 Luisse,Gorsenia,5
5902771094125, Biustonosz Soft Model K441 Luisse Beige - Gorsenia Lingerie ,Gorsenia Lingerie,2,Biustonosz K441,Gorsenia,2,Biustonosz soft Gorsenia K 441 Luisse,Gorsenia,7
5902771094132, Biustonosz Soft Model K441 Luisse Beige - Gorsenia Lingerie ,Gorsenia Lingerie,2,Biustonosz K441,Gorsenia,2,Biustonosz soft Gorsenia K 441 Luisse,Gorsenia,3
5902771094149, Biustonosz Soft Model K441 Luisse Beige - Gorsenia Lingerie ,Gorsenia Lingerie,0,Biustonosz K441,Gorsenia,0,Biustonosz soft Gorsenia K 441 Luisse,Gorsenia,5
5902771094156, Biustonosz Soft Model K441 Luisse Beige - Gorsenia Lingerie ,Gorsenia Lingerie,0,Biustonosz K441,Gorsenia,0,Biustonosz soft Gorsenia K 441 Luisse,Gorsenia,5
5902771094163, Biustonosz Soft Model K441 Luisse Beige - Gorsenia Lingerie ,Gorsenia Lingerie,2,Biustonosz K441,Gorsenia,2,Biustonosz soft Gorsenia K 441 Luisse,Gorsenia,8
5902771094170, Biustonosz Soft Model K441 Luisse Beige - Gorsenia Lingerie ,Gorsenia Lingerie,0,Biustonosz K441,Gorsenia,0,Biustonosz soft Gorsenia K 441 Luisse,Gorsenia,5
5902771094187, Biustonosz Soft Model K441 Luisse Beige - Gorsenia Lingerie ,Gorsenia Lingerie,3,Biustonosz K441,Gorsenia,3,Biustonosz soft Gorsenia K 441 Luisse,Gorsenia,12
5902771094194, Biustonosz Soft Model K441 Luisse Beige - Gorsenia Lingerie ,Gorsenia Lingerie,1,Biustonosz K441,Gorsenia,1,Biustonosz soft Gorsenia K 441 Luisse,Gorsenia,16
5902771094200, Biustonosz Soft Model K441 Luisse Beige - Gorsenia Lingerie ,Gorsenia Lingerie,3,Biustonosz K441,Gorsenia,3,Biustonosz soft Gorsenia K 441 Luisse,Gorsenia,12
5902771094217, Biustonosz Soft Model K441 Luisse Beige - Gorsenia Lingerie ,Gorsenia Lingerie,3,Biustonosz K441,Gorsenia,1,Biustonosz soft Gorsenia K 441 Luisse,Gorsenia,8
5902771094231, Biustonosz Soft Model K441 Luisse Beige - Gorsenia Lingerie ,Gorsenia Lingerie,0,Biustonosz K441,Gorsenia,0,Biustonosz soft Gorsenia K 441 Luisse,Gorsenia,3
5902771094248, Biustonosz Soft Model K441 Luisse Beige - Gorsenia Lingerie ,Gorsenia Lingerie,0,Biustonosz K441,Gorsenia,0,Biustonosz soft Gorsenia K 441 Luisse,Gorsenia,5
5902771094255, Biustonosz Soft Model K441 Luisse Beige - Gorsenia Lingerie ,Gorsenia Lingerie,0,Biustonosz K441,Gorsenia,0,Biustonosz soft Gorsenia K 441 Luisse,Gorsenia,6
5902771094262, Biustonosz Soft Model K441 Luisse Beige - Gorsenia Lingerie ,Gorsenia Lingerie,5,Biustonosz K441,Gorsenia,5,Biustonosz soft Gorsenia K 441 Luisse,Gorsenia,6
5902771094279, Biustonosz Soft Model K441 Luisse Beige - Gorsenia Lingerie ,Gorsenia Lingerie,4,Biustonosz K441,Gorsenia,4,Biustonosz soft Gorsenia K 441 Luisse,Gorsenia,13
5902771094286, Biustonosz Soft Model K441 Luisse Beige - Gorsenia Lingerie ,Gorsenia Lingerie,0,Biustonosz K441,Gorsenia,0,Biustonosz soft Gorsenia K 441 Luisse,Gorsenia,13
5902771094293, Biustonosz Soft Model K441 Luisse Beige - Gorsenia Lingerie ,Gorsenia Lingerie,0,Biustonosz K441,Gorsenia,0,Biustonosz soft Gorsenia K 441 Luisse,Gorsenia,10
5902771094309, Biustonosz Soft Model K441 Luisse Beige - Gorsenia Lingerie ,Gorsenia Lingerie,2,Biustonosz K441,Gorsenia,2,Biustonosz soft Gorsenia K 441 Luisse,Gorsenia,12
5902771094316, Biustonosz Soft Model K441 Luisse Beige - Gorsenia Lingerie ,Gorsenia Lingerie,3,Biustonosz K441,Gorsenia,3,Biustonosz soft Gorsenia K 441 Luisse,Gorsenia,7
5902771094323, Biustonosz Soft Model K441 Luisse Beige - Gorsenia Lingerie ,Gorsenia Lingerie,3,Biustonosz K441,Gorsenia,3,Biustonosz soft Gorsenia K 441 Luisse,Gorsenia,13
5902771094330, Biustonosz Soft Model K441 Luisse Beige - Gorsenia Lingerie ,Gorsenia Lingerie,3,Biustonosz K441,Gorsenia,3,Biustonosz soft Gorsenia K 441 Luisse,Gorsenia,11
5902771094347, Biustonosz Soft Model K441 Luisse Beige - Gorsenia Lingerie ,Gorsenia Lingerie,1,Biustonosz K441,Gorsenia,1,Biustonosz soft Gorsenia K 441 Luisse,Gorsenia,2
5902771094354, Biustonosz Soft Model K441 Luisse Beige - Gorsenia Lingerie ,Gorsenia Lingerie,2,Biustonosz K441,Gorsenia,2,Biustonosz soft Gorsenia K 441 Luisse,Gorsenia,12
5902771094361, Biustonosz Soft Model K441 Luisse Beige - Gorsenia Lingerie ,Gorsenia Lingerie,3,Biustonosz K441,Gorsenia,3,Biustonosz soft Gorsenia K 441 Luisse,Gorsenia,5
5902771094378, Biustonosz Soft Model K441 Luisse Beige - Gorsenia Lingerie ,Gorsenia Lingerie,0,Biustonosz K441,Gorsenia,0,Biustonosz soft Gorsenia K 441 Luisse,Gorsenia,12
5902771094385, Biustonosz Soft Model K441 Luisse Beige - Gorsenia Lingerie ,Gorsenia Lingerie,2,Biustonosz K441,Gorsenia,2,Biustonosz soft Gorsenia K 441 Luisse,Gorsenia,12
5902771094392, Biustonosz Soft Model K441 Luisse Beige - Gorsenia Lingerie ,Gorsenia Lingerie,2,Biustonosz K441,Gorsenia,2,Biustonosz soft Gorsenia K 441 Luisse,Gorsenia,7
5902771094408, Biustonosz Soft Model K441 Luisse Beige - Gorsenia Lingerie ,Gorsenia Lingerie,2,Biustonosz K441,Gorsenia,2,Biustonosz soft Gorsenia K 441 Luisse,Gorsenia,8
5902771094415, Biustonosz Soft Model K441 Luisse Beige - Gorsenia Lingerie ,Gorsenia Lingerie,2,Biustonosz K441,Gorsenia,2,Biustonosz soft Gorsenia K 441 Luisse,Gorsenia,9
5902771094422, Biustonosz Soft Model K441 Luisse Beige - Gorsenia Lingerie ,Gorsenia Lingerie,6,Biustonosz K441,Gorsenia,6,Biustonosz soft Gorsenia K 441 Luisse,Gorsenia,5
5902771094439, Biustonosz Soft Model K441 Luisse Beige - Gorsenia Lingerie ,Gorsenia Lingerie,3,Biustonosz K441,Gorsenia,3,Biustonosz soft Gorsenia K 441 Luisse,Gorsenia,11
5902771094446, Biustonosz Soft Model K441 Luisse Beige - Gorsenia Lingerie ,Gorsenia Lingerie,3,Biustonosz K441,Gorsenia,3,Biustonosz soft Gorsenia K 441 Luisse,Gorsenia,12
5902771094453, Biustonosz Soft Model K441 Luisse Beige - Gorsenia Lingerie ,Gorsenia Lingerie,0,Biustonosz K441,Gorsenia,0,Biustonosz soft Gorsenia K 441 Luisse,Gorsenia,13
5902771094460, Biustonosz Soft Model K441 Luisse Beige - Gorsenia Lingerie ,Gorsenia Lingerie,0,Biustonosz K441,Gorsenia,0,Biustonosz soft Gorsenia K 441 Luisse,Gorsenia,12
5902771094477, Biustonosz Soft Model K441 Luisse Beige - Gorsenia Lingerie ,Gorsenia Lingerie,1,Biustonosz K441,Gorsenia,1,Biustonosz soft Gorsenia K 441 Luisse,Gorsenia,9
5902771094484, Biustonosz Soft Model K441 Luisse Beige - Gorsenia Lingerie ,Gorsenia Lingerie,1,Biustonosz K441,Gorsenia,1,Biustonosz soft Gorsenia K 441 Luisse,Gorsenia,12
5902771094491, Biustonosz Soft Model K441 Luisse Beige - Gorsenia Lingerie ,Gorsenia Lingerie,1,Biustonosz K441,Gorsenia,1,Biustonosz soft Gorsenia K 441 Luisse,Gorsenia,8
5902771094507, Biustonosz Soft Model K441 Luisse Beige - Gorsenia Lingerie ,Gorsenia Lingerie,2,Biustonosz K441,Gorsenia,2,Biustonosz soft Gorsenia K 441 Luisse,Gorsenia,4
5902771094514, Biustonosz Soft Model K441 Luisse Beige - Gorsenia Lingerie ,Gorsenia Lingerie,0,Biustonosz K441,Gorsenia,0,Biustonosz soft Gorsenia K 441 Luisse,Gorsenia,6
5902771094521, Biustonosz Soft Model K441 Luisse Beige - Gorsenia Lingerie ,Gorsenia Lingerie,2,Biustonosz K441,Gorsenia,2,Biustonosz soft Gorsenia K 441 Luisse,Gorsenia,6
5902771094538, Biustonosz Soft Model K441 Luisse Beige - Gorsenia Lingerie ,Gorsenia Lingerie,2,Biustonosz K441,Gorsenia,2,Biustonosz soft Gorsenia K 441 Luisse,Gorsenia,8
5902771094545, Biustonosz Soft Model K441 Luisse Beige - Gorsenia Lingerie ,Gorsenia Lingerie,2,Biustonosz K441,Gorsenia,2,Biustonosz soft Gorsenia K 441 Luisse,Gorsenia,6
5902771094637, Biustonosz Soft Model K441 Luisse Beige - Gorsenia Lingerie ,Gorsenia Lingerie,1,Biustonosz K441,Gorsenia,1,Biustonosz soft Gorsenia K 441 Luisse,Gorsenia,3
5902771104770, Biustonosz push up Biustonosz Usztywniany Model K156/1 Toscana Beige - Gorsenia Lingerie ,Gorsenia Lingerie,0,Biustonosz K156/1,Gorsenia,0,Biustonosz full cup Gorsenia K 156/1 Toscana,Gorsenia,1
5902771104787, Biustonosz push up Biustonosz Usztywniany Model K156/1 Toscana Beige - Gorsenia Lingerie ,Gorsenia Lingerie,0,Biustonosz K156/1,Gorsenia,0,Biustonosz full cup Gorsenia K 156/1 Toscana,Gorsenia,3
5902771104794, Biustonosz push up Biustonosz Usztywniany Model K156/1 Toscana Beige - Gorsenia Lingerie ,Gorsenia Lingerie,0,Biustonosz K156/1,Gorsenia,0,Biustonosz full cup Gorsenia K 156/1 Toscana,Gorsenia,1
5902771104800, Biustonosz push up Biustonosz Usztywniany Model K156/1 Toscana Beige - Gorsenia Lingerie ,Gorsenia Lingerie,0,Biustonosz K156/1,Gorsenia,0,Biustonosz full cup Gorsenia K 156/1 Toscana,Gorsenia,4
5902771104824, Biustonosz push up Biustonosz Usztywniany Model K156/1 Toscana Beige - Gorsenia Lingerie ,Gorsenia Lingerie,0,Biustonosz K156/1,Gorsenia,0,Biustonosz full cup Gorsenia K 156/1 Toscana,Gorsenia,4
5902771104831, Biustonosz push up Biustonosz Usztywniany Model K156/1 Toscana Beige - Gorsenia Lingerie ,Gorsenia Lingerie,0,Biustonosz K156/1,Gorsenia,0,Biustonosz full cup Gorsenia K 156/1 Toscana,Gorsenia,5
5902771104848, Biustonosz push up Biustonosz Usztywniany Model K156/1 Toscana Beige - Gorsenia Lingerie ,Gorsenia Lingerie,0,Biustonosz K156/1,Gorsenia,0,Biustonosz full cup Gorsenia K 156/1 Toscana,Gorsenia,2
5902771104855, Biustonosz push up Biustonosz Usztywniany Model K156/1 Toscana Beige - Gorsenia Lingerie ,Gorsenia Lingerie,0,Biustonosz K156/1,Gorsenia,0,Biustonosz full cup Gorsenia K 156/1 Toscana,Gorsenia,4
5902771104862, Biustonosz push up Biustonosz Usztywniany Model K156/1 Toscana Beige - Gorsenia Lingerie ,Gorsenia Lingerie,0,Biustonosz K156/1,Gorsenia,0,Biustonosz full cup Gorsenia K 156/1 Toscana,Gorsenia,6
5902771104879, Biustonosz push up Biustonosz Usztywniany Model K156/1 Toscana Beige - Gorsenia Lingerie ,Gorsenia Lingerie,0,Biustonosz K156/1,Gorsenia,0,Biustonosz full cup Gorsenia K 156/1 Toscana,Gorsenia,7
5902771104886, Biustonosz push up Biustonosz Usztywniany Model K156/1 Toscana Beige - Gorsenia Lingerie ,Gorsenia Lingerie,0,Biustonosz K156/1,Gorsenia,1,Biustonosz full cup Gorsenia K 156/1 Toscana,Gorsenia,6
5902771104893, Biustonosz push up Biustonosz Usztywniany Model K156/1 Toscana Beige - Gorsenia Lingerie ,Gorsenia Lingerie,0,Biustonosz K156/1,Gorsenia,0,Biustonosz full cup Gorsenia K 156/1 Toscana,Gorsenia,5
5902771104909, Biustonosz push up Biustonosz Usztywniany Model K156/1 Toscana Beige - Gorsenia Lingerie ,Gorsenia Lingerie,0,Biustonosz K156/1,Gorsenia,0,Biustonosz full cup Gorsenia K 156/1 Toscana,Gorsenia,3
5902771104916, Biustonosz push up Biustonosz Usztywniany Model K156/1 Toscana Beige - Gorsenia Lingerie ,Gorsenia Lingerie,0,Biustonosz K156/1,Gorsenia,0,Biustonosz full cup Gorsenia K 156/1 Toscana,Gorsenia,3
5902771104923, Biustonosz push up Biustonosz Usztywniany Model K156/1 Toscana Beige - Gorsenia Lingerie ,Gorsenia Lingerie,0,Biustonosz K156/1,Gorsenia,0,Biustonosz full cup Gorsenia K 156/1 Toscana,Gorsenia,6
5902771104930, Biustonosz push up Biustonosz Usztywniany Model K156/1 Toscana Beige - Gorsenia Lingerie ,Gorsenia Lingerie,0,Biustonosz K156/1,Gorsenia,0,Biustonosz full cup Gorsenia K 156/1 Toscana,Gorsenia,5
5902771104947, Biustonosz push up Biustonosz Usztywniany Model K156/1 Toscana Beige - Gorsenia Lingerie ,Gorsenia Lingerie,0,Biustonosz K156/1,Gorsenia,0,Biustonosz full cup Gorsenia K 156/1 Toscana,Gorsenia,3
5902771104954, Biustonosz push up Biustonosz Usztywniany Model K156/1 Toscana Beige - Gorsenia Lingerie ,Gorsenia Lingerie,0,Biustonosz K156/1,Gorsenia,0,Biustonosz full cup Gorsenia K 156/1 Toscana,Gorsenia,5
5902771104961, Biustonosz push up Biustonosz Usztywniany Model K156/1 Toscana Beige - Gorsenia Lingerie ,Gorsenia Lingerie,0,Biustonosz K156/1,Gorsenia,0,Biustonosz full cup Gorsenia K 156/1 Toscana,Gorsenia,2
5902771104978, Biustonosz push up Biustonosz Usztywniany Model K156/1 Toscana Beige - Gorsenia Lingerie ,Gorsenia Lingerie,0,Biustonosz K156/1,Gorsenia,0,Biustonosz full cup Gorsenia K 156/1 Toscana,Gorsenia,3
5902771104985, Biustonosz push up Biustonosz Usztywniany Model K156/1 Toscana Beige - Gorsenia Lingerie ,Gorsenia Lingerie,0,Biustonosz K156/1,Gorsenia,0,Biustonosz full cup Gorsenia K 156/1 Toscana,Gorsenia,5
5902771104992, Biustonosz push up Biustonosz Usztywniany Model K156/1 Toscana Beige - Gorsenia Lingerie ,Gorsenia Lingerie,0,Biustonosz K156/1,Gorsenia,0,Biustonosz full cup Gorsenia K 156/1 Toscana,Gorsenia,6
5902771105005, Biustonosz push up Biustonosz Usztywniany Model K156/1 Toscana Beige - Gorsenia Lingerie ,Gorsenia Lingerie,0,Biustonosz K156/1,Gorsenia,0,Biustonosz full cup Gorsenia K 156/1 Toscana,Gorsenia,7
5902771105012, Biustonosz push up Biustonosz Usztywniany Model K156/1 Toscana Beige - Gorsenia Lingerie ,Gorsenia Lingerie,0,Biustonosz K156/1,Gorsenia,0,Biustonosz full cup Gorsenia K 156/1 Toscana,Gorsenia,3
5902771105029, Biustonosz push up Biustonosz Usztywniany Model K156/1 Toscana Beige - Gorsenia Lingerie ,Gorsenia Lingerie,0,Biustonosz K156/1,Gorsenia,0,Biustonosz full cup Gorsenia K 156/1 Toscana,Gorsenia,5
5902771105036, Biustonosz push up Biustonosz Usztywniany Model K156/1 Toscana Beige - Gorsenia Lingerie ,Gorsenia Lingerie,0,Biustonosz K156/1,Gorsenia,0,Biustonosz full cup Gorsenia K 156/1 Toscana,Gorsenia,2
5902771105043, Biustonosz push up Biustonosz Usztywniany Model K156/1 Toscana Beige - Gorsenia Lingerie ,Gorsenia Lingerie,0,Biustonosz K156/1,Gorsenia,0,Biustonosz full cup Gorsenia K 156/1 Toscana,Gorsenia,2
5902771105050, Biustonosz push up Biustonosz Usztywniany Model K156/1 Toscana Beige - Gorsenia Lingerie ,Gorsenia Lingerie,0,Biustonosz K156/1,Gorsenia,0,Biustonosz full cup Gorsenia K 156/1 Toscana,Gorsenia,4
5902771105067, Biustonosz push up Biustonosz Usztywniany Model K156/1 Toscana Beige - Gorsenia Lingerie ,Gorsenia Lingerie,0,Biustonosz K156/1,Gorsenia,0,Biustonosz full cup Gorsenia K 156/1 Toscana,Gorsenia,4
5902771105074, Biustonosz push up Biustonosz Usztywniany Model K156/1 Toscana Beige - Gorsenia Lingerie ,Gorsenia Lingerie,0,Biustonosz K156/1,Gorsenia,0,Biustonosz full cup Gorsenia K 156/1 Toscana,Gorsenia,5
5902771105081, Biustonosz push up Biustonosz Usztywniany Model K156/1 Toscana Beige - Gorsenia Lingerie ,Gorsenia Lingerie,0,Biustonosz K156/1,Gorsenia,0,Biustonosz full cup Gorsenia K 156/1 Toscana,Gorsenia,3
5902771105098, Biustonosz push up Biustonosz Usztywniany Model K156/1 Toscana Beige - Gorsenia Lingerie ,Gorsenia Lingerie,0,Biustonosz K156/1,Gorsenia,0,Biustonosz full cup Gorsenia K 156/1 Toscana,Gorsenia,3
5902771105104, Biustonosz push up Biustonosz Usztywniany Model K156/1 Toscana Beige - Gorsenia Lingerie ,Gorsenia Lingerie,0,Biustonosz K156/1,Gorsenia,0,Biustonosz full cup Gorsenia K 156/1 Toscana,Gorsenia,2
5902771105111, Biustonosz push up Biustonosz Usztywniany Model K156/1 Toscana Beige - Gorsenia Lingerie ,Gorsenia Lingerie,0,Biustonosz K156/1,Gorsenia,0,Biustonosz full cup Gorsenia K 156/1 Toscana,Gorsenia,5
5902771105128, Biustonosz push up Biustonosz Usztywniany Model K156/1 Toscana Beige - Gorsenia Lingerie ,Gorsenia Lingerie,0,Biustonosz K156/1,Gorsenia,0,Biustonosz full cup Gorsenia K 156/1 Toscana,Gorsenia,3
5902771105173, Biustonosz push up Biustonosz Usztywniany Model Toscana K156 Black - Gorsenia Lingerie ,Gorsenia Lingerie,0,Biustonosz K156/1,Gorsenia,0,Biustonosz full cup Gorsenia K 156/1 Toscana,Gorsenia,3
5902771105180, Biustonosz push up Biustonosz Usztywniany Model Toscana K156 Black - Gorsenia Lingerie ,Gorsenia Lingerie,0,Biustonosz K156/1,Gorsenia,0,Biustonosz full cup Gorsenia K 156/1 Toscana,Gorsenia,1
5902771105197, Biustonosz push up Biustonosz Usztywniany Model Toscana K156 Black - Gorsenia Lingerie ,Gorsenia Lingerie,0,Biustonosz K156/1,Gorsenia,0,Biustonosz full cup Gorsenia K 156/1 Toscana,Gorsenia,3
5902771105227, Biustonosz push up Biustonosz Usztywniany Model Toscana K156 Black - Gorsenia Lingerie ,Gorsenia Lingerie,0,Biustonosz K156/1,Gorsenia,0,Biustonosz full cup Gorsenia K 156/1 Toscana,Gorsenia,3
5902771105234, Biustonosz push up Biustonosz Usztywniany Model Toscana K156 Black - Gorsenia Lingerie ,Gorsenia Lingerie,0,Biustonosz K156/1,Gorsenia,0,Biustonosz full cup Gorsenia K 156/1 Toscana,Gorsenia,4
5902771105241, Biustonosz push up Biustonosz Usztywniany Model Toscana K156 Black - Gorsenia Lingerie ,Gorsenia Lingerie,0,Biustonosz K156/1,Gorsenia,0,Biustonosz full cup Gorsenia K 156/1 Toscana,Gorsenia,3
5902771105258, Biustonosz push up Biustonosz Usztywniany Model Toscana K156 Black - Gorsenia Lingerie ,Gorsenia Lingerie,0,Biustonosz K156/1,Gorsenia,0,Biustonosz full cup Gorsenia K 156/1 Toscana,Gorsenia,2
5902771105265, Biustonosz push up Biustonosz Usztywniany Model Toscana K156 Black - Gorsenia Lingerie ,Gorsenia Lingerie,0,Biustonosz K156/1,Gorsenia,0,Biustonosz full cup Gorsenia K 156/1 Toscana,Gorsenia,2
5902771105272, Biustonosz push up Biustonosz Usztywniany Model Toscana K156 Black - Gorsenia Lingerie ,Gorsenia Lingerie,0,Biustonosz K156/1,Gorsenia,0,Biustonosz full cup Gorsenia K 156/1 Toscana,Gorsenia,2
5902771105296, Biustonosz push up Biustonosz Usztywniany Model Toscana K156 Black - Gorsenia Lingerie ,Gorsenia Lingerie,0,Biustonosz K156/1,Gorsenia,0,Biustonosz full cup Gorsenia K 156/1 Toscana,Gorsenia,2
5902771105302, Biustonosz push up Biustonosz Usztywniany Model Toscana K156 Black - Gorsenia Lingerie ,Gorsenia Lingerie,0,Biustonosz K156/1,Gorsenia,0,Biustonosz full cup Gorsenia K 156/1 Toscana,Gorsenia,3
5902771105319, Biustonosz push up Biustonosz Usztywniany Model Toscana K156 Black - Gorsenia Lingerie ,Gorsenia Lingerie,0,Biustonosz K156/1,Gorsenia,0,Biustonosz full cup Gorsenia K 156/1 Toscana,Gorsenia,3
5902771105326, Biustonosz push up Biustonosz Usztywniany Model Toscana K156 Black - Gorsenia Lingerie ,Gorsenia Lingerie,0,Biustonosz K156/1,Gorsenia,0,Biustonosz full cup Gorsenia K 156/1 Toscana,Gorsenia,2
5902771105333, Biustonosz push up Biustonosz Usztywniany Model Toscana K156 Black - Gorsenia Lingerie ,Gorsenia Lingerie,0,Biustonosz K156/1,Gorsenia,0,Biustonosz full cup Gorsenia K 156/1 Toscana,Gorsenia,2
5902771105340, Biustonosz push up Biustonosz Usztywniany Model Toscana K156 Black - Gorsenia Lingerie ,Gorsenia Lingerie,0,Biustonosz K156/1,Gorsenia,0,Biustonosz full cup Gorsenia K 156/1 Toscana,Gorsenia,3
5902771105364, Biustonosz push up Biustonosz Usztywniany Model Toscana K156 Black - Gorsenia Lingerie ,Gorsenia Lingerie,0,Biustonosz K156/1,Gorsenia,0,Biustonosz full cup Gorsenia K 156/1 Toscana,Gorsenia,3
5902771105371, Biustonosz push up Biustonosz Usztywniany Model Toscana K156 Black - Gorsenia Lingerie ,Gorsenia Lingerie,0,Biustonosz K156/1,Gorsenia,0,Biustonosz full cup Gorsenia K 156/1 Toscana,Gorsenia,1
5902771105388, Biustonosz push up Biustonosz Usztywniany Model Toscana K156 Black - Gorsenia Lingerie ,Gorsenia Lingerie,0,Biustonosz K156/1,Gorsenia,0,Biustonosz full cup Gorsenia K 156/1 Toscana,Gorsenia,2
5902771105401, Biustonosz push up Biustonosz Usztywniany Model Toscana K156 Black - Gorsenia Lingerie ,Gorsenia Lingerie,0,Biustonosz K156/1,Gorsenia,0,Biustonosz full cup Gorsenia K 156/1 Toscana,Gorsenia,3
5902771105418, Biustonosz push up Biustonosz Usztywniany Model Toscana K156 Black - Gorsenia Lingerie ,Gorsenia Lingerie,0,Biustonosz K156/1,Gorsenia,0,Biustonosz full cup Gorsenia K 156/1 Toscana,Gorsenia,3
5902771105432, Biustonosz push up Biustonosz Usztywniany Model Toscana K156 Black - Gorsenia Lingerie ,Gorsenia Lingerie,0,Biustonosz K156/1,Gorsenia,0,Biustonosz full cup Gorsenia K 156/1 Toscana,Gorsenia,3
5902771105449, Biustonosz push up Biustonosz Usztywniany Model Toscana K156 Black - Gorsenia Lingerie ,Gorsenia Lingerie,0,Biustonosz K156/1,Gorsenia,0,Biustonosz full cup Gorsenia K 156/1 Toscana,Gorsenia,2
5902771105456, Biustonosz push up Biustonosz Usztywniany Model Toscana K156 Black - Gorsenia Lingerie ,Gorsenia Lingerie,0,Biustonosz K156/1,Gorsenia,0,Biustonosz full cup Gorsenia K 156/1 Toscana,Gorsenia,3
5902771105463, Biustonosz push up Biustonosz Usztywniany Model Toscana K156 Black - Gorsenia Lingerie ,Gorsenia Lingerie,0,Biustonosz K156/1,Gorsenia,0,Biustonosz full cup Gorsenia K 156/1 Toscana,Gorsenia,3
5902771105470, Biustonosz push up Biustonosz Usztywniany Model Toscana K156 Black - Gorsenia Lingerie ,Gorsenia Lingerie,0,Biustonosz K156/1,Gorsenia,0,Biustonosz full cup Gorsenia K 156/1 Toscana,Gorsenia,4
5902771105517, Biustonosz push up Biustonosz Usztywniany Model Toscana K156 Black - Gorsenia Lingerie ,Gorsenia Lingerie,0,Biustonosz K156/1,Gorsenia,0,Biustonosz full cup Gorsenia K 156/1 Toscana,Gorsenia,4
5902771113642, Biustonosz Soft Model K496 Paradise Black - Gorsenia Lingerie ,Gorsenia Lingerie,2,Biustonosz K496,Gorsenia,2,Biustonosz soft Gorsenia K 496 Paradise,Gorsenia,3
5902771113673, Biustonosz Soft Model K496 Paradise Black - Gorsenia Lingerie ,Gorsenia Lingerie,0,Biustonosz K496,Gorsenia,0,Biustonosz soft Gorsenia K 496 Paradise,Gorsenia,3
5902771113697, Biustonosz Soft Model K496 Paradise Black - Gorsenia Lingerie ,Gorsenia Lingerie,2,Biustonosz K496,Gorsenia,2,Biustonosz soft Gorsenia K 496 Paradise,Gorsenia,5
5902771113727, Biustonosz Soft Model K496 Paradise Black - Gorsenia Lingerie ,Gorsenia Lingerie,4,Biustonosz K496,Gorsenia,4,Biustonosz soft Gorsenia K 496 Paradise,Gorsenia,7
5902771113734, Biustonosz Soft Model K496 Paradise Black - Gorsenia Lingerie ,Gorsenia Lingerie,2,Biustonosz K496,Gorsenia,1,Biustonosz soft Gorsenia K 496 Paradise,Gorsenia,10
5902771113741, Biustonosz Soft Model K496 Paradise Black - Gorsenia Lingerie ,Gorsenia Lingerie,0,Biustonosz K496,Gorsenia,0,Biustonosz soft Gorsenia K 496 Paradise,Gorsenia,7
5902771113758, Biustonosz Soft Model K496 Paradise Black - Gorsenia Lingerie ,Gorsenia Lingerie,2,Biustonosz K496,Gorsenia,2,Biustonosz soft Gorsenia K 496 Paradise,Gorsenia,8
5902771113765, Biustonosz Soft Model K496 Paradise Black - Gorsenia Lingerie ,Gorsenia Lingerie,3,Biustonosz K496,Gorsenia,3,Biustonosz soft Gorsenia K 496 Paradise,Gorsenia,7
5902771113772, Biustonosz Soft Model K496 Paradise Black - Gorsenia Lingerie ,Gorsenia Lingerie,2,Biustonosz K496,Gorsenia,2,Biustonosz soft Gorsenia K 496 Paradise,Gorsenia,2
5902771113796, Biustonosz Soft Model K496 Paradise Black - Gorsenia Lingerie ,Gorsenia Lingerie,1,Biustonosz K496,Gorsenia,1,Biustonosz soft Gorsenia K 496 Paradise,Gorsenia,7
5902771113802, Biustonosz Soft Model K496 Paradise Black - Gorsenia Lingerie ,Gorsenia Lingerie,2,Biustonosz K496,Gorsenia,2,Biustonosz soft Gorsenia K 496 Paradise,Gorsenia,8
5902771113819, Biustonosz Soft Model K496 Paradise Black - Gorsenia Lingerie ,Gorsenia Lingerie,0,Biustonosz K496,Gorsenia,0,Biustonosz soft Gorsenia K 496 Paradise,Gorsenia,9
5902771113826, Biustonosz Soft Model K496 Paradise Black - Gorsenia Lingerie ,Gorsenia Lingerie,3,Biustonosz K496,Gorsenia,3,Biustonosz soft Gorsenia K 496 Paradise,Gorsenia,14
5902771113833, Biustonosz Soft Model K496 Paradise Black - Gorsenia Lingerie ,Gorsenia Lingerie,2,Biustonosz K496,Gorsenia,2,Biustonosz soft Gorsenia K 496 Paradise,Gorsenia,11
5902771113840, Biustonosz Soft Model K496 Paradise Black - Gorsenia Lingerie ,Gorsenia Lingerie,4,Biustonosz K496,Gorsenia,4,Biustonosz soft Gorsenia K 496 Paradise,Gorsenia,10
5902771113857, Biustonosz Soft Model K496 Paradise Black - Gorsenia Lingerie ,Gorsenia Lingerie,3,Biustonosz K496,Gorsenia,3,Biustonosz soft Gorsenia K 496 Paradise,Gorsenia,6
5902771113871, Biustonosz Soft Model K496 Paradise Black - Gorsenia Lingerie ,Gorsenia Lingerie,1,Biustonosz K496,Gorsenia,1,Biustonosz soft Gorsenia K 496 Paradise,Gorsenia,10
5902771113888, Biustonosz Soft Model K496 Paradise Black - Gorsenia Lingerie ,Gorsenia Lingerie,1,Biustonosz K496,Gorsenia,1,Biustonosz soft Gorsenia K 496 Paradise,Gorsenia,13
5902771113895, Biustonosz Soft Model K496 Paradise Black - Gorsenia Lingerie ,Gorsenia Lingerie,2,Biustonosz K496,Gorsenia,2,Biustonosz soft Gorsenia K 496 Paradise,Gorsenia,12
5902771113901, Biustonosz Soft Model K496 Paradise Black - Gorsenia Lingerie ,Gorsenia Lingerie,4,Biustonosz K496,Gorsenia,4,Biustonosz soft Gorsenia K 496 Paradise,Gorsenia,11
5902771113918, Biustonosz Soft Model K496 Paradise Black - Gorsenia Lingerie ,Gorsenia Lingerie,2,Biustonosz K496,Gorsenia,2,Biustonosz soft Gorsenia K 496 Paradise,Gorsenia,4
5902771113925, Biustonosz Soft Model K496 Paradise Black - Gorsenia Lingerie ,Gorsenia Lingerie,1,Biustonosz K496,Gorsenia,1,Biustonosz soft Gorsenia K 496 Paradise,Gorsenia,6
5902771113932, Biustonosz Soft Model K496 Paradise Black - Gorsenia Lingerie ,Gorsenia Lingerie,2,Biustonosz K496,Gorsenia,2,Biustonosz soft Gorsenia K 496 Paradise,Gorsenia,5
5902771113956, Biustonosz Soft Model K496 Paradise Black - Gorsenia Lingerie ,Gorsenia Lingerie,3,Biustonosz K496,Gorsenia,3,Biustonosz soft Gorsenia K 496 Paradise,Gorsenia,3
5902771113963, Biustonosz Soft Model K496 Paradise Black - Gorsenia Lingerie ,Gorsenia Lingerie,0,Biustonosz K496,Gorsenia,0,Biustonosz soft Gorsenia K 496 Paradise,Gorsenia,2
5902771113970, Biustonosz Soft Model K496 Paradise Black - Gorsenia Lingerie ,Gorsenia Lingerie,4,Biustonosz K496,Gorsenia,4,Biustonosz soft Gorsenia K 496 Paradise,Gorsenia,7
5902771113987, Biustonosz Soft Model K496 Paradise Black - Gorsenia Lingerie ,Gorsenia Lingerie,1,Biustonosz K496,Gorsenia,0,Biustonosz soft Gorsenia K 496 Paradise,Gorsenia,3
5902771113994, Biustonosz Soft Model K496 Paradise Black - Gorsenia Lingerie ,Gorsenia Lingerie,0,Biustonosz K496,Gorsenia,0,Biustonosz soft Gorsenia K 496 Paradise,Gorsenia,5
5902771114007, Biustonosz Soft Model K496 Paradise Black - Gorsenia Lingerie ,Gorsenia Lingerie,1,Biustonosz K496,Gorsenia,1,Biustonosz soft Gorsenia K 496 Paradise,Gorsenia,4
5902771114014, Biustonosz Soft Model K496 Paradise Black - Gorsenia Lingerie ,Gorsenia Lingerie,2,Biustonosz K496,Gorsenia,2,Biustonosz soft Gorsenia K 496 Paradise,Gorsenia,5
5902771114021, Biustonosz Soft Model K496 Paradise Black - Gorsenia Lingerie ,Gorsenia Lingerie,1,Biustonosz K496,Gorsenia,1,Biustonosz soft Gorsenia K 496 Paradise,Gorsenia,6
5902771114038, Biustonosz Soft Model K496 Paradise Black - Gorsenia Lingerie ,Gorsenia Lingerie,0,Biustonosz K496,Gorsenia,0,Biustonosz soft Gorsenia K 496 Paradise,Gorsenia,5
5902771114045, Biustonosz Soft Model K496 Paradise Black - Gorsenia Lingerie ,Gorsenia Lingerie,1,Biustonosz K496,Gorsenia,1,Biustonosz soft Gorsenia K 496 Paradise,Gorsenia,6
5902771114052, Biustonosz Soft Model K496 Paradise Black - Gorsenia Lingerie ,Gorsenia Lingerie,1,Biustonosz K496,Gorsenia,1,Biustonosz soft Gorsenia K 496 Paradise,Gorsenia,8
5902771114069, Biustonosz Soft Model K496 Paradise Black - Gorsenia Lingerie ,Gorsenia Lingerie,2,Biustonosz K496,Gorsenia,2,Biustonosz soft Gorsenia K 496 Paradise,Gorsenia,6
5902771114076, Biustonosz Soft Model K496 Paradise Black - Gorsenia Lingerie ,Gorsenia Lingerie,2,Biustonosz K496,Gorsenia,2,Biustonosz soft Gorsenia K 496 Paradise,Gorsenia,4
5902771114083, Biustonosz Soft Model K496 Paradise Black - Gorsenia Lingerie ,Gorsenia Lingerie,0,Biustonosz K496,Gorsenia,0,Biustonosz soft Gorsenia K 496 Paradise,Gorsenia,4
5902771114090, Biustonosz Soft Model K496 Paradise Black - Gorsenia Lingerie ,Gorsenia Lingerie,0,Biustonosz K496,Gorsenia,0,Biustonosz soft Gorsenia K 496 Paradise,Gorsenia,5
5902771114106, Biustonosz Soft Model K496 Paradise Black - Gorsenia Lingerie ,Gorsenia Lingerie,0,Biustonosz K496,Gorsenia,0,Biustonosz soft Gorsenia K 496 Paradise,Gorsenia,5
5902771114175, Figi Model K497 Paradise Black - Gorsenia Lingerie ,Gorsenia Lingerie,0,Figi K497,Gorsenia,0,Figi Gorsenia K 497 Paradise M-4XL,Gorsenia,3
5902771134319, Biustonosz Soft Model Luisse K441 Black - Gorsenia Lingerie ,Gorsenia Lingerie,3,Biustonosz K441,Gorsenia,3,Biustonosz soft Gorsenia K 441 Luisse,Gorsenia,3
5902771134326, Biustonosz Soft Model Luisse K441 Black - Gorsenia Lingerie ,Gorsenia Lingerie,2,Biustonosz K441,Gorsenia,2,Biustonosz soft Gorsenia K 441 Luisse,Gorsenia,4
5902771134333, Biustonosz Soft Model Luisse K441 Black - Gorsenia Lingerie ,Gorsenia Lingerie,2,Biustonosz K441,Gorsenia,2,Biustonosz soft Gorsenia K 441 Luisse,Gorsenia,3
5902771134340, Biustonosz Soft Model Luisse K441 Black - Gorsenia Lingerie ,Gorsenia Lingerie,2,Biustonosz K441,Gorsenia,2,Biustonosz soft Gorsenia K 441 Luisse,Gorsenia,5
5902771134357, Biustonosz Soft Model Luisse K441 Black - Gorsenia Lingerie ,Gorsenia Lingerie,1,Biustonosz K441,Gorsenia,1,Biustonosz soft Gorsenia K 441 Luisse,Gorsenia,4
5902771134364, Biustonosz Soft Model Luisse K441 Black - Gorsenia Lingerie ,Gorsenia Lingerie,2,Biustonosz K441,Gorsenia,2,Biustonosz soft Gorsenia K 441 Luisse,Gorsenia,4
5902771134401, Biustonosz Soft Model Luisse K441 Black - Gorsenia Lingerie ,Gorsenia Lingerie,5,Biustonosz K441,Gorsenia,5,Biustonosz soft Gorsenia K 441 Luisse,Gorsenia,5
5902771134418, Biustonosz Soft Model Luisse K441 Black - Gorsenia Lingerie ,Gorsenia Lingerie,7,Biustonosz K441,Gorsenia,7,Biustonosz soft Gorsenia K 441 Luisse,Gorsenia,4
5902771134425, Biustonosz Soft Model Luisse K441 Black - Gorsenia Lingerie ,Gorsenia Lingerie,4,Biustonosz K441,Gorsenia,4,Biustonosz soft Gorsenia K 441 Luisse,Gorsenia,3
5902771134432, Biustonosz Soft Model Luisse K441 Black - Gorsenia Lingerie ,Gorsenia Lingerie,4,Biustonosz K441,Gorsenia,4,Biustonosz soft Gorsenia K 441 Luisse,Gorsenia,5
5902771134449, Biustonosz Soft Model Luisse K441 Black - Gorsenia Lingerie ,Gorsenia Lingerie,2,Biustonosz K441,Gorsenia,2,Biustonosz soft Gorsenia K 441 Luisse,Gorsenia,10
5902771134456, Biustonosz Soft Model Luisse K441 Black - Gorsenia Lingerie ,Gorsenia Lingerie,3,Biustonosz K441,Gorsenia,3,Biustonosz soft Gorsenia K 441 Luisse,Gorsenia,3
5902771134463, Biustonosz Soft Model Luisse K441 Black - Gorsenia Lingerie ,Gorsenia Lingerie,0,Biustonosz K441,Gorsenia,0,Biustonosz soft Gorsenia K 441 Luisse,Gorsenia,8
5902771134470, Biustonosz Soft Model Luisse K441 Black - Gorsenia Lingerie ,Gorsenia Lingerie,2,Biustonosz K441,Gorsenia,2,Biustonosz soft Gorsenia K 441 Luisse,Gorsenia,2
5902771134487, Biustonosz Soft Model Luisse K441 Black - Gorsenia Lingerie ,Gorsenia Lingerie,0,Biustonosz K441,Gorsenia,0,Biustonosz soft Gorsenia K 441 Luisse,Gorsenia,3
5902771134494, Biustonosz Soft Model Luisse K441 Black - Gorsenia Lingerie ,Gorsenia Lingerie,0,Biustonosz K441,Gorsenia,0,Biustonosz soft Gorsenia K 441 Luisse,Gorsenia,3
5902771134500, Biustonosz Soft Model Luisse K441 Black - Gorsenia Lingerie ,Gorsenia Lingerie,4,Biustonosz K441,Gorsenia,4,Biustonosz soft Gorsenia K 441 Luisse,Gorsenia,5
5902771134517, Biustonosz Soft Model Luisse K441 Black - Gorsenia Lingerie ,Gorsenia Lingerie,6,Biustonosz K441,Gorsenia,6,Biustonosz soft Gorsenia K 441 Luisse,Gorsenia,2
5902771134524, Biustonosz Soft Model Luisse K441 Black - Gorsenia Lingerie ,Gorsenia Lingerie,1,Biustonosz K441,Gorsenia,1,Biustonosz soft Gorsenia K 441 Luisse,Gorsenia,7
5902771134531, Biustonosz Soft Model Luisse K441 Black - Gorsenia Lingerie ,Gorsenia Lingerie,1,Biustonosz K441,Gorsenia,1,Biustonosz soft Gorsenia K 441 Luisse,Gorsenia,15
5902771134548, Biustonosz Soft Model Luisse K441 Black - Gorsenia Lingerie ,Gorsenia Lingerie,2,Biustonosz K441,Gorsenia,2,Biustonosz soft Gorsenia K 441 Luisse,Gorsenia,14
5902771134555, Biustonosz Soft Model Luisse K441 Black - Gorsenia Lingerie ,Gorsenia Lingerie,3,Biustonosz K441,Gorsenia,3,Biustonosz soft Gorsenia K 441 Luisse,Gorsenia,11
5902771134562, Biustonosz Soft Model Luisse K441 Black - Gorsenia Lingerie ,Gorsenia Lingerie,2,Biustonosz K441,Gorsenia,2,Biustonosz soft Gorsenia K 441 Luisse,Gorsenia,10
5902771134579, Biustonosz Soft Model Luisse K441 Black - Gorsenia Lingerie ,Gorsenia Lingerie,1,Biustonosz K441,Gorsenia,1,Biustonosz soft Gorsenia K 441 Luisse,Gorsenia,8
5902771134586, Biustonosz Soft Model Luisse K441 Black - Gorsenia Lingerie ,Gorsenia Lingerie,0,Biustonosz K441,Gorsenia,0,Biustonosz soft Gorsenia K 441 Luisse,Gorsenia,8
5902771134593, Biustonosz Soft Model Luisse K441 Black - Gorsenia Lingerie ,Gorsenia Lingerie,0,Biustonosz K441,Gorsenia,0,Biustonosz soft Gorsenia K 441 Luisse,Gorsenia,5
5902771134609, Biustonosz Soft Model Luisse K441 Black - Gorsenia Lingerie ,Gorsenia Lingerie,5,Biustonosz K441,Gorsenia,5,Biustonosz soft Gorsenia K 441 Luisse,Gorsenia,7
5902771134616, Biustonosz Soft Model Luisse K441 Black - Gorsenia Lingerie ,Gorsenia Lingerie,5,Biustonosz K441,Gorsenia,5,Biustonosz soft Gorsenia K 441 Luisse,Gorsenia,13
5902771134623, Biustonosz Soft Model Luisse K441 Black - Gorsenia Lingerie ,Gorsenia Lingerie,0,Biustonosz K441,Gorsenia,0,Biustonosz soft Gorsenia K 441 Luisse,Gorsenia,1
5902771134630, Biustonosz Soft Model Luisse K441 Black - Gorsenia Lingerie ,Gorsenia Lingerie,0,Biustonosz K441,Gorsenia,0,Biustonosz soft Gorsenia K 441 Luisse,Gorsenia,7
5902771134647, Biustonosz Soft Model Luisse K441 Black - Gorsenia Lingerie ,Gorsenia Lingerie,0,Biustonosz K441,Gorsenia,0,Biustonosz soft Gorsenia K 441 Luisse,Gorsenia,6
5902771134654, Biustonosz Soft Model Luisse K441 Black - Gorsenia Lingerie ,Gorsenia Lingerie,4,Biustonosz K441,Gorsenia,4,Biustonosz soft Gorsenia K 441 Luisse,Gorsenia,9
5902771134661, Biustonosz Soft Model Luisse K441 Black - Gorsenia Lingerie ,Gorsenia Lingerie,4,Biustonosz K441,Gorsenia,4,Biustonosz soft Gorsenia K 441 Luisse,Gorsenia,3
5902771134678, Biustonosz Soft Model Luisse K441 Black - Gorsenia Lingerie ,Gorsenia Lingerie,0,Biustonosz K441,Gorsenia,0,Biustonosz soft Gorsenia K 441 Luisse,Gorsenia,5
5902771134685, Biustonosz Soft Model Luisse K441 Black - Gorsenia Lingerie ,Gorsenia Lingerie,0,Biustonosz K441,Gorsenia,0,Biustonosz soft Gorsenia K 441 Luisse,Gorsenia,4
5902771134692, Biustonosz Soft Model Luisse K441 Black - Gorsenia Lingerie ,Gorsenia Lingerie,3,Biustonosz K441,Gorsenia,3,Biustonosz soft Gorsenia K 441 Luisse,Gorsenia,7
5902771134708, Biustonosz Soft Model Luisse K441 Black - Gorsenia Lingerie ,Gorsenia Lingerie,3,Biustonosz K441,Gorsenia,3,Biustonosz soft Gorsenia K 441 Luisse,Gorsenia,11
5902771134715, Biustonosz Soft Model Luisse K441 Black - Gorsenia Lingerie ,Gorsenia Lingerie,2,Biustonosz K441,Gorsenia,2,Biustonosz soft Gorsenia K 441 Luisse,Gorsenia,4
5902771134722, Biustonosz Soft Model Luisse K441 Black - Gorsenia Lingerie ,Gorsenia Lingerie,3,Biustonosz K441,Gorsenia,3,Biustonosz soft Gorsenia K 441 Luisse,Gorsenia,8
5902771134739, Biustonosz Soft Model Luisse K441 Black - Gorsenia Lingerie ,Gorsenia Lingerie,0,Biustonosz K441,Gorsenia,0,Biustonosz soft Gorsenia K 441 Luisse,Gorsenia,12
5902771134746, Biustonosz Soft Model Luisse K441 Black - Gorsenia Lingerie ,Gorsenia Lingerie,3,Biustonosz K441,Gorsenia,3,Biustonosz soft Gorsenia K 441 Luisse,Gorsenia,11
5902771134753, Biustonosz Soft Model Luisse K441 Black - Gorsenia Lingerie ,Gorsenia Lingerie,3,Biustonosz K441,Gorsenia,3,Biustonosz soft Gorsenia K 441 Luisse,Gorsenia,5
5902771134760, Biustonosz Soft Model Luisse K441 Black - Gorsenia Lingerie ,Gorsenia Lingerie,2,Biustonosz K441,Gorsenia,2,Biustonosz soft Gorsenia K 441 Luisse,Gorsenia,7
5902771134777, Biustonosz Soft Model Luisse K441 Black - Gorsenia Lingerie ,Gorsenia Lingerie,0,Biustonosz K441,Gorsenia,0,Biustonosz soft Gorsenia K 441 Luisse,Gorsenia,1
5902771134791, Biustonosz Soft Model Luisse K441 Black - Gorsenia Lingerie ,Gorsenia Lingerie,3,Biustonosz K441,Gorsenia,3,Biustonosz soft Gorsenia K 441 Luisse,Gorsenia,8
5902771134807, Biustonosz Soft Model Luisse K441 Black - Gorsenia Lingerie ,Gorsenia Lingerie,3,Biustonosz K441,Gorsenia,3,Biustonosz soft Gorsenia K 441 Luisse,Gorsenia,11
5902771134814, Biustonosz Soft Model Luisse K441 Black - Gorsenia Lingerie ,Gorsenia Lingerie,1,Biustonosz K441,Gorsenia,1,Biustonosz soft Gorsenia K 441 Luisse,Gorsenia,13
5902771134821, Biustonosz Soft Model Luisse K441 Black - Gorsenia Lingerie ,Gorsenia Lingerie,2,Biustonosz K441,Gorsenia,2,Biustonosz soft Gorsenia K 441 Luisse,Gorsenia,3
5902771134838, Biustonosz Soft Model Luisse K441 Black - Gorsenia Lingerie ,Gorsenia Lingerie,0,Biustonosz K441,Gorsenia,0,Biustonosz soft Gorsenia K 441 Luisse,Gorsenia,3
5902771134845, Biustonosz Soft Model Luisse K441 Black - Gorsenia Lingerie ,Gorsenia Lingerie,1,Biustonosz K441,Gorsenia,1,Biustonosz soft Gorsenia K 441 Luisse,Gorsenia,7
5902771134852, Biustonosz Soft Model Luisse K441 Black - Gorsenia Lingerie ,Gorsenia Lingerie,0,Biustonosz K441,Gorsenia,0,Biustonosz soft Gorsenia K 441 Luisse,Gorsenia,5
5902771134869, Biustonosz Soft Model Luisse K441 Black - Gorsenia Lingerie ,Gorsenia Lingerie,2,Biustonosz K441,Gorsenia,2,Biustonosz soft Gorsenia K 441 Luisse,Gorsenia,9
5902771134876, Biustonosz Soft Model Luisse K441 Black - Gorsenia Lingerie ,Gorsenia Lingerie,2,Biustonosz K441,Gorsenia,2,Biustonosz soft Gorsenia K 441 Luisse,Gorsenia,6
5902771134883, Biustonosz Soft Model Luisse K441 Black - Gorsenia Lingerie ,Gorsenia Lingerie,2,Biustonosz K441,Gorsenia,2,Biustonosz soft Gorsenia K 441 Luisse,Gorsenia,7
5902771134890, Biustonosz Soft Model Luisse K441 Black - Gorsenia Lingerie ,Gorsenia Lingerie,0,Biustonosz K441,Gorsenia,0,Biustonosz soft Gorsenia K 441 Luisse,Gorsenia,3
5902771159046, Biustonosz Soft Model Vicky K564 Black - Gorsenia Lingerie ,Gorsenia Lingerie,0,Biustonosz K564 CZA,Gorsenia,0,Biustonosz soft Gorsenia K 564 Vicky,Gorsenia,2
5902771159053, Biustonosz Soft Model Vicky K564 Black - Gorsenia Lingerie ,Gorsenia Lingerie,0,Biustonosz K564 CZA,Gorsenia,0,Biustonosz soft Gorsenia K 564 Vicky,Gorsenia,2
5902771159060, Biustonosz Soft Model Vicky K564 Black - Gorsenia Lingerie ,Gorsenia Lingerie,1,Biustonosz K564 CZA,Gorsenia,1,Biustonosz soft Gorsenia K 564 Vicky,Gorsenia,4
5902771159077, Biustonosz Soft Model Vicky K564 Black - Gorsenia Lingerie ,Gorsenia Lingerie,1,Biustonosz K564 CZA,Gorsenia,1,Biustonosz soft Gorsenia K 564 Vicky,Gorsenia,3
5902771159084, Biustonosz Soft Model Vicky K564 Black - Gorsenia Lingerie ,Gorsenia Lingerie,1,Biustonosz K564 CZA,Gorsenia,1,Biustonosz soft Gorsenia K 564 Vicky,Gorsenia,3
5902771159091, Biustonosz Soft Model Vicky K564 Black - Gorsenia Lingerie ,Gorsenia Lingerie,0,Biustonosz K564 CZA,Gorsenia,0,Biustonosz soft Gorsenia K 564 Vicky,Gorsenia,3
5902771159107, Biustonosz Soft Model Vicky K564 Black - Gorsenia Lingerie ,Gorsenia Lingerie,0,Biustonosz K564 CZA,Gorsenia,0,Biustonosz soft Gorsenia K 564 Vicky,Gorsenia,4
5902771159114, Biustonosz Soft Model Vicky K564 Black - Gorsenia Lingerie ,Gorsenia Lingerie,0,Biustonosz K564 CZA,Gorsenia,0,Biustonosz soft Gorsenia K 564 Vicky,Gorsenia,6
5902771159121, Biustonosz Soft Model Vicky K564 Black - Gorsenia Lingerie ,Gorsenia Lingerie,1,Biustonosz K564 CZA,Gorsenia,1,Biustonosz soft Gorsenia K 564 Vicky,Gorsenia,5
5902771159138, Biustonosz Soft Model Vicky K564 Black - Gorsenia Lingerie ,Gorsenia Lingerie,1,Biustonosz K564 CZA,Gorsenia,1,Biustonosz soft Gorsenia K 564 Vicky,Gorsenia,4
5902771159145, Biustonosz Soft Model Vicky K564 Black - Gorsenia Lingerie ,Gorsenia Lingerie,2,Biustonosz K564 CZA,Gorsenia,2,Biustonosz soft Gorsenia K 564 Vicky,Gorsenia,4
5902771159152, Biustonosz Soft Model Vicky K564 Black - Gorsenia Lingerie ,Gorsenia Lingerie,3,Biustonosz K564 CZA,Gorsenia,3,Biustonosz soft Gorsenia K 564 Vicky,Gorsenia,5
5902771159169, Biustonosz Soft Model Vicky K564 Black - Gorsenia Lingerie ,Gorsenia Lingerie,0,Biustonosz K564 CZA,Gorsenia,0,Biustonosz soft Gorsenia K 564 Vicky,Gorsenia,11
5902771159176, Biustonosz Soft Model Vicky K564 Black - Gorsenia Lingerie ,Gorsenia Lingerie,0,Biustonosz K564 CZA,Gorsenia,0,Biustonosz soft Gorsenia K 564 Vicky,Gorsenia,10
5902771159183, Biustonosz Soft Model Vicky K564 Black - Gorsenia Lingerie ,Gorsenia Lingerie,1,Biustonosz K564 CZA,Gorsenia,1,Biustonosz soft Gorsenia K 564 Vicky,Gorsenia,10
5902771159190, Biustonosz Soft Model Vicky K564 Black - Gorsenia Lingerie ,Gorsenia Lingerie,1,Biustonosz K564 CZA,Gorsenia,1,Biustonosz soft Gorsenia K 564 Vicky,Gorsenia,11
5902771159206, Biustonosz Soft Model Vicky K564 Black - Gorsenia Lingerie ,Gorsenia Lingerie,1,Biustonosz K564 CZA,Gorsenia,1,Biustonosz soft Gorsenia K 564 Vicky,Gorsenia,7
5902771159213, Biustonosz Soft Model Vicky K564 Black - Gorsenia Lingerie ,Gorsenia Lingerie,1,Biustonosz K564 CZA,Gorsenia,1,Biustonosz soft Gorsenia K 564 Vicky,Gorsenia,5
5902771159220, Biustonosz Soft Model Vicky K564 Black - Gorsenia Lingerie ,Gorsenia Lingerie,2,Biustonosz K564 CZA,Gorsenia,2,Biustonosz soft Gorsenia K 564 Vicky,Gorsenia,9
5902771159237, Biustonosz Soft Model Vicky K564 Black - Gorsenia Lingerie ,Gorsenia Lingerie,2,Biustonosz K564 CZA,Gorsenia,2,Biustonosz soft Gorsenia K 564 Vicky,Gorsenia,9
5902771159244, Biustonosz Soft Model Vicky K564 Black - Gorsenia Lingerie ,Gorsenia Lingerie,1,Biustonosz K564 CZA,Gorsenia,1,Biustonosz soft Gorsenia K 564 Vicky,Gorsenia,10
5902771159251, Biustonosz Soft Model Vicky K564 Black - Gorsenia Lingerie ,Gorsenia Lingerie,1,Biustonosz K564 CZA,Gorsenia,1,Biustonosz soft Gorsenia K 564 Vicky,Gorsenia,11
5902771159268, Biustonosz Soft Model Vicky K564 Black - Gorsenia Lingerie ,Gorsenia Lingerie,2,Biustonosz K564 CZA,Gorsenia,1,Biustonosz soft Gorsenia K 564 Vicky,Gorsenia,10
5902771159275, Biustonosz Soft Model Vicky K564 Black - Gorsenia Lingerie ,Gorsenia Lingerie,2,Biustonosz K564 CZA,Gorsenia,2,Biustonosz soft Gorsenia K 564 Vicky,Gorsenia,9
5902771159282, Biustonosz Soft Model Vicky K564 Black - Gorsenia Lingerie ,Gorsenia Lingerie,2,Biustonosz K564 CZA,Gorsenia,2,Biustonosz soft Gorsenia K 564 Vicky,Gorsenia,4
5902771159299, Biustonosz Soft Model Vicky K564 Black - Gorsenia Lingerie ,Gorsenia Lingerie,1,Biustonosz K564 CZA,Gorsenia,1,Biustonosz soft Gorsenia K 564 Vicky,Gorsenia,3
5902771159305, Biustonosz Soft Model Vicky K564 Black - Gorsenia Lingerie ,Gorsenia Lingerie,0,Biustonosz K564 CZA,Gorsenia,0,Biustonosz soft Gorsenia K 564 Vicky,Gorsenia,11
5902771159312, Biustonosz Soft Model Vicky K564 Black - Gorsenia Lingerie ,Gorsenia Lingerie,0,Biustonosz K564 CZA,Gorsenia,0,Biustonosz soft Gorsenia K 564 Vicky,Gorsenia,10
5902771159329, Biustonosz Soft Model Vicky K564 Black - Gorsenia Lingerie ,Gorsenia Lingerie,2,Biustonosz K564 CZA,Gorsenia,2,Biustonosz soft Gorsenia K 564 Vicky,Gorsenia,16
5902771159336, Biustonosz Soft Model Vicky K564 Black - Gorsenia Lingerie ,Gorsenia Lingerie,0,Biustonosz K564 CZA,Gorsenia,0,Biustonosz soft Gorsenia K 564 Vicky,Gorsenia,12
5902771159343, Biustonosz Soft Model Vicky K564 Black - Gorsenia Lingerie ,Gorsenia Lingerie,0,Biustonosz K564 CZA,Gorsenia,0,Biustonosz soft Gorsenia K 564 Vicky,Gorsenia,9
5902771159350, Biustonosz Soft Model Vicky K564 Black - Gorsenia Lingerie ,Gorsenia Lingerie,3,Biustonosz K564 CZA,Gorsenia,3,Biustonosz soft Gorsenia K 564 Vicky,Gorsenia,9
5902771159367, Biustonosz Soft Model Vicky K564 Black - Gorsenia Lingerie ,Gorsenia Lingerie,3,Biustonosz K564 CZA,Gorsenia,3,Biustonosz soft Gorsenia K 564 Vicky,Gorsenia,6
5902771159374, Biustonosz Soft Model Vicky K564 Black - Gorsenia Lingerie ,Gorsenia Lingerie,1,Biustonosz K564 CZA,Gorsenia,1,Biustonosz soft Gorsenia K 564 Vicky,Gorsenia,2
5902771159381, Biustonosz Soft Model Vicky K564 Black - Gorsenia Lingerie ,Gorsenia Lingerie,1,Biustonosz K564 CZA,Gorsenia,1,Biustonosz soft Gorsenia K 564 Vicky,Gorsenia,12
5902771159398, Biustonosz Soft Model Vicky K564 Black - Gorsenia Lingerie ,Gorsenia Lingerie,0,Biustonosz K564 CZA,Gorsenia,0,Biustonosz soft Gorsenia K 564 Vicky,Gorsenia,10
5902771159404, Biustonosz Soft Model Vicky K564 Black - Gorsenia Lingerie ,Gorsenia Lingerie,2,Biustonosz K564 CZA,Gorsenia,2,Biustonosz soft Gorsenia K 564 Vicky,Gorsenia,14
5902771159411, Biustonosz Soft Model Vicky K564 Black - Gorsenia Lingerie ,Gorsenia Lingerie,2,Biustonosz K564 CZA,Gorsenia,2,Biustonosz soft Gorsenia K 564 Vicky,Gorsenia,9
5902771159428, Biustonosz Soft Model Vicky K564 Black - Gorsenia Lingerie ,Gorsenia Lingerie,3,Biustonosz K564 CZA,Gorsenia,3,Biustonosz soft Gorsenia K 564 Vicky,Gorsenia,5
5902771159435, Biustonosz Soft Model Vicky K564 Black - Gorsenia Lingerie ,Gorsenia Lingerie,3,Biustonosz K564 CZA,Gorsenia,3,Biustonosz soft Gorsenia K 564 Vicky,Gorsenia,3
5902771159442, Biustonosz Soft Model Vicky K564 Black - Gorsenia Lingerie ,Gorsenia Lingerie,3,Biustonosz K564 CZA,Gorsenia,3,Biustonosz soft Gorsenia K 564 Vicky,Gorsenia,4
5902771159459, Biustonosz Soft Model Vicky K564 Black - Gorsenia Lingerie ,Gorsenia Lingerie,1,Biustonosz K564 CZA,Gorsenia,1,Biustonosz soft Gorsenia K 564 Vicky,Gorsenia,8
5902771159466, Biustonosz Soft Model Vicky K564 Black - Gorsenia Lingerie ,Gorsenia Lingerie,2,Biustonosz K564 CZA,Gorsenia,2,Biustonosz soft Gorsenia K 564 Vicky,Gorsenia,3
5902771159473, Biustonosz Soft Model Vicky K564 Black - Gorsenia Lingerie ,Gorsenia Lingerie,1,Biustonosz K564 CZA,Gorsenia,1,Biustonosz soft Gorsenia K 564 Vicky,Gorsenia,10
5902771159480, Biustonosz Soft Model Vicky K564 Black - Gorsenia Lingerie ,Gorsenia Lingerie,1,Biustonosz K564 CZA,Gorsenia,1,Biustonosz soft Gorsenia K 564 Vicky,Gorsenia,10
5902771159497, Biustonosz Soft Model Vicky K564 Black - Gorsenia Lingerie ,Gorsenia Lingerie,2,Biustonosz K564 CZA,Gorsenia,2,Biustonosz soft Gorsenia K 564 Vicky,Gorsenia,4
5902771159503, Biustonosz Soft Model Vicky K564 Black - Gorsenia Lingerie ,Gorsenia Lingerie,0,Biustonosz K564 CZA,Gorsenia,0,Biustonosz soft Gorsenia K 564 Vicky,Gorsenia,5
5902771172922, Biustonosz Soft Model Anya K422 Beige - Gorsenia Lingerie ,Gorsenia Lingerie,3,Biustonosz K422,Gorsenia,3,Biustonosz soft bez fiszbin Gorsenia K 422 Anya,Gorsenia,4
5902771172939, Biustonosz Soft Model Anya K422 Beige - Gorsenia Lingerie ,Gorsenia Lingerie,3,Biustonosz K422,Gorsenia,3,Biustonosz soft bez fiszbin Gorsenia K 422 Anya,Gorsenia,5
5902771172946, Biustonosz Soft Model Anya K422 Beige - Gorsenia Lingerie ,Gorsenia Lingerie,2,Biustonosz K422,Gorsenia,2,Biustonosz soft bez fiszbin Gorsenia K 422 Anya,Gorsenia,6
5902771172953, Biustonosz Soft Model Anya K422 Beige - Gorsenia Lingerie ,Gorsenia Lingerie,2,Biustonosz K422,Gorsenia,2,Biustonosz soft bez fiszbin Gorsenia K 422 Anya,Gorsenia,6
5902771172960, Biustonosz Soft Model Anya K422 Beige - Gorsenia Lingerie ,Gorsenia Lingerie,2,Biustonosz K422,Gorsenia,2,Biustonosz soft bez fiszbin Gorsenia K 422 Anya,Gorsenia,2
5902771172977, Biustonosz Soft Model Anya K422 Beige - Gorsenia Lingerie ,Gorsenia Lingerie,2,Biustonosz K422,Gorsenia,2,Biustonosz soft bez fiszbin Gorsenia K 422 Anya,Gorsenia,4
5902771172984, Biustonosz Soft Model Anya K422 Beige - Gorsenia Lingerie ,Gorsenia Lingerie,2,Biustonosz K422,Gorsenia,2,Biustonosz soft bez fiszbin Gorsenia K 422 Anya,Gorsenia,4
5902771172991, Biustonosz Soft Model Anya K422 Beige - Gorsenia Lingerie ,Gorsenia Lingerie,2,Biustonosz K422,Gorsenia,1,Biustonosz soft bez fiszbin Gorsenia K 422 Anya,Gorsenia,6
5902771173004, Biustonosz Soft Model Anya K422 Beige - Gorsenia Lingerie ,Gorsenia Lingerie,0,Biustonosz K422,Gorsenia,0,Biustonosz soft bez fiszbin Gorsenia K 422 Anya,Gorsenia,5
5902771173011, Biustonosz Soft Model Anya K422 Beige - Gorsenia Lingerie ,Gorsenia Lingerie,2,Biustonosz K422,Gorsenia,2,Biustonosz soft bez fiszbin Gorsenia K 422 Anya,Gorsenia,5
5902771173028, Biustonosz Soft Model Anya K422 Beige - Gorsenia Lingerie ,Gorsenia Lingerie,2,Biustonosz K422,Gorsenia,2,Biustonosz soft bez fiszbin Gorsenia K 422 Anya,Gorsenia,1
5902771173035, Biustonosz Soft Model Anya K422 Beige - Gorsenia Lingerie ,Gorsenia Lingerie,2,Biustonosz K422,Gorsenia,2,Biustonosz soft bez fiszbin Gorsenia K 422 Anya,Gorsenia,6
5902771173042, Biustonosz Soft Model Anya K422 Beige - Gorsenia Lingerie ,Gorsenia Lingerie,1,Biustonosz K422,Gorsenia,1,Biustonosz soft bez fiszbin Gorsenia K 422 Anya,Gorsenia,3
5902771173059, Biustonosz Soft Model Anya K422 Beige - Gorsenia Lingerie ,Gorsenia Lingerie,1,Biustonosz K422,Gorsenia,1,Biustonosz soft bez fiszbin Gorsenia K 422 Anya,Gorsenia,3
5902771173066, Biustonosz Soft Model Anya K422 Beige - Gorsenia Lingerie ,Gorsenia Lingerie,1,Biustonosz K422,Gorsenia,1,Biustonosz soft bez fiszbin Gorsenia K 422 Anya,Gorsenia,5
5902771173073, Biustonosz Soft Model Anya K422 Beige - Gorsenia Lingerie ,Gorsenia Lingerie,1,Biustonosz K422,Gorsenia,1,Biustonosz soft bez fiszbin Gorsenia K 422 Anya,Gorsenia,5
5902771173080, Biustonosz Soft Model Anya K422 Beige - Gorsenia Lingerie ,Gorsenia Lingerie,0,Biustonosz K422,Gorsenia,0,Biustonosz soft bez fiszbin Gorsenia K 422 Anya,Gorsenia,1
5902771173103, Biustonosz Soft Model Anya K422 Beige - Gorsenia Lingerie ,Gorsenia Lingerie,1,Biustonosz K422,Gorsenia,1,Biustonosz soft bez fiszbin Gorsenia K 422 Anya,Gorsenia,10
5902771173110, Biustonosz Soft Model Anya K422 Beige - Gorsenia Lingerie ,Gorsenia Lingerie,0,Biustonosz K422,Gorsenia,0,Biustonosz soft bez fiszbin Gorsenia K 422 Anya,Gorsenia,4
5902771173127, Biustonosz Soft Model Anya K422 Beige - Gorsenia Lingerie ,Gorsenia Lingerie,2,Biustonosz K422,Gorsenia,2,Biustonosz soft bez fiszbin Gorsenia K 422 Anya,Gorsenia,3
5902771173134, Biustonosz Soft Model Anya K422 Beige - Gorsenia Lingerie ,Gorsenia Lingerie,1,Biustonosz K422,Gorsenia,1,Biustonosz soft bez fiszbin Gorsenia K 422 Anya,Gorsenia,4
5902771173141, Biustonosz Soft Model Anya K422 Beige - Gorsenia Lingerie ,Gorsenia Lingerie,1,Biustonosz K422,Gorsenia,1,Biustonosz soft bez fiszbin Gorsenia K 422 Anya,Gorsenia,3
5902771173158, Biustonosz Soft Model Anya K422 Beige - Gorsenia Lingerie ,Gorsenia Lingerie,1,Biustonosz K422,Gorsenia,1,Biustonosz soft bez fiszbin Gorsenia K 422 Anya,Gorsenia,5
5902771173219, Biustonosz Soft Model Anya K422 Beige - Gorsenia Lingerie ,Gorsenia Lingerie,0,Biustonosz K422,Gorsenia,0,Biustonosz soft bez fiszbin Gorsenia K 422 Anya,Gorsenia,3
5902771173226, Biustonosz Soft Model Anya K422 Beige - Gorsenia Lingerie ,Gorsenia Lingerie,1,Biustonosz K422,Gorsenia,1,Biustonosz soft bez fiszbin Gorsenia K 422 Anya,Gorsenia,7
5902771173233, Biustonosz Soft Model Anya K422 Beige - Gorsenia Lingerie ,Gorsenia Lingerie,0,Biustonosz K422,Gorsenia,0,Biustonosz soft bez fiszbin Gorsenia K 422 Anya,Gorsenia,1
5902771173240, Biustonosz Soft Model Anya K422 Beige - Gorsenia Lingerie ,Gorsenia Lingerie,0,Biustonosz K422,Gorsenia,0,Biustonosz soft bez fiszbin Gorsenia K 422 Anya,Gorsenia,4
5902771173257, Biustonosz Soft Model Anya K422 Beige - Gorsenia Lingerie ,Gorsenia Lingerie,1,Biustonosz K422,Gorsenia,1,Biustonosz soft bez fiszbin Gorsenia K 422 Anya,Gorsenia,1
5902771173271, Biustonosz Soft Model Anya K422 Beige - Gorsenia Lingerie ,Gorsenia Lingerie,2,Biustonosz K422,Gorsenia,2,Biustonosz soft bez fiszbin Gorsenia K 422 Anya,Gorsenia,3
5902771173288, Biustonosz Soft Model Anya K422 Beige - Gorsenia Lingerie ,Gorsenia Lingerie,0,Biustonosz K422,Gorsenia,0,Biustonosz soft bez fiszbin Gorsenia K 422 Anya,Gorsenia,1
5902771173295, Biustonosz Soft Model Anya K422 Beige - Gorsenia Lingerie ,Gorsenia Lingerie,0,Biustonosz K422,Gorsenia,0,Biustonosz soft bez fiszbin Gorsenia K 422 Anya,Gorsenia,6
5902771173301, Biustonosz Soft Model Anya K422 Beige - Gorsenia Lingerie ,Gorsenia Lingerie,2,Biustonosz K422,Gorsenia,2,Biustonosz soft bez fiszbin Gorsenia K 422 Anya,Gorsenia,5
5902771173318, Biustonosz Soft Model Anya K422 Beige - Gorsenia Lingerie ,Gorsenia Lingerie,0,Biustonosz K422,Gorsenia,0,Biustonosz soft bez fiszbin Gorsenia K 422 Anya,Gorsenia,2
5902771173325, Biustonosz Soft Model Anya K422 Beige - Gorsenia Lingerie ,Gorsenia Lingerie,0,Biustonosz K422,Gorsenia,0,Biustonosz soft bez fiszbin Gorsenia K 422 Anya,Gorsenia,2
5902771173332, Biustonosz Soft Model Anya K422 Beige - Gorsenia Lingerie ,Gorsenia Lingerie,0,Biustonosz K422,Gorsenia,0,Biustonosz soft bez fiszbin Gorsenia K 422 Anya,Gorsenia,1
5902771173349, Biustonosz Soft Model Anya K422 Beige - Gorsenia Lingerie ,Gorsenia Lingerie,0,Biustonosz K422,Gorsenia,0,Biustonosz soft bez fiszbin Gorsenia K 422 Anya,Gorsenia,1
5902771173356, Biustonosz Soft Model Anya K422 Beige - Gorsenia Lingerie ,Gorsenia Lingerie,1,Biustonosz K422,Gorsenia,1,Biustonosz soft bez fiszbin Gorsenia K 422 Anya,Gorsenia,1
5902771173363, Biustonosz Soft Model Anya K422 Beige - Gorsenia Lingerie ,Gorsenia Lingerie,2,Biustonosz K422,Gorsenia,2,Biustonosz soft bez fiszbin Gorsenia K 422 Anya,Gorsenia,3
5902771173370, Biustonosz Soft Model Anya K422 Beige - Gorsenia Lingerie ,Gorsenia Lingerie,0,Biustonosz K422,Gorsenia,0,Biustonosz soft bez fiszbin Gorsenia K 422 Anya,Gorsenia,2
5902771173387, Biustonosz Soft Model Anya K422 Beige - Gorsenia Lingerie ,Gorsenia Lingerie,0,Biustonosz K422,Gorsenia,0,Biustonosz soft bez fiszbin Gorsenia K 422 Anya,Gorsenia,2
5902771173394, Biustonosz Soft Model Anya K422 Beige - Gorsenia Lingerie ,Gorsenia Lingerie,1,Biustonosz K422,Gorsenia,1,Biustonosz soft bez fiszbin Gorsenia K 422 Anya,Gorsenia,5
5902771173400, Biustonosz Soft Model Anya K422 Beige - Gorsenia Lingerie ,Gorsenia Lingerie,3,Biustonosz K422,Gorsenia,2,Biustonosz soft bez fiszbin Gorsenia K 422 Anya,Gorsenia,3
5902771173417, Biustonosz Soft Model Anya K422 Beige - Gorsenia Lingerie ,Gorsenia Lingerie,0,Biustonosz K422,Gorsenia,0,Biustonosz soft bez fiszbin Gorsenia K 422 Anya,Gorsenia,1
5902771173424, Biustonosz Soft Model Anya K422 Beige - Gorsenia Lingerie ,Gorsenia Lingerie,1,Biustonosz K422,Gorsenia,1,Biustonosz soft bez fiszbin Gorsenia K 422 Anya,Gorsenia,4
5902771173431, Biustonosz Soft Model Anya K422 Beige - Gorsenia Lingerie ,Gorsenia Lingerie,2,Biustonosz K422,Gorsenia,2,Biustonosz soft bez fiszbin Gorsenia K 422 Anya,Gorsenia,4
5902771173448, Biustonosz Soft Model Anya K422 Beige - Gorsenia Lingerie ,Gorsenia Lingerie,0,Biustonosz K422,Gorsenia,0,Biustonosz soft bez fiszbin Gorsenia K 422 Anya,Gorsenia,1
5902771173455, Biustonosz Soft Model Anya K422 Beige - Gorsenia Lingerie ,Gorsenia Lingerie,1,Biustonosz K422,Gorsenia,1,Biustonosz soft bez fiszbin Gorsenia K 422 Anya,Gorsenia,4
5902771173462, Biustonosz Soft Model Anya K422 Beige - Gorsenia Lingerie ,Gorsenia Lingerie,2,Biustonosz K422,Gorsenia,2,Biustonosz soft bez fiszbin Gorsenia K 422 Anya,Gorsenia,3
5902771173479, Biustonosz Soft Model Anya K422 Beige - Gorsenia Lingerie ,Gorsenia Lingerie,1,Biustonosz K422,Gorsenia,1,Biustonosz soft bez fiszbin Gorsenia K 422 Anya,Gorsenia,4
5902771173516, Biustonosz Soft Model Anya K422 Black - Gorsenia Lingerie ,Gorsenia Lingerie,0,Biustonosz K422,Gorsenia,0,Biustonosz soft bez fiszbin Gorsenia K 422 Anya,Gorsenia,2
5902771173523, Biustonosz Soft Model Anya K422 Black - Gorsenia Lingerie ,Gorsenia Lingerie,0,Biustonosz K422,Gorsenia,0,Biustonosz soft bez fiszbin Gorsenia K 422 Anya,Gorsenia,3
5902771173530, Biustonosz Soft Model Anya K422 Black - Gorsenia Lingerie ,Gorsenia Lingerie,1,Biustonosz K422,Gorsenia,1,Biustonosz soft bez fiszbin Gorsenia K 422 Anya,Gorsenia,1
5902771173547, Biustonosz Soft Model Anya K422 Black - Gorsenia Lingerie ,Gorsenia Lingerie,2,Biustonosz K422,Gorsenia,2,Biustonosz soft bez fiszbin Gorsenia K 422 Anya,Gorsenia,4
5902771173554, Biustonosz Soft Model Anya K422 Black - Gorsenia Lingerie ,Gorsenia Lingerie,1,Biustonosz K422,Gorsenia,1,Biustonosz soft bez fiszbin Gorsenia K 422 Anya,Gorsenia,4
5902771173561, Biustonosz Soft Model Anya K422 Black - Gorsenia Lingerie ,Gorsenia Lingerie,1,Biustonosz K422,Gorsenia,1,Biustonosz soft bez fiszbin Gorsenia K 422 Anya,Gorsenia,2
5902771173578, Biustonosz Soft Model Anya K422 Black - Gorsenia Lingerie ,Gorsenia Lingerie,3,Biustonosz K422,Gorsenia,3,Biustonosz soft bez fiszbin Gorsenia K 422 Anya,Gorsenia,3
5902771173585, Biustonosz Soft Model Anya K422 Black - Gorsenia Lingerie ,Gorsenia Lingerie,2,Biustonosz K422,Gorsenia,2,Biustonosz soft bez fiszbin Gorsenia K 422 Anya,Gorsenia,3
5902771173592, Biustonosz Soft Model Anya K422 Black - Gorsenia Lingerie ,Gorsenia Lingerie,3,Biustonosz K422,Gorsenia,3,Biustonosz soft bez fiszbin Gorsenia K 422 Anya,Gorsenia,2
5902771173608, Biustonosz Soft Model Anya K422 Black - Gorsenia Lingerie ,Gorsenia Lingerie,3,Biustonosz K422,Gorsenia,3,Biustonosz soft bez fiszbin Gorsenia K 422 Anya,Gorsenia,6
5902771173615, Biustonosz Soft Model Anya K422 Black - Gorsenia Lingerie ,Gorsenia Lingerie,3,Biustonosz K422,Gorsenia,3,Biustonosz soft bez fiszbin Gorsenia K 422 Anya,Gorsenia,3
5902771173622, Biustonosz Soft Model Anya K422 Black - Gorsenia Lingerie ,Gorsenia Lingerie,2,Biustonosz K422,Gorsenia,2,Biustonosz soft bez fiszbin Gorsenia K 422 Anya,Gorsenia,3
5902771173653, Biustonosz Soft Model Anya K422 Black - Gorsenia Lingerie ,Gorsenia Lingerie,2,Biustonosz K422,Gorsenia,2,Biustonosz soft bez fiszbin Gorsenia K 422 Anya,Gorsenia,3
5902771173660, Biustonosz Soft Model Anya K422 Black - Gorsenia Lingerie ,Gorsenia Lingerie,1,Biustonosz K422,Gorsenia,1,Biustonosz soft bez fiszbin Gorsenia K 422 Anya,Gorsenia,4
5902771173677, Biustonosz Soft Model Anya K422 Black - Gorsenia Lingerie ,Gorsenia Lingerie,2,Biustonosz K422,Gorsenia,2,Biustonosz soft bez fiszbin Gorsenia K 422 Anya,Gorsenia,3
5902771173684, Biustonosz Soft Model Anya K422 Black - Gorsenia Lingerie ,Gorsenia Lingerie,2,Biustonosz K422,Gorsenia,2,Biustonosz soft bez fiszbin Gorsenia K 422 Anya,Gorsenia,5
5902771173691, Biustonosz Soft Model Anya K422 Black - Gorsenia Lingerie ,Gorsenia Lingerie,2,Biustonosz K422,Gorsenia,2,Biustonosz soft bez fiszbin Gorsenia K 422 Anya,Gorsenia,5
5902771173707, Biustonosz Soft Model Anya K422 Black - Gorsenia Lingerie ,Gorsenia Lingerie,0,Biustonosz K422,Gorsenia,0,Biustonosz soft bez fiszbin Gorsenia K 422 Anya,Gorsenia,4
5902771173714, Biustonosz Soft Model Anya K422 Black - Gorsenia Lingerie ,Gorsenia Lingerie,0,Biustonosz K422,Gorsenia,0,Biustonosz soft bez fiszbin Gorsenia K 422 Anya,Gorsenia,3
5902771173769, Biustonosz Soft Model Anya K422 Black - Gorsenia Lingerie ,Gorsenia Lingerie,3,Biustonosz K422,Gorsenia,3,Biustonosz soft bez fiszbin Gorsenia K 422 Anya,Gorsenia,3
5902771173776, Biustonosz Soft Model Anya K422 Black - Gorsenia Lingerie ,Gorsenia Lingerie,3,Biustonosz K422,Gorsenia,3,Biustonosz soft bez fiszbin Gorsenia K 422 Anya,Gorsenia,7
5902771173783, Biustonosz Soft Model Anya K422 Black - Gorsenia Lingerie ,Gorsenia Lingerie,2,Biustonosz K422,Gorsenia,2,Biustonosz soft bez fiszbin Gorsenia K 422 Anya,Gorsenia,4
5902771173790, Biustonosz Soft Model Anya K422 Black - Gorsenia Lingerie ,Gorsenia Lingerie,2,Biustonosz K422,Gorsenia,2,Biustonosz soft bez fiszbin Gorsenia K 422 Anya,Gorsenia,4
5902771173806, Biustonosz Soft Model Anya K422 Black - Gorsenia Lingerie ,Gorsenia Lingerie,0,Biustonosz K422,Gorsenia,0,Biustonosz soft bez fiszbin Gorsenia K 422 Anya,Gorsenia,3
5902771173837, Biustonosz Soft Model Anya K422 Black - Gorsenia Lingerie ,Gorsenia Lingerie,2,Biustonosz K422,Gorsenia,2,Biustonosz soft bez fiszbin Gorsenia K 422 Anya,Gorsenia,4
5902771173844, Biustonosz Soft Model Anya K422 Black - Gorsenia Lingerie ,Gorsenia Lingerie,2,Biustonosz K422,Gorsenia,2,Biustonosz soft bez fiszbin Gorsenia K 422 Anya,Gorsenia,5
5902771173851, Biustonosz Soft Model Anya K422 Black - Gorsenia Lingerie ,Gorsenia Lingerie,2,Biustonosz K422,Gorsenia,2,Biustonosz soft bez fiszbin Gorsenia K 422 Anya,Gorsenia,1
5902771173868, Biustonosz Soft Model Anya K422 Black - Gorsenia Lingerie ,Gorsenia Lingerie,2,Biustonosz K422,Gorsenia,2,Biustonosz soft bez fiszbin Gorsenia K 422 Anya,Gorsenia,7
5902771173875, Biustonosz Soft Model Anya K422 Black - Gorsenia Lingerie ,Gorsenia Lingerie,1,Biustonosz K422,Gorsenia,1,Biustonosz soft bez fiszbin Gorsenia K 422 Anya,Gorsenia,5
5902771173882, Biustonosz Soft Model Anya K422 Black - Gorsenia Lingerie ,Gorsenia Lingerie,2,Biustonosz K422,Gorsenia,2,Biustonosz soft bez fiszbin Gorsenia K 422 Anya,Gorsenia,3
5902771173899, Biustonosz Soft Model Anya K422 Black - Gorsenia Lingerie ,Gorsenia Lingerie,2,Biustonosz K422,Gorsenia,2,Biustonosz soft bez fiszbin Gorsenia K 422 Anya,Gorsenia,2
5902771173912, Biustonosz Soft Model Anya K422 Black - Gorsenia Lingerie ,Gorsenia Lingerie,2,Biustonosz K422,Gorsenia,2,Biustonosz soft bez fiszbin Gorsenia K 422 Anya,Gorsenia,3
5902771173929, Biustonosz Soft Model Anya K422 Black - Gorsenia Lingerie ,Gorsenia Lingerie,2,Biustonosz K422,Gorsenia,2,Biustonosz soft bez fiszbin Gorsenia K 422 Anya,Gorsenia,6
5902771173936, Biustonosz Soft Model Anya K422 Black - Gorsenia Lingerie ,Gorsenia Lingerie,3,Biustonosz K422,Gorsenia,3,Biustonosz soft bez fiszbin Gorsenia K 422 Anya,Gorsenia,5
5902771173943, Biustonosz Soft Model Anya K422 Black - Gorsenia Lingerie ,Gorsenia Lingerie,3,Biustonosz K422,Gorsenia,3,Biustonosz soft bez fiszbin Gorsenia K 422 Anya,Gorsenia,6
5902771173950, Biustonosz Soft Model Anya K422 Black - Gorsenia Lingerie ,Gorsenia Lingerie,1,Biustonosz K422,Gorsenia,1,Biustonosz soft bez fiszbin Gorsenia K 422 Anya,Gorsenia,5
5902771173967, Biustonosz Soft Model Anya K422 Black - Gorsenia Lingerie ,Gorsenia Lingerie,1,Biustonosz K422,Gorsenia,1,Biustonosz soft bez fiszbin Gorsenia K 422 Anya,Gorsenia,4
5902771173974, Biustonosz Soft Model Anya K422 Black - Gorsenia Lingerie ,Gorsenia Lingerie,0,Biustonosz K422,Gorsenia,0,Biustonosz soft bez fiszbin Gorsenia K 422 Anya,Gorsenia,2
5902771173981, Biustonosz Soft Model Anya K422 Black - Gorsenia Lingerie ,Gorsenia Lingerie,1,Biustonosz K422,Gorsenia,1,Biustonosz soft bez fiszbin Gorsenia K 422 Anya,Gorsenia,4
5902771173998, Biustonosz Soft Model Anya K422 Black - Gorsenia Lingerie ,Gorsenia Lingerie,0,Biustonosz K422,Gorsenia,0,Biustonosz soft bez fiszbin Gorsenia K 422 Anya,Gorsenia,5
5902771174001, Biustonosz Soft Model Anya K422 Black - Gorsenia Lingerie ,Gorsenia Lingerie,1,Biustonosz K422,Gorsenia,1,Biustonosz soft bez fiszbin Gorsenia K 422 Anya,Gorsenia,6
5902771174018, Biustonosz Soft Model Anya K422 Black - Gorsenia Lingerie ,Gorsenia Lingerie,1,Biustonosz K422,Gorsenia,1,Biustonosz soft bez fiszbin Gorsenia K 422 Anya,Gorsenia,4
5902771174025, Biustonosz Soft Model Anya K422 Black - Gorsenia Lingerie ,Gorsenia Lingerie,1,Biustonosz K422,Gorsenia,1,Biustonosz soft bez fiszbin Gorsenia K 422 Anya,Gorsenia,5
5902771174049, Biustonosz Soft Model Anya K422 Black - Gorsenia Lingerie ,Gorsenia Lingerie,1,Biustonosz K422,Gorsenia,1,Biustonosz soft bez fiszbin Gorsenia K 422 Anya,Gorsenia,2
5902771174056, Biustonosz Soft Model Anya K422 Black - Gorsenia Lingerie ,Gorsenia Lingerie,1,Biustonosz K422,Gorsenia,1,Biustonosz soft bez fiszbin Gorsenia K 422 Anya,Gorsenia,4
5902771174063, Biustonosz Soft Model Anya K422 Black - Gorsenia Lingerie ,Gorsenia Lingerie,0,Biustonosz K422,Gorsenia,0,Biustonosz soft bez fiszbin Gorsenia K 422 Anya,Gorsenia,5
5902771174070, Biustonosz Soft Model Anya K422 Black - Gorsenia Lingerie ,Gorsenia Lingerie,0,Biustonosz K422,Gorsenia,0,Biustonosz soft bez fiszbin Gorsenia K 422 Anya,Gorsenia,5
5902771188664, Biustonosz Soft Model Luisse K441 Navy - Gorsenia Lingerie ,Gorsenia Lingerie,0,Biustonosz K441,Gorsenia,0,Biustonosz soft Gorsenia K 441 Luisse Granat,Gorsenia,1
5902771188688, Biustonosz Soft Model Luisse K441 Navy - Gorsenia Lingerie ,Gorsenia Lingerie,0,Biustonosz K441,Gorsenia,0,Biustonosz soft Gorsenia K 441 Luisse Granat,Gorsenia,1
5902771188701, Biustonosz Soft Model Luisse K441 Navy - Gorsenia Lingerie ,Gorsenia Lingerie,0,Biustonosz K441,Gorsenia,0,Biustonosz soft Gorsenia K 441 Luisse Granat,Gorsenia,2
5902771188756, Biustonosz Soft Model Luisse K441 Navy - Gorsenia Lingerie ,Gorsenia Lingerie,5,Biustonosz K441,Gorsenia,5,Biustonosz soft Gorsenia K 441 Luisse Granat,Gorsenia,1
5902771188763, Biustonosz Soft Model Luisse K441 Navy - Gorsenia Lingerie ,Gorsenia Lingerie,3,Biustonosz K441,Gorsenia,3,Biustonosz soft Gorsenia K 441 Luisse Granat,Gorsenia,1
5902771188855, Biustonosz Soft Model Luisse K441 Navy - Gorsenia Lingerie ,Gorsenia Lingerie,0,Biustonosz K441,Gorsenia,0,Biustonosz soft Gorsenia K 441 Luisse Granat,Gorsenia,2
5902771276064, Biustonosz Soft Model Paradise K496 Beige - Gorsenia Lingerie ,Gorsenia Lingerie,0,Biustonosz K496,Gorsenia,0,Biustonosz soft Gorsenia K 496 Paradise Beżowy,Gorsenia,2
5902771276071, Biustonosz Soft Model Paradise K496 Beige - Gorsenia Lingerie ,Gorsenia Lingerie,1,Biustonosz K496,Gorsenia,1,Biustonosz soft Gorsenia K 496 Paradise Beżowy,Gorsenia,3
5902771276248, Biustonosz Soft Model Paradise K496 Beige - Gorsenia Lingerie ,Gorsenia Lingerie,0,Biustonosz K496,Gorsenia,0,Biustonosz soft Gorsenia K 496 Paradise Beżowy,Gorsenia,5
5902771276316, Biustonosz Soft Model Paradise K496 Beige - Gorsenia Lingerie ,Gorsenia Lingerie,3,Biustonosz K496,Gorsenia,3,Biustonosz soft Gorsenia K 496 Paradise Beżowy,Gorsenia,3
5902771276323, Biustonosz Soft Model Paradise K496 Beige - Gorsenia Lingerie ,Gorsenia Lingerie,3,Biustonosz K496,Gorsenia,3,Biustonosz soft Gorsenia K 496 Paradise Beżowy,Gorsenia,2
5902771276347, Biustonosz Soft Model Paradise K496 Beige - Gorsenia Lingerie ,Gorsenia Lingerie,2,Biustonosz K496,Gorsenia,2,Biustonosz soft Gorsenia K 496 Paradise Beżowy,Gorsenia,4
5902771276415, Biustonosz Soft Model Paradise K496 Beige - Gorsenia Lingerie ,Gorsenia Lingerie,3,Biustonosz K496,Gorsenia,3,Biustonosz soft Gorsenia K 496 Paradise Beżowy,Gorsenia,3
5902771276422, Biustonosz Soft Model Paradise K496 Beige - Gorsenia Lingerie ,Gorsenia Lingerie,1,Biustonosz K496,Gorsenia,1,Biustonosz soft Gorsenia K 496 Paradise Beżowy,Gorsenia,3
5902771276439, Biustonosz Soft Model Paradise K496 Beige - Gorsenia Lingerie ,Gorsenia Lingerie,0,Biustonosz K496,Gorsenia,0,Biustonosz soft Gorsenia K 496 Paradise Beżowy,Gorsenia,4
5902771276521, Biustonosz Soft Model Paradise K496 Beige - Gorsenia Lingerie ,Gorsenia Lingerie,0,Biustonosz K496,Gorsenia,0,Biustonosz soft Gorsenia K 496 Paradise Beżowy,Gorsenia,7
5902771276545, Biustonosz Soft Model Paradise K496 Beige - Gorsenia Lingerie ,Gorsenia Lingerie,2,Biustonosz K496,Gorsenia,2,Biustonosz soft Gorsenia K 496 Paradise Beżowy,Gorsenia,1
5902771276576, Biustonosz Soft Model Paradise K496 Beige - Gorsenia Lingerie ,Gorsenia Lingerie,3,Biustonosz K496,Gorsenia,3,Biustonosz soft Gorsenia K 496 Paradise Beżowy,Gorsenia,2
5902771276583, Biustonosz Soft Model Paradise K496 Beige - Gorsenia Lingerie ,Gorsenia Lingerie,4,Biustonosz K496,Gorsenia,4,Biustonosz soft Gorsenia K 496 Paradise Beżowy,Gorsenia,4
5902771276606, Biustonosz Soft Model Paradise K496 Beige - Gorsenia Lingerie ,Gorsenia Lingerie,0,Biustonosz K496,Gorsenia,0,Biustonosz soft Gorsenia K 496 Paradise Beżowy,Gorsenia,1
5902771276613, Biustonosz Soft Model Paradise K496 Beige - Gorsenia Lingerie ,Gorsenia Lingerie,0,Biustonosz K496,Gorsenia,0,Biustonosz soft Gorsenia K 496 Paradise Beżowy,Gorsenia,1
5902771276620, Biustonosz Soft Model Paradise K496 Beige - Gorsenia Lingerie ,Gorsenia Lingerie,1,Biustonosz K496,Gorsenia,1,Biustonosz soft Gorsenia K 496 Paradise Beżowy,Gorsenia,3
5902771276637, Biustonosz Soft Model Paradise K496 Beige - Gorsenia Lingerie ,Gorsenia Lingerie,0,Biustonosz K496,Gorsenia,0,Biustonosz soft Gorsenia K 496 Paradise Beżowy,Gorsenia,4
5902771276644, Biustonosz Soft Model Paradise K496 Beige - Gorsenia Lingerie ,Gorsenia Lingerie,0,Biustonosz K496,Gorsenia,0,Biustonosz soft Gorsenia K 496 Paradise Beżowy,Gorsenia,3
5902771310362, Biustonosz Soft Model Paradise K496 White - Gorsenia Lingerie ,Gorsenia Lingerie,1,Biustonosz K496,Gorsenia,1,Biustonosz soft Gorsenia K 496 Paradise Biały,Gorsenia,3
5902771310720, Figi brazyliany Model Paradise K498/1 White - Gorsenia Lingerie ,Gorsenia Lingerie,2,Figi K498/1,Gorsenia,2,Figi Gorsenia K 498/1 Paradise Brazyliany Biały M-2XL,Gorsenia,3
5902771310737, Figi brazyliany Model Paradise K498/1 White - Gorsenia Lingerie ,Gorsenia Lingerie,1,Figi K498/1,Gorsenia,1,Figi Gorsenia K 498/1 Paradise Brazyliany Biały M-2XL,Gorsenia,9
5902771327438, Biustonosz Soft Model Yoko K810 Black - Gorsenia Lingerie ,Gorsenia Lingerie,0,Biustonosz K810,Gorsenia,0,Biustonosz soft Gorsenia K 810 Yoko,Gorsenia,3
5902771327445, Biustonosz Soft Model Yoko K810 Black - Gorsenia Lingerie ,Gorsenia Lingerie,0,Biustonosz K810,Gorsenia,0,Biustonosz soft Gorsenia K 810 Yoko,Gorsenia,2
5902771327452, Biustonosz Soft Model Yoko K810 Black - Gorsenia Lingerie ,Gorsenia Lingerie,0,Biustonosz K810,Gorsenia,0,Biustonosz soft Gorsenia K 810 Yoko,Gorsenia,3
5902771327476, Biustonosz Soft Model Yoko K810 Black - Gorsenia Lingerie ,Gorsenia Lingerie,0,Biustonosz K810,Gorsenia,0,Biustonosz soft Gorsenia K 810 Yoko,Gorsenia,2
5902771327483, Biustonosz Soft Model Yoko K810 Black - Gorsenia Lingerie ,Gorsenia Lingerie,0,Biustonosz K810,Gorsenia,0,Biustonosz soft Gorsenia K 810 Yoko,Gorsenia,2
5902771327520, Biustonosz Soft Model Yoko K810 Black - Gorsenia Lingerie ,Gorsenia Lingerie,0,Biustonosz K810,Gorsenia,0,Biustonosz soft Gorsenia K 810 Yoko,Gorsenia,4
5902771327537, Biustonosz Soft Model Yoko K810 Black - Gorsenia Lingerie ,Gorsenia Lingerie,0,Biustonosz K810,Gorsenia,0,Biustonosz soft Gorsenia K 810 Yoko,Gorsenia,6
5902771327544, Biustonosz Soft Model Yoko K810 Black - Gorsenia Lingerie ,Gorsenia Lingerie,0,Biustonosz K810,Gorsenia,0,Biustonosz soft Gorsenia K 810 Yoko,Gorsenia,5
5902771327551, Biustonosz Soft Model Yoko K810 Black - Gorsenia Lingerie ,Gorsenia Lingerie,0,Biustonosz K810,Gorsenia,0,Biustonosz soft Gorsenia K 810 Yoko,Gorsenia,7
5902771327568, Biustonosz Soft Model Yoko K810 Black - Gorsenia Lingerie ,Gorsenia Lingerie,0,Biustonosz K810,Gorsenia,0,Biustonosz soft Gorsenia K 810 Yoko,Gorsenia,6
5902771327575, Biustonosz Soft Model Yoko K810 Black - Gorsenia Lingerie ,Gorsenia Lingerie,0,Biustonosz K810,Gorsenia,0,Biustonosz soft Gorsenia K 810 Yoko,Gorsenia,2
5902771327582, Biustonosz Soft Model Yoko K810 Black - Gorsenia Lingerie ,Gorsenia Lingerie,0,Biustonosz K810,Gorsenia,0,Biustonosz soft Gorsenia K 810 Yoko,Gorsenia,1
5902771327599, Biustonosz Soft Model Yoko K810 Black - Gorsenia Lingerie ,Gorsenia Lingerie,0,Biustonosz K810,Gorsenia,0,Biustonosz soft Gorsenia K 810 Yoko,Gorsenia,1
5902771327636, Biustonosz Soft Model Yoko K810 Black - Gorsenia Lingerie ,Gorsenia Lingerie,0,Biustonosz K810,Gorsenia,0,Biustonosz soft Gorsenia K 810 Yoko,Gorsenia,6
5902771327643, Biustonosz Soft Model Yoko K810 Black - Gorsenia Lingerie ,Gorsenia Lingerie,0,Biustonosz K810,Gorsenia,0,Biustonosz soft Gorsenia K 810 Yoko,Gorsenia,4
5902771327650, Biustonosz Soft Model Yoko K810 Black - Gorsenia Lingerie ,Gorsenia Lingerie,0,Biustonosz K810,Gorsenia,0,Biustonosz soft Gorsenia K 810 Yoko,Gorsenia,10
5902771327667, Biustonosz Soft Model Yoko K810 Black - Gorsenia Lingerie ,Gorsenia Lingerie,0,Biustonosz K810,Gorsenia,0,Biustonosz soft Gorsenia K 810 Yoko,Gorsenia,3
5902771327674, Biustonosz Soft Model Yoko K810 Black - Gorsenia Lingerie ,Gorsenia Lingerie,0,Biustonosz K810,Gorsenia,0,Biustonosz soft Gorsenia K 810 Yoko,Gorsenia,8
5902771327681, Biustonosz Soft Model Yoko K810 Black - Gorsenia Lingerie ,Gorsenia Lingerie,0,Biustonosz K810,Gorsenia,0,Biustonosz soft Gorsenia K 810 Yoko,Gorsenia,8
5902771327698, Biustonosz Soft Model Yoko K810 Black - Gorsenia Lingerie ,Gorsenia Lingerie,0,Biustonosz K810,Gorsenia,0,Biustonosz soft Gorsenia K 810 Yoko,Gorsenia,4
5902771327704, Biustonosz Soft Model Yoko K810 Black - Gorsenia Lingerie ,Gorsenia Lingerie,0,Biustonosz K810,Gorsenia,0,Biustonosz soft Gorsenia K 810 Yoko,Gorsenia,4
5902771327711, Biustonosz Soft Model Yoko K810 Black - Gorsenia Lingerie ,Gorsenia Lingerie,0,Biustonosz K810,Gorsenia,0,Biustonosz soft Gorsenia K 810 Yoko,Gorsenia,2
5902771327742, Biustonosz Soft Model Yoko K810 Black - Gorsenia Lingerie ,Gorsenia Lingerie,0,Biustonosz K810,Gorsenia,0,Biustonosz soft Gorsenia K 810 Yoko,Gorsenia,5
5902771327759, Biustonosz Soft Model Yoko K810 Black - Gorsenia Lingerie ,Gorsenia Lingerie,0,Biustonosz K810,Gorsenia,0,Biustonosz soft Gorsenia K 810 Yoko,Gorsenia,6
5902771327766, Biustonosz Soft Model Yoko K810 Black - Gorsenia Lingerie ,Gorsenia Lingerie,0,Biustonosz K810,Gorsenia,0,Biustonosz soft Gorsenia K 810 Yoko,Gorsenia,9
5902771327773, Biustonosz Soft Model Yoko K810 Black - Gorsenia Lingerie ,Gorsenia Lingerie,0,Biustonosz K810,Gorsenia,0,Biustonosz soft Gorsenia K 810 Yoko,Gorsenia,12
5902771327797, Biustonosz Soft Model Yoko K810 Black - Gorsenia Lingerie ,Gorsenia Lingerie,0,Biustonosz K810,Gorsenia,0,Biustonosz soft Gorsenia K 810 Yoko,Gorsenia,8
5902771327803, Biustonosz Soft Model Yoko K810 Black - Gorsenia Lingerie ,Gorsenia Lingerie,0,Biustonosz K810,Gorsenia,0,Biustonosz soft Gorsenia K 810 Yoko,Gorsenia,8
5902771327810, Biustonosz Soft Model Yoko K810 Black - Gorsenia Lingerie ,Gorsenia Lingerie,0,Biustonosz K810,Gorsenia,0,Biustonosz soft Gorsenia K 810 Yoko,Gorsenia,5
5902771327827, Biustonosz Soft Model Yoko K810 Black - Gorsenia Lingerie ,Gorsenia Lingerie,0,Biustonosz K810,Gorsenia,0,Biustonosz soft Gorsenia K 810 Yoko,Gorsenia,4
5902771327865, Biustonosz Soft Model Yoko K810 Black - Gorsenia Lingerie ,Gorsenia Lingerie,0,Biustonosz K810,Gorsenia,0,Biustonosz soft Gorsenia K 810 Yoko,Gorsenia,3
5902771327872, Biustonosz Soft Model Yoko K810 Black - Gorsenia Lingerie ,Gorsenia Lingerie,0,Biustonosz K810,Gorsenia,0,Biustonosz soft Gorsenia K 810 Yoko,Gorsenia,4
5902771327889, Biustonosz Soft Model Yoko K810 Black - Gorsenia Lingerie ,Gorsenia Lingerie,0,Biustonosz K810,Gorsenia,0,Biustonosz soft Gorsenia K 810 Yoko,Gorsenia,6
5902771327896, Biustonosz Soft Model Yoko K810 Black - Gorsenia Lingerie ,Gorsenia Lingerie,0,Biustonosz K810,Gorsenia,0,Biustonosz soft Gorsenia K 810 Yoko,Gorsenia,7
5902771327902, Biustonosz Soft Model Yoko K810 Black - Gorsenia Lingerie ,Gorsenia Lingerie,0,Biustonosz K810,Gorsenia,0,Biustonosz soft Gorsenia K 810 Yoko,Gorsenia,9
5902771327919, Biustonosz Soft Model Yoko K810 Black - Gorsenia Lingerie ,Gorsenia Lingerie,0,Biustonosz K810,Gorsenia,0,Biustonosz soft Gorsenia K 810 Yoko,Gorsenia,5
5902771327926, Biustonosz Soft Model Yoko K810 Black - Gorsenia Lingerie ,Gorsenia Lingerie,0,Biustonosz K810,Gorsenia,0,Biustonosz soft Gorsenia K 810 Yoko,Gorsenia,6
5902771327933, Biustonosz Soft Model Yoko K810 Black - Gorsenia Lingerie ,Gorsenia Lingerie,0,Biustonosz K810,Gorsenia,0,Biustonosz soft Gorsenia K 810 Yoko,Gorsenia,4
5902771327988, Biustonosz Soft Model Yoko K810 Black - Gorsenia Lingerie ,Gorsenia Lingerie,0,Biustonosz K810,Gorsenia,0,Biustonosz soft Gorsenia K 810 Yoko,Gorsenia,6
5902771327995, Biustonosz Soft Model Yoko K810 Black - Gorsenia Lingerie ,Gorsenia Lingerie,0,Biustonosz K810,Gorsenia,0,Biustonosz soft Gorsenia K 810 Yoko,Gorsenia,5
5902771328008, Biustonosz Soft Model Yoko K810 Black - Gorsenia Lingerie ,Gorsenia Lingerie,0,Biustonosz K810,Gorsenia,0,Biustonosz soft Gorsenia K 810 Yoko,Gorsenia,8
5902771328015, Biustonosz Soft Model Yoko K810 Black - Gorsenia Lingerie ,Gorsenia Lingerie,0,Biustonosz K810,Gorsenia,0,Biustonosz soft Gorsenia K 810 Yoko,Gorsenia,4
5902771328022, Biustonosz Soft Model Yoko K810 Black - Gorsenia Lingerie ,Gorsenia Lingerie,0,Biustonosz K810,Gorsenia,0,Biustonosz soft Gorsenia K 810 Yoko,Gorsenia,4
5902771328039, Biustonosz Soft Model Yoko K810 Black - Gorsenia Lingerie ,Gorsenia Lingerie,0,Biustonosz K810,Gorsenia,0,Biustonosz soft Gorsenia K 810 Yoko,Gorsenia,5
5902771328046, Biustonosz Soft Model Yoko K810 Black - Gorsenia Lingerie ,Gorsenia Lingerie,0,Biustonosz K810,Gorsenia,0,Biustonosz soft Gorsenia K 810 Yoko,Gorsenia,2
5902771328053, Biustonosz Soft Model Yoko K810 Black - Gorsenia Lingerie ,Gorsenia Lingerie,0,Biustonosz K810,Gorsenia,0,Biustonosz soft Gorsenia K 810 Yoko,Gorsenia,3
5902771328077, Biustonosz Soft Model Yoko K810 Black - Gorsenia Lingerie ,Gorsenia Lingerie,0,Biustonosz K810,Gorsenia,0,Biustonosz soft Gorsenia K 810 Yoko,Gorsenia,3
5902771328084, Biustonosz Soft Model Yoko K810 Black - Gorsenia Lingerie ,Gorsenia Lingerie,0,Biustonosz K810,Gorsenia,0,Biustonosz soft Gorsenia K 810 Yoko,Gorsenia,2
5902771328213, Biustonosz Soft Model Vicky K564 Beige - Gorsenia Lingerie ,Gorsenia Lingerie,0,Biustonosz K564,Gorsenia,0,Biustonosz soft Gorsenia K 564 Vicky,Gorsenia,3
5902771328237, Biustonosz Soft Model Vicky K564 Beige - Gorsenia Lingerie ,Gorsenia Lingerie,0,Biustonosz K564,Gorsenia,0,Biustonosz soft Gorsenia K 564 Vicky,Gorsenia,1
5902771328244, Biustonosz Soft Model Vicky K564 Beige - Gorsenia Lingerie ,Gorsenia Lingerie,0,Biustonosz K564,Gorsenia,0,Biustonosz soft Gorsenia K 564 Vicky,Gorsenia,3
5902771328299, Biustonosz Soft Model Vicky K564 Beige - Gorsenia Lingerie ,Gorsenia Lingerie,0,Biustonosz K564,Gorsenia,0,Biustonosz soft Gorsenia K 564 Vicky,Gorsenia,2
5902771328305, Biustonosz Soft Model Vicky K564 Beige - Gorsenia Lingerie ,Gorsenia Lingerie,0,Biustonosz K564,Gorsenia,0,Biustonosz soft Gorsenia K 564 Vicky,Gorsenia,3
5902771328312, Biustonosz Soft Model Vicky K564 Beige - Gorsenia Lingerie ,Gorsenia Lingerie,0,Biustonosz K564,Gorsenia,0,Biustonosz soft Gorsenia K 564 Vicky,Gorsenia,4
5902771328329, Biustonosz Soft Model Vicky K564 Beige - Gorsenia Lingerie ,Gorsenia Lingerie,0,Biustonosz K564,Gorsenia,0,Biustonosz soft Gorsenia K 564 Vicky,Gorsenia,7
5902771328336, Biustonosz Soft Model Vicky K564 Beige - Gorsenia Lingerie ,Gorsenia Lingerie,0,Biustonosz K564,Gorsenia,0,Biustonosz soft Gorsenia K 564 Vicky,Gorsenia,4
5902771328381, Biustonosz Soft Model Vicky K564 Beige - Gorsenia Lingerie ,Gorsenia Lingerie,0,Biustonosz K564,Gorsenia,0,Biustonosz soft Gorsenia K 564 Vicky,Gorsenia,6
5902771328398, Biustonosz Soft Model Vicky K564 Beige - Gorsenia Lingerie ,Gorsenia Lingerie,0,Biustonosz K564,Gorsenia,0,Biustonosz soft Gorsenia K 564 Vicky,Gorsenia,10
5902771328404, Biustonosz Soft Model Vicky K564 Beige - Gorsenia Lingerie ,Gorsenia Lingerie,0,Biustonosz K564,Gorsenia,0,Biustonosz soft Gorsenia K 564 Vicky,Gorsenia,1
5902771328428, Biustonosz Soft Model Vicky K564 Beige - Gorsenia Lingerie ,Gorsenia Lingerie,0,Biustonosz K564,Gorsenia,0,Biustonosz soft Gorsenia K 564 Vicky,Gorsenia,1
5902771328442, Biustonosz Soft Model Vicky K564 Beige - Gorsenia Lingerie ,Gorsenia Lingerie,0,Biustonosz K564,Gorsenia,0,Biustonosz soft Gorsenia K 564 Vicky,Gorsenia,1
5902771328459, Biustonosz Soft Model Vicky K564 Beige - Gorsenia Lingerie ,Gorsenia Lingerie,1,Biustonosz K564,Gorsenia,1,Biustonosz soft Gorsenia K 564 Vicky,Gorsenia,1
5902771328480, Biustonosz Soft Model Vicky K564 Beige - Gorsenia Lingerie ,Gorsenia Lingerie,1,Biustonosz K564,Gorsenia,1,Biustonosz soft Gorsenia K 564 Vicky,Gorsenia,4
5902771328497, Biustonosz Soft Model Vicky K564 Beige - Gorsenia Lingerie ,Gorsenia Lingerie,0,Biustonosz K564,Gorsenia,0,Biustonosz soft Gorsenia K 564 Vicky,Gorsenia,9
5902771328503, Biustonosz Soft Model Vicky K564 Beige - Gorsenia Lingerie ,Gorsenia Lingerie,0,Biustonosz K564,Gorsenia,0,Biustonosz soft Gorsenia K 564 Vicky,Gorsenia,3
5902771328510, Biustonosz Soft Model Vicky K564 Beige - Gorsenia Lingerie ,Gorsenia Lingerie,0,Biustonosz K564,Gorsenia,0,Biustonosz soft Gorsenia K 564 Vicky,Gorsenia,2
5902771328541, Biustonosz Soft Model Vicky K564 Beige - Gorsenia Lingerie ,Gorsenia Lingerie,0,Biustonosz K564,Gorsenia,0,Biustonosz soft Gorsenia K 564 Vicky,Gorsenia,1
5902771328558, Biustonosz Soft Model Vicky K564 Beige - Gorsenia Lingerie ,Gorsenia Lingerie,1,Biustonosz K564,Gorsenia,0,Biustonosz soft Gorsenia K 564 Vicky,Gorsenia,13
5902771328565, Biustonosz Soft Model Vicky K564 Beige - Gorsenia Lingerie ,Gorsenia Lingerie,0,Biustonosz K564,Gorsenia,0,Biustonosz soft Gorsenia K 564 Vicky,Gorsenia,4
5902771328596, Biustonosz Soft Model Vicky K564 Beige - Gorsenia Lingerie ,Gorsenia Lingerie,3,Biustonosz K564,Gorsenia,3,Biustonosz soft Gorsenia K 564 Vicky,Gorsenia,2
5902771328602, Biustonosz Soft Model Vicky K564 Beige - Gorsenia Lingerie ,Gorsenia Lingerie,0,Biustonosz K564,Gorsenia,0,Biustonosz soft Gorsenia K 564 Vicky,Gorsenia,3
5902771328619, Biustonosz Soft Model Vicky K564 Beige - Gorsenia Lingerie ,Gorsenia Lingerie,0,Biustonosz K564,Gorsenia,0,Biustonosz soft Gorsenia K 564 Vicky,Gorsenia,6
5902771328626, Biustonosz Soft Model Vicky K564 Beige - Gorsenia Lingerie ,Gorsenia Lingerie,0,Biustonosz K564,Gorsenia,0,Biustonosz soft Gorsenia K 564 Vicky,Gorsenia,1
5902771328633, Biustonosz Soft Model Vicky K564 Beige - Gorsenia Lingerie ,Gorsenia Lingerie,0,Biustonosz K564,Gorsenia,0,Biustonosz soft Gorsenia K 564 Vicky,Gorsenia,1
5902771328640, Biustonosz Soft Model Vicky K564 Beige - Gorsenia Lingerie ,Gorsenia Lingerie,0,Biustonosz K564,Gorsenia,0,Biustonosz soft Gorsenia K 564 Vicky,Gorsenia,1
5902771328657, Biustonosz Soft Model Vicky K564 Beige - Gorsenia Lingerie ,Gorsenia Lingerie,0,Biustonosz K564,Gorsenia,0,Biustonosz soft Gorsenia K 564 Vicky,Gorsenia,10
5902771328664, Biustonosz Soft Model Vicky K564 Beige - Gorsenia Lingerie ,Gorsenia Lingerie,2,Biustonosz K564,Gorsenia,2,Biustonosz soft Gorsenia K 564 Vicky,Gorsenia,10
5902771328671, Biustonosz Soft Model Vicky K564 Beige - Gorsenia Lingerie ,Gorsenia Lingerie,0,Biustonosz K564,Gorsenia,0,Biustonosz soft Gorsenia K 564 Vicky,Gorsenia,5
5902771328695, Biustonosz Soft Model Vicky K564 Beige - Gorsenia Lingerie ,Gorsenia Lingerie,0,Biustonosz K564,Gorsenia,0,Biustonosz soft Gorsenia K 564 Vicky,Gorsenia,10
5902771328718, Biustonosz Soft Model Vicky K564 Beige - Gorsenia Lingerie ,Gorsenia Lingerie,0,Biustonosz K564,Gorsenia,0,Biustonosz soft Gorsenia K 564 Vicky,Gorsenia,4
5902771328725, Biustonosz Soft Model Vicky K564 Beige - Gorsenia Lingerie ,Gorsenia Lingerie,2,Biustonosz K564,Gorsenia,2,Biustonosz soft Gorsenia K 564 Vicky,Gorsenia,5
5902771328732, Biustonosz Soft Model Vicky K564 Beige - Gorsenia Lingerie ,Gorsenia Lingerie,2,Biustonosz K564,Gorsenia,2,Biustonosz soft Gorsenia K 564 Vicky,Gorsenia,13
5902771328749, Biustonosz Soft Model Vicky K564 Beige - Gorsenia Lingerie ,Gorsenia Lingerie,1,Biustonosz K564,Gorsenia,1,Biustonosz soft Gorsenia K 564 Vicky,Gorsenia,9
5902771328756, Biustonosz Soft Model Vicky K564 Beige - Gorsenia Lingerie ,Gorsenia Lingerie,2,Biustonosz K564,Gorsenia,2,Biustonosz soft Gorsenia K 564 Vicky,Gorsenia,14
5902771328763, Biustonosz Soft Model Vicky K564 Beige - Gorsenia Lingerie ,Gorsenia Lingerie,2,Biustonosz K564,Gorsenia,2,Biustonosz soft Gorsenia K 564 Vicky,Gorsenia,6
5902771328787, Biustonosz Soft Model Vicky K564 Beige - Gorsenia Lingerie ,Gorsenia Lingerie,1,Biustonosz K564,Gorsenia,1,Biustonosz soft Gorsenia K 564 Vicky,Gorsenia,10
5902771328794, Biustonosz Soft Model Vicky K564 Beige - Gorsenia Lingerie ,Gorsenia Lingerie,0,Biustonosz K564,Gorsenia,0,Biustonosz soft Gorsenia K 564 Vicky,Gorsenia,10
5902771328800, Biustonosz Soft Model Vicky K564 Beige - Gorsenia Lingerie ,Gorsenia Lingerie,0,Biustonosz K564,Gorsenia,0,Biustonosz soft Gorsenia K 564 Vicky,Gorsenia,1
5902771328824, Biustonosz Soft Model Vicky K564 Beige - Gorsenia Lingerie ,Gorsenia Lingerie,0,Biustonosz K564,Gorsenia,0,Biustonosz soft Gorsenia K 564 Vicky,Gorsenia,16
5902771328831, Biustonosz Soft Model Vicky K564 Beige - Gorsenia Lingerie ,Gorsenia Lingerie,2,Biustonosz K564,Gorsenia,2,Biustonosz soft Gorsenia K 564 Vicky,Gorsenia,9
5902771328848, Biustonosz Soft Model Vicky K564 Beige - Gorsenia Lingerie ,Gorsenia Lingerie,1,Biustonosz K564,Gorsenia,1,Biustonosz soft Gorsenia K 564 Vicky,Gorsenia,11
5902771328862, Biustonosz Soft Model Vicky K564 Beige - Gorsenia Lingerie ,Gorsenia Lingerie,2,Biustonosz K564,Gorsenia,2,Biustonosz soft Gorsenia K 564 Vicky,Gorsenia,11
5902771328879, Biustonosz Soft Model Vicky K564 Beige - Gorsenia Lingerie ,Gorsenia Lingerie,0,Biustonosz K564,Gorsenia,0,Biustonosz soft Gorsenia K 564 Vicky,Gorsenia,10
5902771328886, Biustonosz Soft Model Vicky K564 Beige - Gorsenia Lingerie ,Gorsenia Lingerie,1,Biustonosz K564,Gorsenia,1,Biustonosz soft Gorsenia K 564 Vicky,Gorsenia,11
5902771328893, Biustonosz Soft Model Vicky K564 Beige - Gorsenia Lingerie ,Gorsenia Lingerie,0,Biustonosz K564,Gorsenia,0,Biustonosz soft Gorsenia K 564 Vicky,Gorsenia,8
5902771362231, Biustonosz Soft Model Lollipop K846 Pink - Gorsenia Lingerie ,Gorsenia Lingerie,0,Biustonosz K846 RÓŻ,Gorsenia,0,Biustonosz soft Gorsenia K 846 Lollipop,Gorsenia,1
5902771362422, Biustonosz Soft Model Lollipop K846 Pink - Gorsenia Lingerie ,Gorsenia Lingerie,0,Biustonosz K846 RÓŻ,Gorsenia,0,Biustonosz soft Gorsenia K 846 Lollipop,Gorsenia,2
5902771362965, Figi brazyliany Model Paradise K498 Amarant - Gorsenia Lingerie ,Gorsenia Lingerie,1,Figi K498/1 AMA,Gorsenia,1,Figi Gorsenia K 498/1 Paradise Brazyliany S-2XL,Gorsenia,5
5902771378867, Biustonosz Soft Model Yoko 810 Beige - Gorsenia Lingerie ,Gorsenia Lingerie,1,Biustonosz K810 BEŻ,Gorsenia,1,Biustonosz soft Gorsenia K 810 Yoko,Gorsenia,5
5902771378959, Biustonosz Soft Model Yoko 810 Beige - Gorsenia Lingerie ,Gorsenia Lingerie,2,Biustonosz K810 BEŻ,Gorsenia,2,Biustonosz soft Gorsenia K 810 Yoko,Gorsenia,4
5902771378973, Biustonosz Soft Model Yoko 810 Beige - Gorsenia Lingerie ,Gorsenia Lingerie,1,Biustonosz K810 BEŻ,Gorsenia,1,Biustonosz soft Gorsenia K 810 Yoko,Gorsenia,7
5902771379000, Biustonosz Soft Model Yoko 810 Beige - Gorsenia Lingerie ,Gorsenia Lingerie,1,Biustonosz K810 BEŻ,Gorsenia,1,Biustonosz soft Gorsenia K 810 Yoko,Gorsenia,1
5902771379017, Biustonosz Soft Model Yoko 810 Beige - Gorsenia Lingerie ,Gorsenia Lingerie,2,Biustonosz K810 BEŻ,Gorsenia,2,Biustonosz soft Gorsenia K 810 Yoko,Gorsenia,1
5902771379062, Biustonosz Soft Model Yoko 810 Beige - Gorsenia Lingerie ,Gorsenia Lingerie,2,Biustonosz K810 BEŻ,Gorsenia,2,Biustonosz soft Gorsenia K 810 Yoko,Gorsenia,1
5902771379093, Biustonosz Soft Model Yoko 810 Beige - Gorsenia Lingerie ,Gorsenia Lingerie,0,Biustonosz K810 BEŻ,Gorsenia,0,Biustonosz soft Gorsenia K 810 Yoko,Gorsenia,4
5902771379109, Biustonosz Soft Model Yoko 810 Beige - Gorsenia Lingerie ,Gorsenia Lingerie,2,Biustonosz K810 BEŻ,Gorsenia,2,Biustonosz soft Gorsenia K 810 Yoko,Gorsenia,1
5902771379130, Biustonosz Soft Model Yoko 810 Beige - Gorsenia Lingerie ,Gorsenia Lingerie,1,Biustonosz K810 BEŻ,Gorsenia,1,Biustonosz soft Gorsenia K 810 Yoko,Gorsenia,7
5902771379161, Biustonosz Soft Model Yoko 810 Beige - Gorsenia Lingerie ,Gorsenia Lingerie,4,Biustonosz K810 BEŻ,Gorsenia,4,Biustonosz soft Gorsenia K 810 Yoko,Gorsenia,5
5902771379222, Biustonosz Soft Model Yoko 810 Beige - Gorsenia Lingerie ,Gorsenia Lingerie,0,Biustonosz K810 BEŻ,Gorsenia,0,Biustonosz soft Gorsenia K 810 Yoko,Gorsenia,8
5902771379239, Biustonosz Soft Model Yoko 810 Beige - Gorsenia Lingerie ,Gorsenia Lingerie,2,Biustonosz K810 BEŻ,Gorsenia,2,Biustonosz soft Gorsenia K 810 Yoko,Gorsenia,1
5902771379246, Biustonosz Soft Model Yoko 810 Beige - Gorsenia Lingerie ,Gorsenia Lingerie,3,Biustonosz K810 BEŻ,Gorsenia,3,Biustonosz soft Gorsenia K 810 Yoko,Gorsenia,4
5902771379307, Biustonosz Soft Model Yoko 810 Beige - Gorsenia Lingerie ,Gorsenia Lingerie,1,Biustonosz K810 BEŻ,Gorsenia,1,Biustonosz soft Gorsenia K 810 Yoko,Gorsenia,5
5902771379567, Figi Model Yoko 811/1 Beige - Gorsenia Lingerie ,Gorsenia Lingerie,2,Figi K811/1 BEŻ,Gorsenia,2,Figi Gorsenia K 811/1 Yoko M-3XL,Gorsenia,2
5902771379581, Figi Brazyliany Model Yoko K812 Beige - Gorsenia Lingerie ,Gorsenia Lingerie,1,Figi K812/1 BEŻ,Gorsenia,1,Figi Gorsenia K 812/1 Yoko Brazyliany S-2XL,Gorsenia,2
5902771379604, Figi Brazyliany Model Yoko K812 Beige - Gorsenia Lingerie ,Gorsenia Lingerie,0,Figi K812/1 BEŻ,Gorsenia,0,Figi Gorsenia K 812/1 Yoko Brazyliany S-2XL,Gorsenia,5
5902771380907, Biustonosz Soft Model Luisse K441/1 Black - Gorsenia Lingerie ,Gorsenia Lingerie,1,Biustonosz K441/1 CZA,Gorsenia,1,Biustonosz soft Gorsenia K 441/1 Luisse,Gorsenia,2
5902771380952, Biustonosz Soft Model Luisse K441/1 Black - Gorsenia Lingerie ,Gorsenia Lingerie,2,Biustonosz K441/1 CZA,Gorsenia,2,Biustonosz soft Gorsenia K 441/1 Luisse,Gorsenia,3
5902771380990, Biustonosz Soft Model Luisse K441/1 Black - Gorsenia Lingerie ,Gorsenia Lingerie,2,Biustonosz K441/1 CZA,Gorsenia,2,Biustonosz soft Gorsenia K 441/1 Luisse,Gorsenia,2
5902771381058, Biustonosz Soft Model Luisse K441/1 Black - Gorsenia Lingerie ,Gorsenia Lingerie,2,Biustonosz K441/1 CZA,Gorsenia,2,Biustonosz soft Gorsenia K 441/1 Luisse,Gorsenia,7
5902771381096, Biustonosz Soft Model Luisse K441/1 Black - Gorsenia Lingerie ,Gorsenia Lingerie,5,Biustonosz K441/1 CZA,Gorsenia,5,Biustonosz soft Gorsenia K 441/1 Luisse,Gorsenia,3
5902771381133, Biustonosz Soft Model Luisse K441/1 Black - Gorsenia Lingerie ,Gorsenia Lingerie,0,Biustonosz K441/1 CZA,Gorsenia,0,Biustonosz soft Gorsenia K 441/1 Luisse,Gorsenia,11
5902771381164, Biustonosz Soft Model Luisse K441/1 Black - Gorsenia Lingerie ,Gorsenia Lingerie,3,Biustonosz K441/1 CZA,Gorsenia,3,Biustonosz soft Gorsenia K 441/1 Luisse,Gorsenia,8
5902771381348, Biustonosz Soft Model Luisse K441/1 Black - Gorsenia Lingerie ,Gorsenia Lingerie,3,Biustonosz K441/1 CZA,Gorsenia,3,Biustonosz soft Gorsenia K 441/1 Luisse,Gorsenia,9
5902771381362, Biustonosz Soft Model Luisse K441/1 Black - Gorsenia Lingerie ,Gorsenia Lingerie,2,Biustonosz K441/1 CZA,Gorsenia,2,Biustonosz soft Gorsenia K 441/1 Luisse,Gorsenia,5
5902771381409, Biustonosz Soft Model Luisse K441/1 Black - Gorsenia Lingerie ,Gorsenia Lingerie,1,Biustonosz K441/1 CZA,Gorsenia,1,Biustonosz soft Gorsenia K 441/1 Luisse,Gorsenia,6
5902771381416, Biustonosz Soft Model Luisse K441/1 Black - Gorsenia Lingerie ,Gorsenia Lingerie,3,Biustonosz K441/1 CZA,Gorsenia,3,Biustonosz soft Gorsenia K 441/1 Luisse,Gorsenia,6
5902771381515, Figi Model Luissa K442/1 Black - Gorsenia Lingerie ,Gorsenia Lingerie,2,Figi K442/1 CZA,Gorsenia,2,Figi Gorsenia K 442/1 Luisse S-4XL,Gorsenia,2
5902771404894, Figi Model Estelle K898 Black - Gorsenia Lingerie ,Gorsenia Lingerie,1,Figi K898 CZA,Gorsenia,1,Figi Gorsenia K 898 Estelle M-4XL,Gorsenia,2
5902771409363, Biustonosz Soft Model Daniela K902 Black - Gorsenia Lingerie ,Gorsenia Lingerie,0,Biustonosz K902 CZA,Gorsenia,0,Biustonosz soft Gorsenia K 902 Daniela,Gorsenia,1
5902771409547, Biustonosz Soft Model Daniela K902 Black - Gorsenia Lingerie ,Gorsenia Lingerie,0,Biustonosz K902 CZA,Gorsenia,0,Biustonosz soft Gorsenia K 902 Daniela,Gorsenia,6
5902771410567, Figi Model Daniela K903 Black - Gorsenia Lingerie ,Gorsenia Lingerie,1,Figi K903 CZA,Gorsenia,1,Figi Gorsenia K 903 Daniela S-4XL,Gorsenia,8
5902771412059, Biustonosz Soft Model Ida K900 Beige - Gorsenia Lingerie ,Gorsenia Lingerie,0,Biustonosz K900 BEŻ,Gorsenia,0,Biustonosz soft Gorsenia K 900 Ida,Gorsenia,2
5902771412417, Biustonosz Soft Model Ida K900 Śmietana - Gorsenia Lingerie ,Gorsenia Lingerie,0,Biustonosz K900 ŚMI,Gorsenia,0,Biustonosz soft Gorsenia K 900 Ida,Gorsenia,1
5902771413957, Biustonosz Soft Model Vivian K927 Mix - Gorsenia Lingerie ,Gorsenia Lingerie,0,Biustonosz K927  MIX,Gorsenia,0,Biustonosz soft Gorsenia K 927 Vivian,Gorsenia,1
5902771424496, Biustonosz Soft Model Evia K937 Black - Gorsenia Lingerie ,Gorsenia Lingerie,3,Biustonosz K937 CZA,Gorsenia,3,Biustonosz soft Gorsenia K 937 Evia,Gorsenia,2
5902771424502, Biustonosz Soft Model Evia K937 Black - Gorsenia Lingerie ,Gorsenia Lingerie,2,Biustonosz K937 CZA,Gorsenia,2,Biustonosz soft Gorsenia K 937 Evia,Gorsenia,2
5902771424519, Biustonosz Soft Model Evia K937 Black - Gorsenia Lingerie ,Gorsenia Lingerie,2,Biustonosz K937 CZA,Gorsenia,2,Biustonosz soft Gorsenia K 937 Evia,Gorsenia,1
5902771424526, Biustonosz Soft Model Evia K937 Black - Gorsenia Lingerie ,Gorsenia Lingerie,2,Biustonosz K937 CZA,Gorsenia,2,Biustonosz soft Gorsenia K 937 Evia,Gorsenia,2
5902771424533, Biustonosz Soft Model Evia K937 Black - Gorsenia Lingerie ,Gorsenia Lingerie,0,Biustonosz K937 CZA,Gorsenia,0,Biustonosz soft Gorsenia K 937 Evia,Gorsenia,2
5902771424540, Biustonosz Soft Model Evia K937 Black - Gorsenia Lingerie ,Gorsenia Lingerie,0,Biustonosz K937 CZA,Gorsenia,0,Biustonosz soft Gorsenia K 937 Evia,Gorsenia,2
5902771424588, Biustonosz Soft Model Evia K937 Black - Gorsenia Lingerie ,Gorsenia Lingerie,3,Biustonosz K937 CZA,Gorsenia,3,Biustonosz soft Gorsenia K 937 Evia,Gorsenia,3
5902771424595, Biustonosz Soft Model Evia K937 Black - Gorsenia Lingerie ,Gorsenia Lingerie,3,Biustonosz K937 CZA,Gorsenia,2,Biustonosz soft Gorsenia K 937 Evia,Gorsenia,3
5902771424601, Biustonosz Soft Model Evia K937 Black - Gorsenia Lingerie ,Gorsenia Lingerie,2,Biustonosz K937 CZA,Gorsenia,2,Biustonosz soft Gorsenia K 937 Evia,Gorsenia,2
5902771424625, Biustonosz Soft Model Evia K937 Black - Gorsenia Lingerie ,Gorsenia Lingerie,1,Biustonosz K937 CZA,Gorsenia,1,Biustonosz soft Gorsenia K 937 Evia,Gorsenia,3
5902771424632, Biustonosz Soft Model Evia K937 Black - Gorsenia Lingerie ,Gorsenia Lingerie,2,Biustonosz K937 CZA,Gorsenia,2,Biustonosz soft Gorsenia K 937 Evia,Gorsenia,4
5902771424649, Biustonosz Soft Model Evia K937 Black - Gorsenia Lingerie ,Gorsenia Lingerie,2,Biustonosz K937 CZA,Gorsenia,2,Biustonosz soft Gorsenia K 937 Evia,Gorsenia,3
5902771424687, Biustonosz Soft Model Evia K937 Black - Gorsenia Lingerie ,Gorsenia Lingerie,2,Biustonosz K937 CZA,Gorsenia,2,Biustonosz soft Gorsenia K 937 Evia,Gorsenia,3
5902771424694, Biustonosz Soft Model Evia K937 Black - Gorsenia Lingerie ,Gorsenia Lingerie,2,Biustonosz K937 CZA,Gorsenia,2,Biustonosz soft Gorsenia K 937 Evia,Gorsenia,11
5902771424700, Biustonosz Soft Model Evia K937 Black - Gorsenia Lingerie ,Gorsenia Lingerie,2,Biustonosz K937 CZA,Gorsenia,2,Biustonosz soft Gorsenia K 937 Evia,Gorsenia,6
5902771424717, Biustonosz Soft Model Evia K937 Black - Gorsenia Lingerie ,Gorsenia Lingerie,2,Biustonosz K937 CZA,Gorsenia,2,Biustonosz soft Gorsenia K 937 Evia,Gorsenia,6
5902771424724, Biustonosz Soft Model Evia K937 Black - Gorsenia Lingerie ,Gorsenia Lingerie,2,Biustonosz K937 CZA,Gorsenia,2,Biustonosz soft Gorsenia K 937 Evia,Gorsenia,5
5902771424731, Biustonosz Soft Model Evia K937 Black - Gorsenia Lingerie ,Gorsenia Lingerie,2,Biustonosz K937 CZA,Gorsenia,2,Biustonosz soft Gorsenia K 937 Evia,Gorsenia,1
5902771424748, Biustonosz Soft Model Evia K937 Black - Gorsenia Lingerie ,Gorsenia Lingerie,3,Biustonosz K937 CZA,Gorsenia,3,Biustonosz soft Gorsenia K 937 Evia,Gorsenia,2
5902771424793, Biustonosz Soft Model Evia K937 Black - Gorsenia Lingerie ,Gorsenia Lingerie,0,Biustonosz K937 CZA,Gorsenia,0,Biustonosz soft Gorsenia K 937 Evia,Gorsenia,1
5902771424809, Biustonosz Soft Model Evia K937 Black - Gorsenia Lingerie ,Gorsenia Lingerie,1,Biustonosz K937 CZA,Gorsenia,1,Biustonosz soft Gorsenia K 937 Evia,Gorsenia,2
5902771424816, Biustonosz Soft Model Evia K937 Black - Gorsenia Lingerie ,Gorsenia Lingerie,3,Biustonosz K937 CZA,Gorsenia,3,Biustonosz soft Gorsenia K 937 Evia,Gorsenia,1
5902771424823, Biustonosz Soft Model Evia K937 Black - Gorsenia Lingerie ,Gorsenia Lingerie,3,Biustonosz K937 CZA,Gorsenia,3,Biustonosz soft Gorsenia K 937 Evia,Gorsenia,1
5902771424847, Biustonosz Soft Model Evia K937 Black - Gorsenia Lingerie ,Gorsenia Lingerie,1,Biustonosz K937 CZA,Gorsenia,1,Biustonosz soft Gorsenia K 937 Evia,Gorsenia,3
5902771424854, Biustonosz Soft Model Evia K937 Black - Gorsenia Lingerie ,Gorsenia Lingerie,2,Biustonosz K937 CZA,Gorsenia,2,Biustonosz soft Gorsenia K 937 Evia,Gorsenia,1
5902771424885, Biustonosz Soft Model Evia K937 Black - Gorsenia Lingerie ,Gorsenia Lingerie,3,Biustonosz K937 CZA,Gorsenia,3,Biustonosz soft Gorsenia K 937 Evia,Gorsenia,3
5902771424892, Biustonosz Soft Model Evia K937 Black - Gorsenia Lingerie ,Gorsenia Lingerie,0,Biustonosz K937 CZA,Gorsenia,0,Biustonosz soft Gorsenia K 937 Evia,Gorsenia,3
5902771424908, Biustonosz Soft Model Evia K937 Black - Gorsenia Lingerie ,Gorsenia Lingerie,3,Biustonosz K937 CZA,Gorsenia,3,Biustonosz soft Gorsenia K 937 Evia,Gorsenia,2
5902771424922, Biustonosz Soft Model Evia K937 Black - Gorsenia Lingerie ,Gorsenia Lingerie,2,Biustonosz K937 CZA,Gorsenia,2,Biustonosz soft Gorsenia K 937 Evia,Gorsenia,3
5902771424939, Biustonosz Soft Model Evia K937 Black - Gorsenia Lingerie ,Gorsenia Lingerie,1,Biustonosz K937 CZA,Gorsenia,1,Biustonosz soft Gorsenia K 937 Evia,Gorsenia,3
5902771424946, Biustonosz Soft Model Evia K937 Black - Gorsenia Lingerie ,Gorsenia Lingerie,1,Biustonosz K937 CZA,Gorsenia,1,Biustonosz soft Gorsenia K 937 Evia,Gorsenia,4
5902771424977, Biustonosz Soft Model Evia K937 Black - Gorsenia Lingerie ,Gorsenia Lingerie,2,Biustonosz K937 CZA,Gorsenia,2,Biustonosz soft Gorsenia K 937 Evia,Gorsenia,5
5902771424984, Biustonosz Soft Model Evia K937 Black - Gorsenia Lingerie ,Gorsenia Lingerie,3,Biustonosz K937 CZA,Gorsenia,3,Biustonosz soft Gorsenia K 937 Evia,Gorsenia,3
5902771424991, Biustonosz Soft Model Evia K937 Black - Gorsenia Lingerie ,Gorsenia Lingerie,2,Biustonosz K937 CZA,Gorsenia,1,Biustonosz soft Gorsenia K 937 Evia,Gorsenia,4
5902771425004, Biustonosz Soft Model Evia K937 Black - Gorsenia Lingerie ,Gorsenia Lingerie,2,Biustonosz K937 CZA,Gorsenia,2,Biustonosz soft Gorsenia K 937 Evia,Gorsenia,4
5902771425059, Biustonosz Soft Model Evia K937 Black - Gorsenia Lingerie ,Gorsenia Lingerie,0,Biustonosz K937 CZA,Gorsenia,0,Biustonosz soft Gorsenia K 937 Evia,Gorsenia,2
5902771425080, Biustonosz Soft Model Evia K937 Black - Gorsenia Lingerie ,Gorsenia Lingerie,0,Biustonosz K937 CZA,Gorsenia,0,Biustonosz soft Gorsenia K 937 Evia,Gorsenia,2
5902771425097, Biustonosz Soft Model Evia K937 Black - Gorsenia Lingerie ,Gorsenia Lingerie,0,Biustonosz K937 CZA,Gorsenia,0,Biustonosz soft Gorsenia K 937 Evia,Gorsenia,4
5902771425103, Biustonosz Soft Model Evia K937 Black - Gorsenia Lingerie ,Gorsenia Lingerie,1,Biustonosz K937 CZA,Gorsenia,1,Biustonosz soft Gorsenia K 937 Evia,Gorsenia,4
5902771425110, Biustonosz Soft Model Evia K937 Black - Gorsenia Lingerie ,Gorsenia Lingerie,1,Biustonosz K937 CZA,Gorsenia,1,Biustonosz soft Gorsenia K 937 Evia,Gorsenia,3
5902771425127, Biustonosz Soft Model Evia K937 Black - Gorsenia Lingerie ,Gorsenia Lingerie,0,Biustonosz K937 CZA,Gorsenia,0,Biustonosz soft Gorsenia K 937 Evia,Gorsenia,3
5902771425134, Biustonosz Soft Model Evia K937 Black - Gorsenia Lingerie ,Gorsenia Lingerie,0,Biustonosz K937 CZA,Gorsenia,0,Biustonosz soft Gorsenia K 937 Evia,Gorsenia,3
5902771425141, Biustonosz Soft Model Evia K937 Black - Gorsenia Lingerie ,Gorsenia Lingerie,0,Biustonosz K937 CZA,Gorsenia,0,Biustonosz soft Gorsenia K 937 Evia,Gorsenia,3
5902771425158, Biustonosz Soft Model Evia K937 Black - Gorsenia Lingerie ,Gorsenia Lingerie,0,Biustonosz K937 CZA,Gorsenia,0,Biustonosz soft Gorsenia K 937 Evia,Gorsenia,3
5902771425165, Biustonosz Soft Model Evia K937 Black - Gorsenia Lingerie ,Gorsenia Lingerie,0,Biustonosz K937 CZA,Gorsenia,0,Biustonosz soft Gorsenia K 937 Evia,Gorsenia,3
5902771425295, Biustonosz Soft Model Evia K937 Beige - Gorsenia Lingerie ,Gorsenia Lingerie,2,Biustonosz K937 BEŻ,Gorsenia,2,Biustonosz soft Gorsenia K 937 Evia,Gorsenia,3
5902771425387, Biustonosz Soft Model Evia K937 Beige - Gorsenia Lingerie ,Gorsenia Lingerie,3,Biustonosz K937 BEŻ,Gorsenia,3,Biustonosz soft Gorsenia K 937 Evia,Gorsenia,5
5902771425394, Biustonosz Soft Model Evia K937 Beige - Gorsenia Lingerie ,Gorsenia Lingerie,3,Biustonosz K937 BEŻ,Gorsenia,3,Biustonosz soft Gorsenia K 937 Evia,Gorsenia,7
5902771425455, Biustonosz Soft Model Evia K937 Beige - Gorsenia Lingerie ,Gorsenia Lingerie,1,Biustonosz K937 BEŻ,Gorsenia,1,Biustonosz soft Gorsenia K 937 Evia,Gorsenia,2
5902771425486, Biustonosz Soft Model Evia K937 Beige - Gorsenia Lingerie ,Gorsenia Lingerie,2,Biustonosz K937 BEŻ,Gorsenia,2,Biustonosz soft Gorsenia K 937 Evia,Gorsenia,4
5902771425493, Biustonosz Soft Model Evia K937 Beige - Gorsenia Lingerie ,Gorsenia Lingerie,0,Biustonosz K937 BEŻ,Gorsenia,0,Biustonosz soft Gorsenia K 937 Evia,Gorsenia,10
5902771425516, Biustonosz Soft Model Evia K937 Beige - Gorsenia Lingerie ,Gorsenia Lingerie,0,Biustonosz K937 BEŻ,Gorsenia,0,Biustonosz soft Gorsenia K 937 Evia,Gorsenia,7
5902771425523, Biustonosz Soft Model Evia K937 Beige - Gorsenia Lingerie ,Gorsenia Lingerie,0,Biustonosz K937 BEŻ,Gorsenia,0,Biustonosz soft Gorsenia K 937 Evia,Gorsenia,8
5902771425585, Biustonosz Soft Model Evia K937 Beige - Gorsenia Lingerie ,Gorsenia Lingerie,0,Biustonosz K937 BEŻ,Gorsenia,0,Biustonosz soft Gorsenia K 937 Evia,Gorsenia,5
5902771425592, Biustonosz Soft Model Evia K937 Beige - Gorsenia Lingerie ,Gorsenia Lingerie,0,Biustonosz K937 BEŻ,Gorsenia,0,Biustonosz soft Gorsenia K 937 Evia,Gorsenia,7
5902771425608, Biustonosz Soft Model Evia K937 Beige - Gorsenia Lingerie ,Gorsenia Lingerie,2,Biustonosz K937 BEŻ,Gorsenia,2,Biustonosz soft Gorsenia K 937 Evia,Gorsenia,4
5902771425615, Biustonosz Soft Model Evia K937 Beige - Gorsenia Lingerie ,Gorsenia Lingerie,3,Biustonosz K937 BEŻ,Gorsenia,3,Biustonosz soft Gorsenia K 937 Evia,Gorsenia,2
5902771425653, Biustonosz Soft Model Evia K937 Beige - Gorsenia Lingerie ,Gorsenia Lingerie,3,Biustonosz K937 BEŻ,Gorsenia,3,Biustonosz soft Gorsenia K 937 Evia,Gorsenia,2
5902771425684, Biustonosz Soft Model Evia K937 Beige - Gorsenia Lingerie ,Gorsenia Lingerie,2,Biustonosz K937 BEŻ,Gorsenia,1,Biustonosz soft Gorsenia K 937 Evia,Gorsenia,3
5902771425691, Biustonosz Soft Model Evia K937 Beige - Gorsenia Lingerie ,Gorsenia Lingerie,3,Biustonosz K937 BEŻ,Gorsenia,3,Biustonosz soft Gorsenia K 937 Evia,Gorsenia,4
5902771425707, Biustonosz Soft Model Evia K937 Beige - Gorsenia Lingerie ,Gorsenia Lingerie,0,Biustonosz K937 BEŻ,Gorsenia,0,Biustonosz soft Gorsenia K 937 Evia,Gorsenia,2
5902771425714, Biustonosz Soft Model Evia K937 Beige - Gorsenia Lingerie ,Gorsenia Lingerie,3,Biustonosz K937 BEŻ,Gorsenia,3,Biustonosz soft Gorsenia K 937 Evia,Gorsenia,5
5902771425721, Biustonosz Soft Model Evia K937 Beige - Gorsenia Lingerie ,Gorsenia Lingerie,2,Biustonosz K937 BEŻ,Gorsenia,1,Biustonosz soft Gorsenia K 937 Evia,Gorsenia,5
5902771425738, Biustonosz Soft Model Evia K937 Beige - Gorsenia Lingerie ,Gorsenia Lingerie,2,Biustonosz K937 BEŻ,Gorsenia,2,Biustonosz soft Gorsenia K 937 Evia,Gorsenia,4
5902771425745, Biustonosz Soft Model Evia K937 Beige - Gorsenia Lingerie ,Gorsenia Lingerie,0,Biustonosz K937 BEŻ,Gorsenia,0,Biustonosz soft Gorsenia K 937 Evia,Gorsenia,4
5902771425776, Biustonosz Soft Model Evia K937 Beige - Gorsenia Lingerie ,Gorsenia Lingerie,0,Biustonosz K937 BEŻ,Gorsenia,0,Biustonosz soft Gorsenia K 937 Evia,Gorsenia,2
5902771425783, Biustonosz Soft Model Evia K937 Beige - Gorsenia Lingerie ,Gorsenia Lingerie,4,Biustonosz K937 BEŻ,Gorsenia,4,Biustonosz soft Gorsenia K 937 Evia,Gorsenia,2
5902771425790, Biustonosz Soft Model Evia K937 Beige - Gorsenia Lingerie ,Gorsenia Lingerie,3,Biustonosz K937 BEŻ,Gorsenia,3,Biustonosz soft Gorsenia K 937 Evia,Gorsenia,4
5902771425806, Biustonosz Soft Model Evia K937 Beige - Gorsenia Lingerie ,Gorsenia Lingerie,2,Biustonosz K937 BEŻ,Gorsenia,2,Biustonosz soft Gorsenia K 937 Evia,Gorsenia,4
5902771425820, Biustonosz Soft Model Evia K937 Beige - Gorsenia Lingerie ,Gorsenia Lingerie,2,Biustonosz K937 BEŻ,Gorsenia,2,Biustonosz soft Gorsenia K 937 Evia,Gorsenia,4
5902771425851, Biustonosz Soft Model Evia K937 Beige - Gorsenia Lingerie ,Gorsenia Lingerie,0,Biustonosz K937 BEŻ,Gorsenia,0,Biustonosz soft Gorsenia K 937 Evia,Gorsenia,2
5902771425875, Biustonosz Soft Model Evia K937 Beige - Gorsenia Lingerie ,Gorsenia Lingerie,3,Biustonosz K937 BEŻ,Gorsenia,3,Biustonosz soft Gorsenia K 937 Evia,Gorsenia,3
5902771425929, Biustonosz Soft Model Evia K937 Beige - Gorsenia Lingerie ,Gorsenia Lingerie,1,Biustonosz K937 BEŻ,Gorsenia,1,Biustonosz soft Gorsenia K 937 Evia,Gorsenia,3
5902771425943, Biustonosz Soft Model Evia K937 Beige - Gorsenia Lingerie ,Gorsenia Lingerie,1,Biustonosz K937 BEŻ,Gorsenia,1,Biustonosz soft Gorsenia K 937 Evia,Gorsenia,2
5902771425950, Biustonosz Soft Model Evia K937 Beige - Gorsenia Lingerie ,Gorsenia Lingerie,0,Biustonosz K937 BEŻ,Gorsenia,0,Biustonosz soft Gorsenia K 937 Evia,Gorsenia,1
5902771425967, Biustonosz Soft Model Evia K937 Beige - Gorsenia Lingerie ,Gorsenia Lingerie,1,Biustonosz K937 BEŻ,Gorsenia,1,Biustonosz soft Gorsenia K 937 Evia,Gorsenia,3
5902771425981, Biustonosz Soft Model Evia K937 Beige - Gorsenia Lingerie ,Gorsenia Lingerie,0,Biustonosz K937 BEŻ,Gorsenia,0,Biustonosz soft Gorsenia K 937 Evia,Gorsenia,2
5902771426094, Biustonosz Soft Model Evia K937 Cream - Gorsenia Lingerie ,Gorsenia Lingerie,0,Biustonosz K937 KRE,Gorsenia,0,Biustonosz soft Gorsenia K 937 Evia Kremowy,Gorsenia,2
5902771426186, Biustonosz Soft Model Evia K937 Cream - Gorsenia Lingerie ,Gorsenia Lingerie,0,Biustonosz K937 KRE,Gorsenia,0,Biustonosz soft Gorsenia K 937 Evia Kremowy,Gorsenia,1
5902771426209, Biustonosz Soft Model Evia K937 Cream - Gorsenia Lingerie ,Gorsenia Lingerie,0,Biustonosz K937 KRE,Gorsenia,0,Biustonosz soft Gorsenia K 937 Evia Kremowy,Gorsenia,1
5902771426285, Biustonosz Soft Model Evia K937 Cream - Gorsenia Lingerie ,Gorsenia Lingerie,0,Biustonosz K937 KRE,Gorsenia,0,Biustonosz soft Gorsenia K 937 Evia Kremowy,Gorsenia,1
5902771426452, Biustonosz Soft Model Evia K937 Cream - Gorsenia Lingerie ,Gorsenia Lingerie,0,Biustonosz K937 KRE,Gorsenia,0,Biustonosz soft Gorsenia K 937 Evia Kremowy,Gorsenia,1
5902771426650, Biustonosz Soft Model Evia K937 Cream - Gorsenia Lingerie ,Gorsenia Lingerie,0,Biustonosz K937 KRE,Gorsenia,0,Biustonosz soft Gorsenia K 937 Evia Kremowy,Gorsenia,1
5902771426674, Biustonosz Soft Model Evia K937 Cream - Gorsenia Lingerie ,Gorsenia Lingerie,0,Biustonosz K937 KRE,Gorsenia,0,Biustonosz soft Gorsenia K 937 Evia Kremowy,Gorsenia,1
5902771426681, Biustonosz Soft Model Evia K937 Cream - Gorsenia Lingerie ,Gorsenia Lingerie,0,Biustonosz K937 KRE,Gorsenia,0,Biustonosz soft Gorsenia K 937 Evia Kremowy,Gorsenia,2
5902771426704, Biustonosz Soft Model Evia K937 Cream - Gorsenia Lingerie ,Gorsenia Lingerie,0,Biustonosz K937 KRE,Gorsenia,0,Biustonosz soft Gorsenia K 937 Evia Kremowy,Gorsenia,2
5902771426711, Biustonosz Soft Model Evia K937 Cream - Gorsenia Lingerie ,Gorsenia Lingerie,0,Biustonosz K937 KRE,Gorsenia,0,Biustonosz soft Gorsenia K 937 Evia Kremowy,Gorsenia,1
5902771426728, Biustonosz Soft Model Evia K937 Cream - Gorsenia Lingerie ,Gorsenia Lingerie,0,Biustonosz K937 KRE,Gorsenia,0,Biustonosz soft Gorsenia K 937 Evia Kremowy,Gorsenia,1
5902771426735, Biustonosz Soft Model Evia K937 Cream - Gorsenia Lingerie ,Gorsenia Lingerie,0,Biustonosz K937 KRE,Gorsenia,0,Biustonosz soft Gorsenia K 937 Evia Kremowy,Gorsenia,1
5902771426742, Biustonosz Soft Model Evia K937 Cream - Gorsenia Lingerie ,Gorsenia Lingerie,0,Biustonosz K937 KRE,Gorsenia,0,Biustonosz soft Gorsenia K 937 Evia Kremowy,Gorsenia,2
5902771426766, Biustonosz Soft Model Evia K937 Cream - Gorsenia Lingerie ,Gorsenia Lingerie,0,Biustonosz K937 KRE,Gorsenia,0,Biustonosz soft Gorsenia K 937 Evia Kremowy,Gorsenia,1
5902771426803, Figi Model Evia K938 Black - Gorsenia Lingerie ,Gorsenia Lingerie,1,Figi K938 CZA,Gorsenia,1,Figi Gorsenia K 938 Evia S-4XL,Gorsenia,3
5902771426810, Figi Model Evia K938 Black - Gorsenia Lingerie ,Gorsenia Lingerie,1,Figi K938 CZA,Gorsenia,1,Figi Gorsenia K 938 Evia S-4XL,Gorsenia,4
5902771426827, Figi Model Evia K938 Black - Gorsenia Lingerie ,Gorsenia Lingerie,0,Figi K938 CZA,Gorsenia,0,Figi Gorsenia K 938 Evia S-4XL,Gorsenia,1
5902771426834, Figi Model Evia K938 Black - Gorsenia Lingerie ,Gorsenia Lingerie,0,Figi K938 CZA,Gorsenia,0,Figi Gorsenia K 938 Evia S-4XL,Gorsenia,3
5902771426841, Figi Model Evia K938 Black - Gorsenia Lingerie ,Gorsenia Lingerie,0,Figi K938 CZA,Gorsenia,0,Figi Gorsenia K 938 Evia S-4XL,Gorsenia,1
5902771426858, Figi Model Evia K938 Black - Gorsenia Lingerie ,Gorsenia Lingerie,2,Figi K938 CZA,Gorsenia,2,Figi Gorsenia K 938 Evia S-4XL,Gorsenia,3
5902771426889, Figi Model Evia K938 Beige - Gorsenia Lingerie ,Gorsenia Lingerie,2,Figi K938 BEŻ,Gorsenia,2,Figi Gorsenia K 938 Evia Beżowy S-4XL,Gorsenia,3
5902771426896, Figi Model Evia K938 Beige - Gorsenia Lingerie ,Gorsenia Lingerie,0,Figi K938 BEŻ,Gorsenia,0,Figi Gorsenia K 938 Evia Beżowy S-4XL,Gorsenia,3
5902771426902, Figi Model Evia K938 Beige - Gorsenia Lingerie ,Gorsenia Lingerie,0,Figi K938 BEŻ,Gorsenia,0,Figi Gorsenia K 938 Evia Beżowy S-4XL,Gorsenia,7
5902771426919, Figi Model Evia K938 Beige - Gorsenia Lingerie ,Gorsenia Lingerie,2,Figi K938 BEŻ,Gorsenia,2,Figi Gorsenia K 938 Evia Beżowy S-4XL,Gorsenia,4
5902771426926, Figi Model Evia K938 Beige - Gorsenia Lingerie ,Gorsenia Lingerie,2,Figi K938 BEŻ,Gorsenia,2,Figi Gorsenia K 938 Evia Beżowy S-4XL,Gorsenia,2
5902771426964, Figi Model Evia K938 Cream - Gorsenia Lingerie ,Gorsenia Lingerie,0,Figi K938 KRE,Gorsenia,0,Figi Gorsenia K 938 Evia Kremowy S-4XL,Gorsenia,3
5902771426971, Figi Model Evia K938 Cream - Gorsenia Lingerie ,Gorsenia Lingerie,0,Figi K938 KRE,Gorsenia,0,Figi Gorsenia K 938 Evia Kremowy S-4XL,Gorsenia,2
5902771426988, Figi Model Evia K938 Cream - Gorsenia Lingerie ,Gorsenia Lingerie,0,Figi K938 KRE,Gorsenia,0,Figi Gorsenia K 938 Evia Kremowy S-4XL,Gorsenia,1
5902771426995, Figi Model Evia K938 Cream - Gorsenia Lingerie ,Gorsenia Lingerie,0,Figi K938 KRE,Gorsenia,0,Figi Gorsenia K 938 Evia Kremowy S-4XL,Gorsenia,1
5902771427015, Figi Model Daniela K903 Black - Gorsenia Lingerie ,Gorsenia Lingerie,1,Figi K903 CZA,Gorsenia,1,Figi Gorsenia K 903 Daniela S-4XL,Gorsenia,6
5902771436260, Biustonosz Soft Model Luisse 441/1 Beige - Gorsenia Lingerie ,Gorsenia Lingerie,3,Biustonosz K441/1 BEŻ,Gorsenia,3,Biustonosz soft Gorsenia K 441/1 Luisse,Gorsenia,4
5902771436277, Biustonosz Soft Model Luisse 441/1 Beige - Gorsenia Lingerie ,Gorsenia Lingerie,2,Biustonosz K441/1 BEŻ,Gorsenia,2,Biustonosz soft Gorsenia K 441/1 Luisse,Gorsenia,5
5902771436284, Biustonosz Soft Model Luisse 441/1 Beige - Gorsenia Lingerie ,Gorsenia Lingerie,2,Biustonosz K441/1 BEŻ,Gorsenia,1,Biustonosz soft Gorsenia K 441/1 Luisse,Gorsenia,11
5902771436352, Biustonosz Soft Model Luisse 441/1 Beige - Gorsenia Lingerie ,Gorsenia Lingerie,5,Biustonosz K441/1 BEŻ,Gorsenia,5,Biustonosz soft Gorsenia K 441/1 Luisse,Gorsenia,33
5902771436420, Biustonosz Soft Model Luisse 441/1 Beige - Gorsenia Lingerie ,Gorsenia Lingerie,1,Biustonosz K441/1 BEŻ,Gorsenia,1,Biustonosz soft Gorsenia K 441/1 Luisse,Gorsenia,10
5902771436451, Biustonosz Soft Model Luisse 441/1 Beige - Gorsenia Lingerie ,Gorsenia Lingerie,1,Biustonosz K441/1 BEŻ,Gorsenia,1,Biustonosz soft Gorsenia K 441/1 Luisse,Gorsenia,26
5902771436468, Biustonosz Soft Model Luisse 441/1 Beige - Gorsenia Lingerie ,Gorsenia Lingerie,3,Biustonosz K441/1 BEŻ,Gorsenia,3,Biustonosz soft Gorsenia K 441/1 Luisse,Gorsenia,11
5902771436475, Biustonosz Soft Model Luisse 441/1 Beige - Gorsenia Lingerie ,Gorsenia Lingerie,3,Biustonosz K441/1 BEŻ,Gorsenia,3,Biustonosz soft Gorsenia K 441/1 Luisse,Gorsenia,29
5902771436505, Biustonosz Soft Model Luisse 441/1 Beige - Gorsenia Lingerie ,Gorsenia Lingerie,0,Biustonosz K441/1 BEŻ,Gorsenia,0,Biustonosz soft Gorsenia K 441/1 Luisse,Gorsenia,18
5902771436512, Biustonosz Soft Model Luisse 441/1 Beige - Gorsenia Lingerie ,Gorsenia Lingerie,0,Biustonosz K441/1 BEŻ,Gorsenia,0,Biustonosz soft Gorsenia K 441/1 Luisse,Gorsenia,25
5902771436529, Biustonosz Soft Model Luisse 441/1 Beige - Gorsenia Lingerie ,Gorsenia Lingerie,0,Biustonosz K441/1 BEŻ,Gorsenia,0,Biustonosz soft Gorsenia K 441/1 Luisse,Gorsenia,17
5902771436628, Biustonosz Soft Model Luisse 441/1 Beige - Gorsenia Lingerie ,Gorsenia Lingerie,3,Biustonosz K441/1 BEŻ,Gorsenia,3,Biustonosz soft Gorsenia K 441/1 Luisse,Gorsenia,13
5902771436666, Biustonosz Soft Model Luisse 441/1 Beige - Gorsenia Lingerie ,Gorsenia Lingerie,0,Biustonosz K441/1 BEŻ,Gorsenia,0,Biustonosz soft Gorsenia K 441/1 Luisse,Gorsenia,36
5902771436741, Biustonosz Soft Model Luisse 441/1 Beige - Gorsenia Lingerie ,Gorsenia Lingerie,2,Biustonosz K441/1 BEŻ,Gorsenia,2,Biustonosz soft Gorsenia K 441/1 Luisse,Gorsenia,33
5902771436802, Biustonosz Soft Model Luisse 441/1 Beige - Gorsenia Lingerie ,Gorsenia Lingerie,2,Biustonosz K441/1 BEŻ,Gorsenia,2,Biustonosz soft Gorsenia K 441/1 Luisse,Gorsenia,9
5902771436826, Biustonosz Soft Model Luisse 441/1 Beige - Gorsenia Lingerie ,Gorsenia Lingerie,2,Biustonosz K441/1 BEŻ,Gorsenia,2,Biustonosz soft Gorsenia K 441/1 Luisse,Gorsenia,21
5902771436871, Figi Model Luissa 442/1 Beige - Gorsenia Lingerie ,Gorsenia Lingerie,1,Figi K442/1 BEŻ,Gorsenia,2,Figi Gorsenia K 442/1 Luisse M-3XL,Gorsenia,7
5902771436888, Figi Model Luissa 442/1 Beige - Gorsenia Lingerie ,Gorsenia Lingerie,0,Figi K442/1 BEŻ,Gorsenia,0,Figi Gorsenia K 442/1 Luisse M-3XL,Gorsenia,16
5902771437960, Biustonosz Soft Model Isla K934 Black - Gorsenia Lingerie ,Gorsenia Lingerie,2,Biustonosz K934 CZA,Gorsenia,2,Biustonosz soft Gorsenia K 934 Isla,Gorsenia,3
5902771438073, Biustonosz Soft Model Isla K934 Black - Gorsenia Lingerie ,Gorsenia Lingerie,0,Biustonosz K934 CZA,Gorsenia,0,Biustonosz soft Gorsenia K 934 Isla,Gorsenia,3
5902771438080, Biustonosz Soft Model Isla K934 Black - Gorsenia Lingerie ,Gorsenia Lingerie,3,Biustonosz K934 CZA,Gorsenia,3,Biustonosz soft Gorsenia K 934 Isla,Gorsenia,4
5902771438097, Biustonosz Soft Model Isla K934 Black - Gorsenia Lingerie ,Gorsenia Lingerie,0,Biustonosz K934 CZA,Gorsenia,0,Biustonosz soft Gorsenia K 934 Isla,Gorsenia,3
5902771438295, Biustonosz Soft Model Isla K934 Black - Gorsenia Lingerie ,Gorsenia Lingerie,0,Biustonosz K934 CZA,Gorsenia,0,Biustonosz soft Gorsenia K 934 Isla,Gorsenia,1
5902771438769, Biustonosz Soft Model Isla K934 Beige - Gorsenia Lingerie ,Gorsenia Lingerie,1,Biustonosz K934 BEŻ,Gorsenia,1,Biustonosz soft Gorsenia K 934 Isla Beżowy,Gorsenia,2
5902771438776, Biustonosz Soft Model Isla K934 Beige - Gorsenia Lingerie ,Gorsenia Lingerie,1,Biustonosz K934 BEŻ,Gorsenia,1,Biustonosz soft Gorsenia K 934 Isla Beżowy,Gorsenia,2
5902771438967, Biustonosz Soft Model Isla K934 Beige - Gorsenia Lingerie ,Gorsenia Lingerie,2,Biustonosz K934 BEŻ,Gorsenia,2,Biustonosz soft Gorsenia K 934 Isla Beżowy,Gorsenia,4
5902771438974, Biustonosz Soft Model Isla K934 Beige - Gorsenia Lingerie ,Gorsenia Lingerie,0,Biustonosz K934 BEŻ,Gorsenia,0,Biustonosz soft Gorsenia K 934 Isla Beżowy,Gorsenia,3
5902771439155, Biustonosz Soft Model Isla K934 Beige - Gorsenia Lingerie ,Gorsenia Lingerie,0,Biustonosz K934 BEŻ,Gorsenia,0,Biustonosz soft Gorsenia K 934 Isla Beżowy,Gorsenia,1
5902771439346, Biustonosz Soft Model Isla K934 Beige - Gorsenia Lingerie ,Gorsenia Lingerie,0,Biustonosz K934 BEŻ,Gorsenia,0,Biustonosz soft Gorsenia K 934 Isla Beżowy,Gorsenia,1
5902771439407, Biustonosz Soft Model Isla K934 Beige - Gorsenia Lingerie ,Gorsenia Lingerie,0,Biustonosz K934 BEŻ,Gorsenia,0,Biustonosz soft Gorsenia K 934 Isla Beżowy,Gorsenia,1
5902771439438, Biustonosz Soft Model Isla K934 Beige - Gorsenia Lingerie ,Gorsenia Lingerie,0,Biustonosz K934 BEŻ,Gorsenia,0,Biustonosz soft Gorsenia K 934 Isla Beżowy,Gorsenia,2
5902771439575, Figi Model Isla K935 Beige - Gorsenia Lingerie ,Gorsenia Lingerie,1,Figi K935 BEŻ,Gorsenia,1,Figi Gorsenia K 935 Isla Beżowy S-4XL,Gorsenia,5
5902771439582, Figi Model Isla K935 Beige - Gorsenia Lingerie ,Gorsenia Lingerie,0,Figi K935 BEŻ,Gorsenia,1,Figi Gorsenia K 935 Isla Beżowy S-4XL,Gorsenia,3
5902771439599, Figi Model Isla K935 Beige - Gorsenia Lingerie ,Gorsenia Lingerie,2,Figi K935 BEŻ,Gorsenia,2,Figi Gorsenia K 935 Isla Beżowy S-4XL,Gorsenia,6
5902771439605, Figi Model Isla K935 Beige - Gorsenia Lingerie ,Gorsenia Lingerie,2,Figi K935 BEŻ,Gorsenia,2,Figi Gorsenia K 935 Isla Beżowy S-4XL,Gorsenia,5
5902771439612, Figi Model Isla K935 Beige - Gorsenia Lingerie ,Gorsenia Lingerie,2,Figi K935 BEŻ,Gorsenia,2,Figi Gorsenia K 935 Isla Beżowy S-4XL,Gorsenia,5
5902771439643, Figi Model Isla K935 Black - Gorsenia Lingerie ,Gorsenia Lingerie,1,Figi K935 CZA,Gorsenia,2,Figi Gorsenia K 935 Isla Czarny S-4XL,Gorsenia,6
5902771439650, Figi Model Isla K935 Black - Gorsenia Lingerie ,Gorsenia Lingerie,2,Figi K935 CZA,Gorsenia,3,Figi Gorsenia K 935 Isla Czarny S-4XL,Gorsenia,6
5902771439667, Figi Model Isla K935 Black - Gorsenia Lingerie ,Gorsenia Lingerie,3,Figi K935 CZA,Gorsenia,3,Figi Gorsenia K 935 Isla Czarny S-4XL,Gorsenia,6
5902771439674, Figi Model Isla K935 Black - Gorsenia Lingerie ,Gorsenia Lingerie,2,Figi K935 CZA,Gorsenia,2,Figi Gorsenia K 935 Isla Czarny S-4XL,Gorsenia,5
5902771439681, Figi Model Isla K935 Black - Gorsenia Lingerie ,Gorsenia Lingerie,0,Figi K935 CZA,Gorsenia,0,Figi Gorsenia K 935 Isla Czarny S-4XL,Gorsenia,4
5902771441691, Biustonosz Soft Model Astrid K970 Navy - Gorsenia Lingerie ,Gorsenia Lingerie,0,Biustonosz K970 GRN,Gorsenia,0,Biustonosz soft Gorsenia K 970 Astrid,Gorsenia,1
5902771441776, Biustonosz Soft Model Astrid K970 Navy - Gorsenia Lingerie ,Gorsenia Lingerie,0,Biustonosz K970 GRN,Gorsenia,0,Biustonosz soft Gorsenia K 970 Astrid,Gorsenia,2
5902771441783, Biustonosz Soft Model Astrid K970 Navy - Gorsenia Lingerie ,Gorsenia Lingerie,0,Biustonosz K970 GRN,Gorsenia,0,Biustonosz soft Gorsenia K 970 Astrid,Gorsenia,1
5902771442278, Figi Brazyliany Model Astrid K972 Navy - Gorsenia Lingerie ,Gorsenia Lingerie,0,Figi K972 GRN,Gorsenia,0,Figi Gorsenia K 972 Astrid Brazyliany S-2XL,Gorsenia,2
5902771443459, Biustonosz Soft Model Glen K950 Morski - Gorsenia Lingerie ,Gorsenia Lingerie,0,Biustonosz K950 MOR,Gorsenia,0,Biustonosz soft Gorsenia K 950 Glen Morski,Gorsenia,2
5902771450938, Biustonosz Soft Model G002 Black - Gorsenia Lingerie ,Gorsenia Lingerie,0,Biustonosz G002 CZA,Gorsenia,1,Biustonosz soft Gorsenia G002 Lilu,Gorsenia,2
5902771450945, Biustonosz Soft Model G002 Black - Gorsenia Lingerie ,Gorsenia Lingerie,0,Biustonosz G002 CZA,Gorsenia,2,Biustonosz soft Gorsenia G002 Lilu,Gorsenia,1
5902771450952, Biustonosz Soft Model G002 Black - Gorsenia Lingerie ,Gorsenia Lingerie,0,Biustonosz G002 CZA,Gorsenia,1,Biustonosz soft Gorsenia G002 Lilu,Gorsenia,1
5902771451409, Figi Model Lilu B002 Brasil Black - Gorsenia Lingerie ,Gorsenia Lingerie,0,Figi B002 CZA,Gorsenia,1,Figi Gorsenia B002 Lilu Brazyliany S-2XL,Gorsenia,2
5902771455056, Biustonosz Soft Model G006 Dayana Pink - Gorsenia Lingerie ,Gorsenia Lingerie,0,Biustonosz G006 RÓŻ,Gorsenia,0,Biustonosz soft Gorsenia G006 Dayana Różowy,Gorsenia,3
5902771455155, Biustonosz Soft Model G006 Dayana Pink - Gorsenia Lingerie ,Gorsenia Lingerie,0,Biustonosz G006 RÓŻ,Gorsenia,0,Biustonosz soft Gorsenia G006 Dayana Różowy,Gorsenia,2
5902771455162, Biustonosz Soft Model G006 Dayana Pink - Gorsenia Lingerie ,Gorsenia Lingerie,0,Biustonosz G006 RÓŻ,Gorsenia,0,Biustonosz soft Gorsenia G006 Dayana Różowy,Gorsenia,7
5902771455179, Biustonosz Soft Model G006 Dayana Pink - Gorsenia Lingerie ,Gorsenia Lingerie,0,Biustonosz G006 RÓŻ,Gorsenia,0,Biustonosz soft Gorsenia G006 Dayana Różowy,Gorsenia,8
5902771455186, Biustonosz Soft Model G006 Dayana Pink - Gorsenia Lingerie ,Gorsenia Lingerie,0,Biustonosz G006 RÓŻ,Gorsenia,0,Biustonosz soft Gorsenia G006 Dayana Różowy,Gorsenia,2
5902771455261, Biustonosz Soft Model G006 Dayana Pink - Gorsenia Lingerie ,Gorsenia Lingerie,0,Biustonosz G006 RÓŻ,Gorsenia,0,Biustonosz soft Gorsenia G006 Dayana Różowy,Gorsenia,1
5902771455278, Biustonosz Soft Model G006 Dayana Pink - Gorsenia Lingerie ,Gorsenia Lingerie,0,Biustonosz G006 RÓŻ,Gorsenia,0,Biustonosz soft Gorsenia G006 Dayana Różowy,Gorsenia,7
5902771455285, Biustonosz Soft Model G006 Dayana Pink - Gorsenia Lingerie ,Gorsenia Lingerie,0,Biustonosz G006 RÓŻ,Gorsenia,0,Biustonosz soft Gorsenia G006 Dayana Różowy,Gorsenia,4
5902771455292, Biustonosz Soft Model G006 Dayana Pink - Gorsenia Lingerie ,Gorsenia Lingerie,0,Biustonosz G006 RÓŻ,Gorsenia,0,Biustonosz soft Gorsenia G006 Dayana Różowy,Gorsenia,1
5902771455384, Biustonosz Soft Model G006 Dayana Pink - Gorsenia Lingerie ,Gorsenia Lingerie,0,Biustonosz G006 RÓŻ,Gorsenia,0,Biustonosz soft Gorsenia G006 Dayana Różowy,Gorsenia,2
5902771455391, Biustonosz Soft Model G006 Dayana Pink - Gorsenia Lingerie ,Gorsenia Lingerie,0,Biustonosz G006 RÓŻ,Gorsenia,0,Biustonosz soft Gorsenia G006 Dayana Różowy,Gorsenia,2
5902771455407, Biustonosz Soft Model G006 Dayana Pink - Gorsenia Lingerie ,Gorsenia Lingerie,0,Biustonosz G006 RÓŻ,Gorsenia,0,Biustonosz soft Gorsenia G006 Dayana Różowy,Gorsenia,5
5902771455414, Biustonosz Soft Model G006 Dayana Pink - Gorsenia Lingerie ,Gorsenia Lingerie,0,Biustonosz G006 RÓŻ,Gorsenia,0,Biustonosz soft Gorsenia G006 Dayana Różowy,Gorsenia,1
5902771455827, Figi Model F006 Dayana Pink - Gorsenia Lingerie ,Gorsenia Lingerie,0,Figi F006 RÓŻ,Gorsenia,0,Figi Gorsenia F 006 Dayana Różowy M-4XL,Gorsenia,7
5902771455834, Figi Model F006 Dayana Pink - Gorsenia Lingerie ,Gorsenia Lingerie,0,Figi F006 RÓŻ,Gorsenia,0,Figi Gorsenia F 006 Dayana Różowy M-4XL,Gorsenia,3
5902771455889, Figi Brazyliany Model B006 Dayana Pink - Gorsenia Lingerie ,Gorsenia Lingerie,0,Figi B006 RÓŻ,Gorsenia,0,Figi Gorsenia B 006 Dayana Brazyliany Różowy S-2XL,Gorsenia,4
5902771455896, Figi Brazyliany Model B006 Dayana Pink - Gorsenia Lingerie ,Gorsenia Lingerie,0,Figi B006 RÓŻ,Gorsenia,0,Figi Gorsenia B 006 Dayana Brazyliany Różowy S-2XL,Gorsenia,8
5902771455902, Figi Brazyliany Model B006 Dayana Pink - Gorsenia Lingerie ,Gorsenia Lingerie,0,Figi B006 RÓŻ,Gorsenia,0,Figi Gorsenia B 006 Dayana Brazyliany Różowy S-2XL,Gorsenia,8
5902771455919, Figi Brazyliany Model B006 Dayana Pink - Gorsenia Lingerie ,Gorsenia Lingerie,0,Figi B006 RÓŻ,Gorsenia,0,Figi Gorsenia B 006 Dayana Brazyliany Różowy S-2XL,Gorsenia,4
5902771468292, Biustonosz Soft Model Lotta G007 Migdał - Gorsenia Lingerie ,Gorsenia Lingerie,0,Biustonosz G007 MIG,Gorsenia,0,Biustonosz soft Gorsenia G007 Lotta Migdałowy,Gorsenia,1
5902771468308, Biustonosz Soft Model Lotta G007 Migdał - Gorsenia Lingerie ,Gorsenia Lingerie,0,Biustonosz G007 MIG,Gorsenia,0,Biustonosz soft Gorsenia G007 Lotta Migdałowy,Gorsenia,2
5902771468988, Figi Model F007 MIG Beige - Gorsenia Lingerie ,Gorsenia Lingerie,0,Figi F007 MIG,Gorsenia,0,,,1
5902884563754, Biustonosz Soft Biustonosz Semi-soft Model Sophie BC-676 157903 Black - Kinga ,Kinga,21,Biustonosz BC-676,Kinga,1,Biustonosz semi soft Kinga BC-676 Sophie,Kinga,1
5902884563761, Biustonosz Soft Biustonosz Semi-soft Model Sophie BC-676 157903 Black - Kinga ,Kinga,10,Biustonosz BC-676,Kinga,3,Biustonosz semi soft Kinga BC-676 Sophie,Kinga,3
5902884563853, Biustonosz Soft Biustonosz Semi-soft Model Sophie BC-676 157903 Black - Kinga ,Kinga,1,Biustonosz BC-676,Kinga,0,Biustonosz semi soft Kinga BC-676 Sophie,Kinga,2
5902884563884, Biustonosz Soft Biustonosz Semi-soft Model Sophie BC-676 157903 Black - Kinga ,Kinga,21,Biustonosz BC-676,Kinga,0,Biustonosz semi soft Kinga BC-676 Sophie,Kinga,3
5902884563891, Biustonosz Soft Biustonosz Semi-soft Model Sophie BC-676 157903 Black - Kinga ,Kinga,21,Biustonosz BC-676,Kinga,4,Biustonosz semi soft Kinga BC-676 Sophie,Kinga,2
5902884563907, Biustonosz Soft Biustonosz Semi-soft Model Sophie BC-676 157903 Black - Kinga ,Kinga,2,Biustonosz BC-676,Kinga,3,Biustonosz semi soft Kinga BC-676 Sophie,Kinga,4
5902884563945, Biustonosz Soft Biustonosz Semi-soft Model Sophie BC-676 157903 Black - Kinga ,Kinga,24,Biustonosz BC-676,Kinga,0,Biustonosz semi soft Kinga BC-676 Sophie,Kinga,2
5902884563952, Biustonosz Soft Biustonosz Semi-soft Model Sophie BC-676 157903 Black - Kinga ,Kinga,2,Biustonosz BC-676,Kinga,0,Biustonosz semi soft Kinga BC-676 Sophie,Kinga,3
5902884563969, Biustonosz Soft Biustonosz Semi-soft Model Sophie BC-676 157903 Black - Kinga ,Kinga,15,Biustonosz BC-676,Kinga,0,Biustonosz semi soft Kinga BC-676 Sophie,Kinga,6
5902884563976, Biustonosz Soft Biustonosz Semi-soft Model Sophie BC-676 157903 Black - Kinga ,Kinga,0,Biustonosz BC-676,Kinga,0,Biustonosz semi soft Kinga BC-676 Sophie,Kinga,3
5902884563983, Biustonosz Soft Biustonosz Semi-soft Model Sophie BC-676 157903 Black - Kinga ,Kinga,33,Biustonosz BC-676,Kinga,0,Biustonosz semi soft Kinga BC-676 Sophie,Kinga,5
5902884563990, Biustonosz Soft Biustonosz Semi-soft Model Sophie BC-676 157903 Black - Kinga ,Kinga,40,Biustonosz BC-676,Kinga,0,Biustonosz semi soft Kinga BC-676 Sophie,Kinga,2
5902884564027, Biustonosz Soft Biustonosz Semi-soft Model Sophie BC-676 157903 Black - Kinga ,Kinga,1,Biustonosz BC-676/1,Kinga,0,Biustonosz semi soft Kinga BC-676/1 Sophie,Kinga,3
5902884564041, Biustonosz Soft Biustonosz Semi-soft Model Sophie BC-676 157903 Black - Kinga ,Kinga,12,Biustonosz BC-676,Kinga,2,Biustonosz semi soft Kinga BC-676 Sophie,Kinga,3
5902884564065, Biustonosz Soft Biustonosz Semi-soft Model Sophie BC-676 157903 Black - Kinga ,Kinga,40,Biustonosz BC-676,Kinga,0,Biustonosz semi soft Kinga BC-676 Sophie,Kinga,5
5902884564072, Biustonosz Soft Biustonosz Semi-soft Model Sophie BC-676 157903 Black - Kinga ,Kinga,15,Biustonosz BC-676,Kinga,0,Biustonosz semi soft Kinga BC-676 Sophie,Kinga,5
5902884564089, Biustonosz Soft Biustonosz Semi-soft Model Sophie BC-676 157903 Black - Kinga ,Kinga,40,Biustonosz BC-676,Kinga,0,Biustonosz semi soft Kinga BC-676 Sophie,Kinga,6
5902884564096, Biustonosz Soft Biustonosz Semi-soft Model Sophie BC-676 157903 Black - Kinga ,Kinga,26,Biustonosz BC-676,Kinga,0,Biustonosz semi soft Kinga BC-676 Sophie,Kinga,7
5902884564102, Biustonosz Soft Biustonosz Semi-soft Model Sophie BC-676 157903 Black - Kinga ,Kinga,1,Biustonosz BC-676,Kinga,0,Biustonosz semi soft Kinga BC-676 Sophie,Kinga,4
5902884564157, Biustonosz Soft Biustonosz Semi-soft Model Sophie BC-676 157903 Black - Kinga ,Kinga,17,Biustonosz BC-676,Kinga,0,Biustonosz semi soft Kinga BC-676 Sophie,Kinga,5
5902884564164, Biustonosz Soft Biustonosz Semi-soft Model Sophie BC-676 157903 Black - Kinga ,Kinga,5,Biustonosz BC-676,Kinga,0,Biustonosz semi soft Kinga BC-676 Sophie,Kinga,3
5902884564171, Biustonosz Soft Biustonosz Semi-soft Model Sophie BC-676 157903 Black - Kinga ,Kinga,9,Biustonosz BC-676,Kinga,0,Biustonosz semi soft Kinga BC-676 Sophie,Kinga,7
5902884564188, Biustonosz Soft Biustonosz Semi-soft Model Sophie BC-676 157903 Black - Kinga ,Kinga,40,Biustonosz BC-676,Kinga,0,Biustonosz semi soft Kinga BC-676 Sophie,Kinga,4
5902884564195, Biustonosz Soft Biustonosz Semi-soft Model Sophie BC-676 157903 Black - Kinga ,Kinga,39,Biustonosz BC-676,Kinga,1,Biustonosz semi soft Kinga BC-676 Sophie,Kinga,3
5902884564232, Biustonosz Soft Biustonosz Semi-soft Model Sophie BC-676 157903 Black - Kinga ,Kinga,23,Biustonosz BC-676,Kinga,0,Biustonosz semi soft Kinga BC-676 Sophie,Kinga,4
5902884564249, Biustonosz Soft Biustonosz Semi-soft Model Sophie BC-676 157903 Black - Kinga ,Kinga,1,Biustonosz BC-676,Kinga,1,Biustonosz semi soft Kinga BC-676 Sophie,Kinga,5
5902884564256, Biustonosz Soft Biustonosz Semi-soft Model Sophie BC-676 157903 Black - Kinga ,Kinga,26,Biustonosz BC-676,Kinga,0,Biustonosz semi soft Kinga BC-676 Sophie,Kinga,6
5902884564263, Biustonosz Soft Biustonosz Semi-soft Model Sophie BC-676 157903 Black - Kinga ,Kinga,3,Biustonosz BC-676,Kinga,0,Biustonosz semi soft Kinga BC-676 Sophie,Kinga,2
5902884564324, Biustonosz Soft Biustonosz Semi-soft Model Sophie BC-676 157903 Black - Kinga ,Kinga,25,Biustonosz BC-676,Kinga,0,Biustonosz semi soft Kinga BC-676 Sophie,Kinga,2
5902884564331, Biustonosz Soft Biustonosz Semi-soft Model Sophie BC-676 157903 Black - Kinga ,Kinga,29,Biustonosz BC-676,Kinga,0,Biustonosz semi soft Kinga BC-676 Sophie,Kinga,3
5902884564348, Biustonosz Soft Biustonosz Semi-soft Model Sophie BC-676 157903 Black - Kinga ,Kinga,10,Biustonosz BC-676,Kinga,0,Biustonosz semi soft Kinga BC-676 Sophie,Kinga,3
5902884564386, Biustonosz Soft Biustonosz Semi-soft Model Sophie BC-676 157903 Black - Kinga ,Kinga,3,Biustonosz BC-676,Kinga,0,Biustonosz semi soft Kinga BC-676 Sophie,Kinga,2
5902884564393, Biustonosz Soft Biustonosz Semi-soft Model Sophie BC-676 157903 Black - Kinga ,Kinga,3,Biustonosz BC-676,Kinga,0,Biustonosz semi soft Kinga BC-676 Sophie,Kinga,3
5902884564409, Biustonosz Soft Biustonosz Semi-soft Model Sophie BC-676 157903 Black - Kinga ,Kinga,0,Biustonosz BC-676,Kinga,0,Biustonosz semi soft Kinga BC-676 Sophie,Kinga,2
5902884564416, Biustonosz Soft Biustonosz Semi-soft Model Sophie BC-676 157903 Black - Kinga ,Kinga,8,Biustonosz BC-676/1,Kinga,0,Biustonosz semi soft Kinga BC-676/1 Sophie,Kinga,4
5902884564423, Biustonosz Soft Biustonosz Semi-soft Model Sophie BC-676 157903 Black - Kinga ,Kinga,0,Biustonosz BC-676/1,Kinga,0,Biustonosz semi soft Kinga BC-676/1 Sophie,Kinga,5
5902884564430, Biustonosz Soft Biustonosz Semi-soft Model Sophie BC-676 157903 Black - Kinga ,Kinga,3,Biustonosz BC-676/1,Kinga,0,Biustonosz semi soft Kinga BC-676/1 Sophie,Kinga,3
5902884564447, Biustonosz Soft Biustonosz Semi-soft Model Sophie BC-676 157903 Black - Kinga ,Kinga,12,Biustonosz BC-676,Kinga,0,Biustonosz semi soft Kinga BC-676 Sophie,Kinga,3
5902884564454, Biustonosz Soft Biustonosz Semi-soft Model Sophie BC-676 157903 Black - Kinga ,Kinga,0,Biustonosz BC-676,Kinga,0,Biustonosz semi soft Kinga BC-676 Sophie,Kinga,2
5902884564461, Biustonosz Soft Biustonosz Semi-soft Model Sophie BC-676 157903 Black - Kinga ,Kinga,6,Biustonosz BC-676/1,Kinga,0,Biustonosz semi soft Kinga BC-676/1 Sophie,Kinga,2
5902884564478, Biustonosz Soft Biustonosz Semi-soft Model Sophie BC-676 157903 Black - Kinga ,Kinga,0,Biustonosz BC-676/1,Kinga,0,Biustonosz semi soft Kinga BC-676/1 Sophie,Kinga,2
5902884564485, Biustonosz Soft Biustonosz Semi-soft Model Sophie BC-676 157903 Black - Kinga ,Kinga,5,Biustonosz BC-676/1,Kinga,0,Biustonosz semi soft Kinga BC-676/1 Sophie,Kinga,4
5902884565024, Biustonosz Soft Biustonosz Semi-soft Model Sophie BC-676 157902 White - Kinga ,Kinga,24,Biustonosz BC-676,Kinga,2,Biustonosz semi soft Kinga BC-676 Sophie,Kinga,1
5902884565031, Biustonosz Soft Biustonosz Semi-soft Model Sophie BC-676 157902 White - Kinga ,Kinga,22,Biustonosz BC-676,Kinga,2,Biustonosz semi soft Kinga BC-676 Sophie,Kinga,1
5902884565048, Biustonosz Soft Biustonosz Semi-soft Model Sophie BC-676 157902 White - Kinga ,Kinga,25,Biustonosz BC-676,Kinga,1,Biustonosz semi soft Kinga BC-676 Sophie,Kinga,1
5902884565055, Biustonosz Soft Biustonosz Semi-soft Model Sophie BC-676 157902 White - Kinga ,Kinga,23,Biustonosz BC-676,Kinga,2,Biustonosz semi soft Kinga BC-676 Sophie,Kinga,1
5902884565123, Biustonosz Soft Biustonosz Semi-soft Model Sophie BC-676 157902 White - Kinga ,Kinga,40,Biustonosz BC-676,Kinga,2,Biustonosz semi soft Kinga BC-676 Sophie,Kinga,2
5902884565130, Biustonosz Soft Biustonosz Semi-soft Model Sophie BC-676 157902 White - Kinga ,Kinga,40,Biustonosz BC-676,Kinga,0,Biustonosz semi soft Kinga BC-676 Sophie,Kinga,4
5902884565147, Biustonosz Soft Biustonosz Semi-soft Model Sophie BC-676 157902 White - Kinga ,Kinga,40,Biustonosz BC-676,Kinga,0,Biustonosz semi soft Kinga BC-676 Sophie,Kinga,2
5902884565154, Biustonosz Soft Biustonosz Semi-soft Model Sophie BC-676 157902 White - Kinga ,Kinga,40,Biustonosz BC-676,Kinga,0,Biustonosz semi soft Kinga BC-676 Sophie,Kinga,2
5902884565161, Biustonosz Soft Biustonosz Semi-soft Model Sophie BC-676 157902 White - Kinga ,Kinga,34,Biustonosz BC-676,Kinga,3,Biustonosz semi soft Kinga BC-676 Sophie,Kinga,3
5902884565178, Biustonosz Soft Biustonosz Semi-soft Model Sophie BC-676 157902 White - Kinga ,Kinga,25,Biustonosz BC-676,Kinga,1,Biustonosz semi soft Kinga BC-676 Sophie,Kinga,3
5902884565215, Biustonosz Soft Biustonosz Semi-soft Model Sophie BC-676 157902 White - Kinga ,Kinga,23,Biustonosz BC-676,Kinga,0,Biustonosz semi soft Kinga BC-676 Sophie,Kinga,3
5902884565222, Biustonosz Soft Biustonosz Semi-soft Model Sophie BC-676 157902 White - Kinga ,Kinga,21,Biustonosz BC-676,Kinga,1,Biustonosz semi soft Kinga BC-676 Sophie,Kinga,4
5902884565239, Biustonosz Soft Biustonosz Semi-soft Model Sophie BC-676 157902 White - Kinga ,Kinga,35,Biustonosz BC-676,Kinga,0,Biustonosz semi soft Kinga BC-676 Sophie,Kinga,3
5902884565246, Biustonosz Soft Biustonosz Semi-soft Model Sophie BC-676 157902 White - Kinga ,Kinga,19,Biustonosz BC-676,Kinga,0,Biustonosz semi soft Kinga BC-676 Sophie,Kinga,4
5902884565253, Biustonosz Soft Biustonosz Semi-soft Model Sophie BC-676 157902 White - Kinga ,Kinga,40,Biustonosz BC-676,Kinga,0,Biustonosz semi soft Kinga BC-676 Sophie,Kinga,3
5902884565260, Biustonosz Soft Biustonosz Semi-soft Model Sophie BC-676 157902 White - Kinga ,Kinga,26,Biustonosz BC-676,Kinga,0,Biustonosz semi soft Kinga BC-676 Sophie,Kinga,4
5902884565277, Biustonosz Soft Biustonosz Semi-soft Model Sophie BC-676 157902 White - Kinga ,Kinga,18,Biustonosz BC-676,Kinga,0,Biustonosz semi soft Kinga BC-676 Sophie,Kinga,4
5902884565314, Biustonosz Soft Biustonosz Semi-soft Model Sophie BC-676 157902 White - Kinga ,Kinga,22,Biustonosz BC-676,Kinga,0,Biustonosz semi soft Kinga BC-676 Sophie,Kinga,6
5902884565321, Biustonosz Soft Biustonosz Semi-soft Model Sophie BC-676 157902 White - Kinga ,Kinga,22,Biustonosz BC-676,Kinga,0,Biustonosz semi soft Kinga BC-676 Sophie,Kinga,5
5902884565338, Biustonosz Soft Biustonosz Semi-soft Model Sophie BC-676 157902 White - Kinga ,Kinga,28,Biustonosz BC-676,Kinga,0,Biustonosz semi soft Kinga BC-676 Sophie,Kinga,7
5902884565345, Biustonosz Soft Biustonosz Semi-soft Model Sophie BC-676 157902 White - Kinga ,Kinga,30,Biustonosz BC-676,Kinga,0,Biustonosz semi soft Kinga BC-676 Sophie,Kinga,4
5902884565352, Biustonosz Soft Biustonosz Semi-soft Model Sophie BC-676 157902 White - Kinga ,Kinga,23,Biustonosz BC-676,Kinga,0,Biustonosz semi soft Kinga BC-676 Sophie,Kinga,3
5902884565369, Biustonosz Soft Biustonosz Semi-soft Model Sophie BC-676 157902 White - Kinga ,Kinga,19,Biustonosz BC-676,Kinga,0,Biustonosz semi soft Kinga BC-676 Sophie,Kinga,4
5902884565376, Biustonosz Soft Biustonosz Semi-soft Model Sophie BC-676 157902 White - Kinga ,Kinga,22,Biustonosz BC-676,Kinga,0,Biustonosz semi soft Kinga BC-676 Sophie,Kinga,5
5902884565383, Biustonosz Soft Biustonosz Semi-soft Model Sophie BC-676 157902 White - Kinga ,Kinga,28,Biustonosz BC-676/1,Kinga,0,Biustonosz semi soft Kinga BC-676/1 Sophie,Kinga,2
5902884565390, Biustonosz Soft Biustonosz Semi-soft Model Sophie BC-676 157902 White - Kinga ,Kinga,20,Biustonosz BC-676/1,Kinga,4,Biustonosz semi soft Kinga BC-676/1 Sophie,Kinga,2
5902884565413, Biustonosz Soft Biustonosz Semi-soft Model Sophie BC-676 157902 White - Kinga ,Kinga,15,Biustonosz BC-676,Kinga,0,Biustonosz semi soft Kinga BC-676 Sophie,Kinga,4
5902884565420, Biustonosz Soft Biustonosz Semi-soft Model Sophie BC-676 157902 White - Kinga ,Kinga,22,Biustonosz BC-676,Kinga,0,Biustonosz semi soft Kinga BC-676 Sophie,Kinga,5
5902884565437, Biustonosz Soft Biustonosz Semi-soft Model Sophie BC-676 157902 White - Kinga ,Kinga,36,Biustonosz BC-676,Kinga,0,Biustonosz semi soft Kinga BC-676 Sophie,Kinga,5
5902884565444, Biustonosz Soft Biustonosz Semi-soft Model Sophie BC-676 157902 White - Kinga ,Kinga,33,Biustonosz BC-676,Kinga,0,Biustonosz semi soft Kinga BC-676 Sophie,Kinga,4
5902884565451, Biustonosz Soft Biustonosz Semi-soft Model Sophie BC-676 157902 White - Kinga ,Kinga,26,Biustonosz BC-676,Kinga,1,Biustonosz semi soft Kinga BC-676 Sophie,Kinga,3
5902884565468, Biustonosz Soft Biustonosz Semi-soft Model Sophie BC-676 157902 White - Kinga ,Kinga,1,Biustonosz BC-676,Kinga,2,Biustonosz semi soft Kinga BC-676 Sophie,Kinga,3
5902884565475, Biustonosz Soft Biustonosz Semi-soft Model Sophie BC-676 157902 White - Kinga ,Kinga,21,Biustonosz BC-676/1,Kinga,0,Biustonosz semi soft Kinga BC-676/1 Sophie,Kinga,3
5902884565482, Biustonosz Soft Biustonosz Semi-soft Model Sophie BC-676 157902 White - Kinga ,Kinga,1,Biustonosz BC-676/1,Kinga,0,Biustonosz semi soft Kinga BC-676/1 Sophie,Kinga,2
5902884565499, Biustonosz Soft Biustonosz Semi-soft Model Sophie BC-676 157902 White - Kinga ,Kinga,19,Biustonosz BC-676/1,Kinga,0,Biustonosz semi soft Kinga BC-676/1 Sophie,Kinga,3
5902884565505, Biustonosz Soft Biustonosz Semi-soft Model Sophie BC-676 157902 White - Kinga ,Kinga,18,Biustonosz BC-676,Kinga,0,Biustonosz semi soft Kinga BC-676 Sophie,Kinga,3
5902884565512, Biustonosz Soft Biustonosz Semi-soft Model Sophie BC-676 157902 White - Kinga ,Kinga,15,Biustonosz BC-676,Kinga,0,Biustonosz semi soft Kinga BC-676 Sophie,Kinga,5
5902884565529, Biustonosz Soft Biustonosz Semi-soft Model Sophie BC-676 157902 White - Kinga ,Kinga,22,Biustonosz BC-676,Kinga,0,Biustonosz semi soft Kinga BC-676 Sophie,Kinga,5
5902884565536, Biustonosz Soft Biustonosz Semi-soft Model Sophie BC-676 157902 White - Kinga ,Kinga,27,Biustonosz BC-676,Kinga,0,Biustonosz semi soft Kinga BC-676 Sophie,Kinga,3
5902884565543, Biustonosz Soft Biustonosz Semi-soft Model Sophie BC-676 157902 White - Kinga ,Kinga,16,Biustonosz BC-676,Kinga,0,Biustonosz semi soft Kinga BC-676 Sophie,Kinga,3
5902884565550, Biustonosz Soft Biustonosz Semi-soft Model Sophie BC-676 157902 White - Kinga ,Kinga,25,Biustonosz BC-676/1,Kinga,1,Biustonosz semi soft Kinga BC-676/1 Sophie,Kinga,3
5902884565567, Biustonosz Soft Biustonosz Semi-soft Model Sophie BC-676 157902 White - Kinga ,Kinga,30,Biustonosz BC-676/1,Kinga,0,Biustonosz semi soft Kinga BC-676/1 Sophie,Kinga,2
5902884565581, Biustonosz Soft Biustonosz Semi-soft Model Sophie BC-676 157902 White - Kinga ,Kinga,22,Biustonosz BC-676,Kinga,0,Biustonosz semi soft Kinga BC-676 Sophie,Kinga,3
5902884565598, Biustonosz Soft Biustonosz Semi-soft Model Sophie BC-676 157902 White - Kinga ,Kinga,28,Biustonosz BC-676,Kinga,0,Biustonosz semi soft Kinga BC-676 Sophie,Kinga,3
5902884565604, Biustonosz Soft Biustonosz Semi-soft Model Sophie BC-676 157902 White - Kinga ,Kinga,30,Biustonosz BC-676,Kinga,0,Biustonosz semi soft Kinga BC-676 Sophie,Kinga,2
5902884565611, Biustonosz Soft Biustonosz Semi-soft Model Sophie BC-676 157902 White - Kinga ,Kinga,20,Biustonosz BC-676,Kinga,0,Biustonosz semi soft Kinga BC-676 Sophie,Kinga,2
5902884565628, Biustonosz Soft Biustonosz Semi-soft Model Sophie BC-676 157902 White - Kinga ,Kinga,21,Biustonosz BC-676/1,Kinga,0,Biustonosz semi soft Kinga BC-676/1 Sophie,Kinga,3
5902884565635, Biustonosz Soft Biustonosz Semi-soft Model Sophie BC-676 157902 White - Kinga ,Kinga,1,Biustonosz BC-676/1,Kinga,0,Biustonosz semi soft Kinga BC-676/1 Sophie,Kinga,3
5902884565659, Biustonosz Soft Biustonosz Semi-soft Model Sophie BC-676 157902 White - Kinga ,Kinga,27,Biustonosz BC-676,Kinga,0,Biustonosz semi soft Kinga BC-676 Sophie,Kinga,2
5902884565666, Biustonosz Soft Biustonosz Semi-soft Model Sophie BC-676 157902 White - Kinga ,Kinga,24,Biustonosz BC-676,Kinga,0,Biustonosz semi soft Kinga BC-676 Sophie,Kinga,3
5902884565673, Biustonosz Soft Biustonosz Semi-soft Model Sophie BC-676 157902 White - Kinga ,Kinga,33,Biustonosz BC-676,Kinga,0,Biustonosz semi soft Kinga BC-676 Sophie,Kinga,2
5902884565680, Biustonosz Soft Biustonosz Semi-soft Model Sophie BC-676 157902 White - Kinga ,Kinga,25,Biustonosz BC-676/1,Kinga,0,Biustonosz semi soft Kinga BC-676/1 Sophie,Kinga,3
5902884565710, Biustonosz Soft Biustonosz Semi-soft Model Sophie BC-676 157902 White - Kinga ,Kinga,33,Biustonosz BC-676,Kinga,0,Biustonosz semi soft Kinga BC-676 Sophie,Kinga,3
5902884565727, Biustonosz Soft Biustonosz Semi-soft Model Sophie BC-676 157902 White - Kinga ,Kinga,29,Biustonosz BC-676,Kinga,0,Biustonosz semi soft Kinga BC-676 Sophie,Kinga,2
5902884565734, Biustonosz Soft Biustonosz Semi-soft Model Sophie BC-676 157902 White - Kinga ,Kinga,19,Biustonosz BC-676/1,Kinga,0,Biustonosz semi soft Kinga BC-676/1 Sophie,Kinga,3
5902884565741, Biustonosz Soft Biustonosz Semi-soft Model Sophie BC-676 157902 White - Kinga ,Kinga,24,Biustonosz BC-676/1,Kinga,0,Biustonosz semi soft Kinga BC-676/1 Sophie,Kinga,2
5902884565758, Biustonosz Soft Biustonosz Semi-soft Model Sophie BC-676 157902 White - Kinga ,Kinga,19,Biustonosz BC-676/1,Kinga,0,Biustonosz semi soft Kinga BC-676/1 Sophie,Kinga,3
5902884565789, Biustonosz Soft Biustonosz Semi-soft Model Sophie BC-676 157901 Beige - Kinga ,Kinga,1,Biustonosz BC-676,Kinga,0,Biustonosz semi soft Kinga BC-676 Sophie,Kinga,4
5902884565796, Biustonosz Soft Biustonosz Semi-soft Model Sophie BC-676 157901 Beige - Kinga ,Kinga,9,Biustonosz BC-676,Kinga,0,Biustonosz semi soft Kinga BC-676 Sophie,Kinga,5
5902884565864, Biustonosz Soft Biustonosz Semi-soft Model Sophie BC-676 157901 Beige - Kinga ,Kinga,26,Biustonosz BC-676,Kinga,0,Biustonosz semi soft Kinga BC-676 Sophie,Kinga,4
5902884565871, Biustonosz Soft Biustonosz Semi-soft Model Sophie BC-676 157901 Beige - Kinga ,Kinga,26,Biustonosz BC-676,Kinga,0,Biustonosz semi soft Kinga BC-676 Sophie,Kinga,4
5902884565888, Biustonosz Soft Biustonosz Semi-soft Model Sophie BC-676 157901 Beige - Kinga ,Kinga,25,Biustonosz BC-676,Kinga,0,Biustonosz semi soft Kinga BC-676 Sophie,Kinga,5
5902884565895, Biustonosz Soft Biustonosz Semi-soft Model Sophie BC-676 157901 Beige - Kinga ,Kinga,32,Biustonosz BC-676,Kinga,0,Biustonosz semi soft Kinga BC-676 Sophie,Kinga,3
5902884565956, Biustonosz Soft Biustonosz Semi-soft Model Sophie BC-676 157901 Beige - Kinga ,Kinga,40,Biustonosz BC-676,Kinga,0,Biustonosz semi soft Kinga BC-676 Sophie,Kinga,2
5902884565963, Biustonosz Soft Biustonosz Semi-soft Model Sophie BC-676 157901 Beige - Kinga ,Kinga,40,Biustonosz BC-676,Kinga,0,Biustonosz semi soft Kinga BC-676 Sophie,Kinga,6
5902884565970, Biustonosz Soft Biustonosz Semi-soft Model Sophie BC-676 157901 Beige - Kinga ,Kinga,40,Biustonosz BC-676,Kinga,0,Biustonosz semi soft Kinga BC-676 Sophie,Kinga,5
5902884565987, Biustonosz Soft Biustonosz Semi-soft Model Sophie BC-676 157901 Beige - Kinga ,Kinga,40,Biustonosz BC-676,Kinga,0,Biustonosz semi soft Kinga BC-676 Sophie,Kinga,10
5902884565994, Biustonosz Soft Biustonosz Semi-soft Model Sophie BC-676 157901 Beige - Kinga ,Kinga,1,Biustonosz BC-676,Kinga,0,Biustonosz semi soft Kinga BC-676 Sophie,Kinga,5
5902884566007, Biustonosz Soft Biustonosz Semi-soft Model Sophie BC-676 157901 Beige - Kinga ,Kinga,20,Biustonosz BC-676,Kinga,0,Biustonosz semi soft Kinga BC-676 Sophie,Kinga,5
5902884566052, Biustonosz Soft Biustonosz Semi-soft Model Sophie BC-676 157901 Beige - Kinga ,Kinga,21,Biustonosz BC-676,Kinga,2,Biustonosz semi soft Kinga BC-676 Sophie,Kinga,3
5902884566069, Biustonosz Soft Biustonosz Semi-soft Model Sophie BC-676 157901 Beige - Kinga ,Kinga,40,Biustonosz BC-676,Kinga,0,Biustonosz semi soft Kinga BC-676 Sophie,Kinga,5
5902884566076, Biustonosz Soft Biustonosz Semi-soft Model Sophie BC-676 157901 Beige - Kinga ,Kinga,26,Biustonosz BC-676,Kinga,0,Biustonosz semi soft Kinga BC-676 Sophie,Kinga,4
5902884566083, Biustonosz Soft Biustonosz Semi-soft Model Sophie BC-676 157901 Beige - Kinga ,Kinga,40,Biustonosz BC-676,Kinga,0,Biustonosz semi soft Kinga BC-676 Sophie,Kinga,7
5902884566090, Biustonosz Soft Biustonosz Semi-soft Model Sophie BC-676 157901 Beige - Kinga ,Kinga,1,Biustonosz BC-676,Kinga,0,Biustonosz semi soft Kinga BC-676 Sophie,Kinga,9
5902884566106, Biustonosz Soft Biustonosz Semi-soft Model Sophie BC-676 157901 Beige - Kinga ,Kinga,40,Biustonosz BC-676,Kinga,0,Biustonosz semi soft Kinga BC-676 Sophie,Kinga,4
5902884566113, Biustonosz Soft Biustonosz Semi-soft Model Sophie BC-676 157901 Beige - Kinga ,Kinga,25,Biustonosz BC-676,Kinga,0,Biustonosz semi soft Kinga BC-676 Sophie,Kinga,3
5902884566151, Biustonosz Soft Biustonosz Semi-soft Model Sophie BC-676 157901 Beige - Kinga ,Kinga,25,Biustonosz BC-676,Kinga,0,Biustonosz semi soft Kinga BC-676 Sophie,Kinga,4
5902884566168, Biustonosz Soft Biustonosz Semi-soft Model Sophie BC-676 157901 Beige - Kinga ,Kinga,39,Biustonosz BC-676,Kinga,0,Biustonosz semi soft Kinga BC-676 Sophie,Kinga,7
5902884566175, Biustonosz Soft Biustonosz Semi-soft Model Sophie BC-676 157901 Beige - Kinga ,Kinga,40,Biustonosz BC-676,Kinga,0,Biustonosz semi soft Kinga BC-676 Sophie,Kinga,9
5902884566182, Biustonosz Soft Biustonosz Semi-soft Model Sophie BC-676 157901 Beige - Kinga ,Kinga,40,Biustonosz BC-676,Kinga,0,Biustonosz semi soft Kinga BC-676 Sophie,Kinga,11
5902884566199, Biustonosz Soft Biustonosz Semi-soft Model Sophie BC-676 157901 Beige - Kinga ,Kinga,40,Biustonosz BC-676,Kinga,0,Biustonosz semi soft Kinga BC-676 Sophie,Kinga,7
5902884566205, Biustonosz Soft Biustonosz Semi-soft Model Sophie BC-676 157901 Beige - Kinga ,Kinga,40,Biustonosz BC-676,Kinga,0,Biustonosz semi soft Kinga BC-676 Sophie,Kinga,4
5902884566212, Biustonosz Soft Biustonosz Semi-soft Model Sophie BC-676 157901 Beige - Kinga ,Kinga,20,Biustonosz BC-676/1,Kinga,0,Biustonosz semi soft Kinga BC-676/1 Sophie,Kinga,3
5902884566243, Biustonosz Soft Biustonosz Semi-soft Model Sophie BC-676 157901 Beige - Kinga ,Kinga,19,Biustonosz BC-676,Kinga,0,Biustonosz semi soft Kinga BC-676 Sophie,Kinga,3
5902884566250, Biustonosz Soft Biustonosz Semi-soft Model Sophie BC-676 157901 Beige - Kinga ,Kinga,40,Biustonosz BC-676,Kinga,0,Biustonosz semi soft Kinga BC-676 Sophie,Kinga,3
5902884566267, Biustonosz Soft Biustonosz Semi-soft Model Sophie BC-676 157901 Beige - Kinga ,Kinga,40,Biustonosz BC-676,Kinga,0,Biustonosz semi soft Kinga BC-676 Sophie,Kinga,1
5902884566274, Biustonosz Soft Biustonosz Semi-soft Model Sophie BC-676 157901 Beige - Kinga ,Kinga,40,Biustonosz BC-676,Kinga,0,Biustonosz semi soft Kinga BC-676 Sophie,Kinga,4
5902884566281, Biustonosz Soft Biustonosz Semi-soft Model Sophie BC-676 157901 Beige - Kinga ,Kinga,1,Biustonosz BC-676,Kinga,0,Biustonosz semi soft Kinga BC-676 Sophie,Kinga,3
5902884566298, Biustonosz Soft Biustonosz Semi-soft Model Sophie BC-676 157901 Beige - Kinga ,Kinga,21,Biustonosz BC-676/1,Kinga,0,Biustonosz semi soft Kinga BC-676/1 Sophie,Kinga,3
5902884566304, Biustonosz Soft Biustonosz Semi-soft Model Sophie BC-676 157901 Beige - Kinga ,Kinga,1,Biustonosz BC-676/1,Kinga,0,Biustonosz semi soft Kinga BC-676/1 Sophie,Kinga,2
5902884566328, Biustonosz Soft Biustonosz Semi-soft Model Sophie BC-676 157901 Beige - Kinga ,Kinga,20,Biustonosz BC-676,Kinga,0,Biustonosz semi soft Kinga BC-676 Sophie,Kinga,4
5902884566335, Biustonosz Soft Biustonosz Semi-soft Model Sophie BC-676 157901 Beige - Kinga ,Kinga,40,Biustonosz BC-676,Kinga,0,Biustonosz semi soft Kinga BC-676 Sophie,Kinga,2
5902884566342, Biustonosz Soft Biustonosz Semi-soft Model Sophie BC-676 157901 Beige - Kinga ,Kinga,20,Biustonosz BC-676,Kinga,0,Biustonosz semi soft Kinga BC-676 Sophie,Kinga,3
5902884566359, Biustonosz Soft Biustonosz Semi-soft Model Sophie BC-676 157901 Beige - Kinga ,Kinga,22,Biustonosz BC-676,Kinga,0,Biustonosz semi soft Kinga BC-676 Sophie,Kinga,2
5902884566366, Biustonosz Soft Biustonosz Semi-soft Model Sophie BC-676 157901 Beige - Kinga ,Kinga,22,Biustonosz BC-676/1,Kinga,0,Biustonosz semi soft Kinga BC-676/1 Sophie,Kinga,3
5902884566373, Biustonosz Soft Biustonosz Semi-soft Model Sophie BC-676 157901 Beige - Kinga ,Kinga,1,Biustonosz BC-676/1,Kinga,0,Biustonosz semi soft Kinga BC-676/1 Sophie,Kinga,1
5902884566380, Biustonosz Soft Biustonosz Semi-soft Model Sophie BC-676 157901 Beige - Kinga ,Kinga,37,Biustonosz BC-676/1,Kinga,0,Biustonosz semi soft Kinga BC-676/1 Sophie,Kinga,3
5902884566397, Biustonosz Soft Biustonosz Semi-soft Model Sophie BC-676 157901 Beige - Kinga ,Kinga,26,Biustonosz BC-676,Kinga,0,Biustonosz semi soft Kinga BC-676 Sophie,Kinga,2
5902884566403, Biustonosz Soft Biustonosz Semi-soft Model Sophie BC-676 157901 Beige - Kinga ,Kinga,1,Biustonosz BC-676,Kinga,0,Biustonosz semi soft Kinga BC-676 Sophie,Kinga,2
5902884566410, Biustonosz Soft Biustonosz Semi-soft Model Sophie BC-676 157901 Beige - Kinga ,Kinga,1,Biustonosz BC-676,Kinga,0,Biustonosz semi soft Kinga BC-676 Sophie,Kinga,3
5902884566427, Biustonosz Soft Biustonosz Semi-soft Model Sophie BC-676 157901 Beige - Kinga ,Kinga,33,Biustonosz BC-676/1,Kinga,0,Biustonosz semi soft Kinga BC-676/1 Sophie,Kinga,2
5902884566434, Biustonosz Soft Biustonosz Semi-soft Model Sophie BC-676 157901 Beige - Kinga ,Kinga,10,Biustonosz BC-676/1,Kinga,0,Biustonosz semi soft Kinga BC-676/1 Sophie,Kinga,3
5902884566465, Biustonosz Soft Biustonosz Semi-soft Model Sophie BC-676 157901 Beige - Kinga ,Kinga,13,Biustonosz BC-676,Kinga,0,Biustonosz semi soft Kinga BC-676 Sophie,Kinga,4
5902884566472, Biustonosz Soft Biustonosz Semi-soft Model Sophie BC-676 157901 Beige - Kinga ,Kinga,10,Biustonosz BC-676/1,Kinga,0,Biustonosz semi soft Kinga BC-676/1 Sophie,Kinga,3
5902884566489, Biustonosz Soft Biustonosz Semi-soft Model Sophie BC-676 157901 Beige - Kinga ,Kinga,8,Biustonosz BC-676/1,Kinga,0,Biustonosz semi soft Kinga BC-676/1 Sophie,Kinga,4
5902884566496, Biustonosz Soft Biustonosz Semi-soft Model Sophie BC-676 157901 Beige - Kinga ,Kinga,18,Biustonosz BC-676/1,Kinga,0,Biustonosz semi soft Kinga BC-676/1 Sophie,Kinga,3
5903133300113, Stringi Model Karioka White - Wolbar ,Wolbar,2,Stringi KARIOKA,Wolbar,2,Stringi Wolbar Karioka S-L,Wolbar,4
5903133302308, Figi Model Tahoo Maxi White - Wolbar ,Wolbar,1,Figi TAHOO MAXI+,Wolbar,1,Figi Wolbar Tahoo Maxi 2XL-3XL,Wolbar,4
5903133303978, Figi Model Misteria White - Wolbar ,Wolbar,1,Figi MISTERIA,Wolbar,0,Figi Wolbar Misteria S-XL,Wolbar,9
5903133303992, Figi Model Misteria White - Wolbar ,Wolbar,1,Figi MISTERIA,Wolbar,1,Figi Wolbar Misteria S-XL,Wolbar,5
5903133304746, Figi Model Misteria Beige - Wolbar ,Wolbar,3,Figi MISTERIA,Wolbar,3,Figi Wolbar Misteria S-XL,Wolbar,3
5903133304814, Figi Model Misteria Black - Wolbar ,Wolbar,1,Figi MISTERIA,Wolbar,1,Figi Wolbar Misteria S-XL,Wolbar,2
5903133306115, Figi Model Leda White - Wolbar ,Wolbar,1,Figi LEDA,Wolbar,0,Figi Wolbar Leda S-XL,Wolbar,2
5903133308119,  Figi Model Discretia White - Wolbar ,Wolbar,2,Figi DISCRETIA,Wolbar,2,Figi Wolbar Discretia S-2XL,Wolbar,11
5903133308126,  Figi Model Discretia White - Wolbar ,Wolbar,1,Figi DISCRETIA,Wolbar,1,Figi Wolbar Discretia S-2XL,Wolbar,12
5903133308133,  Figi Model Discretia White - Wolbar ,Wolbar,1,Figi DISCRETIA,Wolbar,1,Figi Wolbar Discretia S-2XL,Wolbar,13
5903133308140,  Figi Model Discretia White - Wolbar ,Wolbar,3,Figi DISCRETIA,Wolbar,3,Figi Wolbar Discretia S-2XL,Wolbar,19
5903133308157,  Figi Model Discretia White - Wolbar ,Wolbar,1,Figi DISCRETIA,Wolbar,1,Figi Wolbar Discretia S-2XL,Wolbar,12
5903133308416,  Figi Model Discretia Beige - Wolbar ,Wolbar,5,Figi DISCRETIA,Wolbar,5,Figi Wolbar Discretia S-2XL,Wolbar,15
5903133308423,  Figi Model Discretia Beige - Wolbar ,Wolbar,12,Figi DISCRETIA,Wolbar,12,Figi Wolbar Discretia S-2XL,Wolbar,20
5903133308430,  Figi Model Discretia Beige - Wolbar ,Wolbar,11,Figi DISCRETIA,Wolbar,11,Figi Wolbar Discretia S-2XL,Wolbar,22
5903133308447,  Figi Model Discretia Beige - Wolbar ,Wolbar,7,Figi DISCRETIA,Wolbar,7,Figi Wolbar Discretia S-2XL,Wolbar,27
5903133308454,  Figi Model Discretia Beige - Wolbar ,Wolbar,6,Figi DISCRETIA,Wolbar,6,Figi Wolbar Discretia S-2XL,Wolbar,14
5903133309215,  Figi Model Secretia Black - Wolbar ,Wolbar,7,Figi SECRETIA,Wolbar,6,Figi Wolbar Secretia S-2XL,Wolbar,2
5903133309222,  Figi Model Secretia Black - Wolbar ,Wolbar,2,Figi SECRETIA,Wolbar,2,Figi Wolbar Secretia S-2XL,Wolbar,6
5903133309239,  Figi Model Secretia Black - Wolbar ,Wolbar,0,Figi SECRETIA,Wolbar,0,Figi Wolbar Secretia S-2XL,Wolbar,14
5903133309246,  Figi Model Secretia Black - Wolbar ,Wolbar,0,Figi SECRETIA,Wolbar,0,Figi Wolbar Secretia S-2XL,Wolbar,4
5903133309253,  Figi Model Secretia Black - Wolbar ,Wolbar,6,Figi SECRETIA,Wolbar,6,Figi Wolbar Secretia S-2XL,Wolbar,10
5903133309420,  Figi Model Secretia Beige - Wolbar ,Wolbar,0,Figi SECRETIA,Wolbar,0,Figi Wolbar Secretia S-2XL,Wolbar,6
5903133309437,  Figi Model Secretia Beige - Wolbar ,Wolbar,7,Figi SECRETIA,Wolbar,4,Figi Wolbar Secretia S-2XL,Wolbar,7
5903133309444,  Figi Model Secretia Beige - Wolbar ,Wolbar,0,Figi SECRETIA,Wolbar,0,Figi Wolbar Secretia S-2XL,Wolbar,5
5903133309451,  Figi Model Secretia Beige - Wolbar ,Wolbar,8,Figi SECRETIA,Wolbar,6,Figi Wolbar Secretia S-2XL,Wolbar,6
5903133311126, Figi Model Eco-Qi White - Wolbar ,Wolbar,2,Figi ECO QI,Wolbar,2,Figi Wolbar eco-QI M-2XL,Wolbar,11
5903133311133, Figi Model Eco-Qi White - Wolbar ,Wolbar,4,Figi ECO QI,Wolbar,4,Figi Wolbar eco-QI M-2XL,Wolbar,11
5903133311140, Figi Model Eco-Qi White - Wolbar ,Wolbar,2,Figi ECO QI,Wolbar,2,Figi Wolbar eco-QI M-2XL,Wolbar,17
5903133311157, Figi Model Eco-Qi White - Wolbar ,Wolbar,4,Figi ECO QI,Wolbar,3,Figi Wolbar eco-QI M-2XL,Wolbar,17
5903133311225, Figi Model Eco-Qi Black - Wolbar ,Wolbar,3,Figi ECO QI,Wolbar,3,Figi Wolbar eco-QI M-2XL,Wolbar,10
5903133311232, Figi Model Eco-Qi Black - Wolbar ,Wolbar,4,Figi ECO QI,Wolbar,4,Figi Wolbar eco-QI M-2XL,Wolbar,7
5903133311249, Figi Model Eco-Qi Black - Wolbar ,Wolbar,4,Figi ECO QI,Wolbar,4,Figi Wolbar eco-QI M-2XL,Wolbar,10
5903133311256, Figi Model Eco-Qi Black - Wolbar ,Wolbar,2,Figi ECO QI,Wolbar,2,Figi Wolbar eco-QI M-2XL,Wolbar,15
5903133311423, Figi Model Eco-QI Beige - Wolbar ,Wolbar,2,Figi ECO QI,Wolbar,2,Figi Wolbar eco-QI M-2XL,Wolbar,16
5903133311430, Figi Model Eco-QI Beige - Wolbar ,Wolbar,4,Figi ECO QI,Wolbar,4,Figi Wolbar eco-QI M-2XL,Wolbar,15
5903133311447, Figi Model Eco-QI Beige - Wolbar ,Wolbar,3,Figi ECO QI,Wolbar,3,Figi Wolbar eco-QI M-2XL,Wolbar,13
5903133311454, Figi Model Eco-QI Beige - Wolbar ,Wolbar,4,Figi ECO QI,Wolbar,4,Figi Wolbar eco-QI M-2XL,Wolbar,8
5903133312215,  Figi Model Uniqata Black - Wolbar ,Wolbar,4,Figi UNIQATA,Wolbar,4,Figi Wolbar Uniqata S-2XL,Wolbar,3
5903133312246,  Figi Model Uniqata Black - Wolbar ,Wolbar,5,Figi UNIQATA,Wolbar,2,Figi Wolbar Uniqata S-2XL,Wolbar,5
5903133312253,  Figi Model Uniqata Black - Wolbar ,Wolbar,14,Figi UNIQATA,Wolbar,2,Figi Wolbar Uniqata S-2XL,Wolbar,3
5903133312451,  Figi Model Uniqata Beige - Wolbar ,Wolbar,0,Figi UNIQATA,Wolbar,0,Figi Wolbar Uniqata S-2XL,Wolbar,6
5903133319122, Figi Model Eco-Zo White - Wolbar ,Wolbar,2,Figi ECO ZO,Wolbar,2,Figi Wolbar eco-ZO S-2XL,Wolbar,6
5903133319139, Figi Model Eco-Zo White - Wolbar ,Wolbar,4,Figi ECO ZO,Wolbar,1,Figi Wolbar eco-ZO S-2XL,Wolbar,6
5903133319146, Figi Model Eco-Zo White - Wolbar ,Wolbar,3,Figi ECO ZO,Wolbar,0,Figi Wolbar eco-ZO S-2XL,Wolbar,8
5903133319153, Figi Model Eco-Zo White - Wolbar ,Wolbar,3,Figi ECO ZO,Wolbar,3,Figi Wolbar eco-ZO S-2XL,Wolbar,7
5903133319221, Figi Model Eco-Zo Black - Wolbar ,Wolbar,2,Figi ECO ZO,Wolbar,2,Figi Wolbar eco-ZO S-2XL,Wolbar,5
5903133319238, Figi Model Eco-Zo Black - Wolbar ,Wolbar,1,Figi ECO ZO,Wolbar,1,Figi Wolbar eco-ZO S-2XL,Wolbar,5
5903133319245, Figi Model Eco-Zo Black - Wolbar ,Wolbar,2,Figi ECO ZO,Wolbar,2,Figi Wolbar eco-ZO S-2XL,Wolbar,6
5903133319252, Figi Model Eco-Zo Black - Wolbar ,Wolbar,0,Figi ECO ZO,Wolbar,0,Figi Wolbar eco-ZO S-2XL,Wolbar,2
5903133319429, Figi Model Eco-Zo Beige - Wolbar ,Wolbar,2,Figi ECO ZO,Wolbar,2,Figi Wolbar eco-ZO S-2XL,Wolbar,7
5903133319436, Figi Model Eco-Zo Beige - Wolbar ,Wolbar,3,Figi ECO ZO,Wolbar,3,Figi Wolbar eco-ZO S-2XL,Wolbar,13
5903133319443, Figi Model Eco-Zo Beige - Wolbar ,Wolbar,1,Figi ECO ZO,Wolbar,1,Figi Wolbar eco-ZO S-2XL,Wolbar,6
5903133319450, Figi Model Eco-Zo Beige - Wolbar ,Wolbar,2,Figi ECO ZO,Wolbar,2,Figi Wolbar eco-ZO S-2XL,Wolbar,2
5903133324218,  Bokserki Model Figurata Black - Wolbar ,Wolbar,0,Figi FIGURATA,Wolbar,0,Szorty Wolbar Figurata S-2XL,Wolbar,9
5903133324225,  Bokserki Model Figurata Black - Wolbar ,Wolbar,5,Figi FIGURATA,Wolbar,3,Szorty Wolbar Figurata S-2XL,Wolbar,6
5903133324232,  Bokserki Model Figurata Black - Wolbar ,Wolbar,1,Figi FIGURATA,Wolbar,1,Szorty Wolbar Figurata S-2XL,Wolbar,1
5903133324416,  Bokserki Model Figurata Beige - Wolbar ,Wolbar,6,Figi FIGURATA,Wolbar,5,Szorty Wolbar Figurata S-2XL,Wolbar,4
5903133324423,  Bokserki Model Figurata Beige - Wolbar ,Wolbar,4,Figi FIGURATA,Wolbar,0,Szorty Wolbar Figurata S-2XL,Wolbar,7
5903133324522,  Figi Model Exepta White - Wolbar ,Wolbar,1,Figi EXEPTA,Wolbar,0,Figi Wolbar Exepta S-2XL,Wolbar,10
5903133324539,  Figi Model Exepta White - Wolbar ,Wolbar,0,Figi EXEPTA,Wolbar,0,Figi Wolbar Exepta S-2XL,Wolbar,10
5903133324546,  Figi Model Exepta White - Wolbar ,Wolbar,0,Figi EXEPTA,Wolbar,0,Figi Wolbar Exepta S-2XL,Wolbar,6
5903133324614,  Figi Model Exepta Black - Wolbar ,Wolbar,4,Figi EXEPTA,Wolbar,3,Figi Wolbar Exepta S-2XL,Wolbar,5
5903133324621,  Figi Model Exepta Black - Wolbar ,Wolbar,3,Figi EXEPTA,Wolbar,3,Figi Wolbar Exepta S-2XL,Wolbar,7
5903133324638,  Figi Model Exepta Black - Wolbar ,Wolbar,2,Figi EXEPTA,Wolbar,2,Figi Wolbar Exepta S-2XL,Wolbar,9
5903133324645,  Figi Model Exepta Black - Wolbar ,Wolbar,3,Figi EXEPTA,Wolbar,3,Figi Wolbar Exepta S-2XL,Wolbar,12
5903133324713,  Figi Model Exepta Beige - Wolbar ,Wolbar,2,Figi EXEPTA,Wolbar,2,Figi Wolbar Exepta S-2XL,Wolbar,5
5903133324720,  Figi Model Exepta Beige - Wolbar ,Wolbar,3,Figi EXEPTA,Wolbar,3,Figi Wolbar Exepta S-2XL,Wolbar,6
5903133324737,  Figi Model Exepta Beige - Wolbar ,Wolbar,3,Figi EXEPTA,Wolbar,3,Figi Wolbar Exepta S-2XL,Wolbar,14
5903133324744,  Figi Model Exepta Beige - Wolbar ,Wolbar,1,Figi EXEPTA,Wolbar,2,Figi Wolbar Exepta S-2XL,Wolbar,11
5903133324751,  Figi Model Exepta Beige - Wolbar ,Wolbar,5,Figi EXEPTA,Wolbar,1,Figi Wolbar Exepta S-2XL,Wolbar,11
5903133331117,  Figi Model Efecta White - Wolbar ,Wolbar,3,Figi EFECTA,Wolbar,2,Figi Wolbar Efecta S-2XL,Wolbar,5
5903133331131,  Figi Model Efecta White - Wolbar ,Wolbar,2,Figi EFECTA,Wolbar,1,Figi Wolbar Efecta S-2XL,Wolbar,8
5903133331148,  Figi Model Efecta White - Wolbar ,Wolbar,1,Figi EFECTA,Wolbar,1,Figi Wolbar Efecta S-2XL,Wolbar,8
5903133331155,  Figi Model Efecta White - Wolbar ,Wolbar,0,Figi EFECTA,Wolbar,0,Figi Wolbar Efecta S-2XL,Wolbar,5
5903133331223,  Figi Model Efecta Black - Wolbar ,Wolbar,2,Figi EFECTA,Wolbar,2,Figi Wolbar Efecta S-2XL,Wolbar,10
5903133331230,  Figi Model Efecta Black - Wolbar ,Wolbar,2,Figi EFECTA,Wolbar,2,Figi Wolbar Efecta S-2XL,Wolbar,8
5903133331247,  Figi Model Efecta Black - Wolbar ,Wolbar,1,Figi EFECTA,Wolbar,1,Figi Wolbar Efecta S-2XL,Wolbar,6
5903133331254,  Figi Model Efecta Black - Wolbar ,Wolbar,0,Figi EFECTA,Wolbar,0,Figi Wolbar Efecta S-2XL,Wolbar,4
5903133331414,  Figi Model Efecta Beige - Wolbar ,Wolbar,2,Figi EFECTA,Wolbar,2,Figi Wolbar Efecta S-2XL,Wolbar,7
5903133331421,  Figi Model Efecta Beige - Wolbar ,Wolbar,0,Figi EFECTA,Wolbar,0,Figi Wolbar Efecta S-2XL,Wolbar,1
5903133331438,  Figi Model Efecta Beige - Wolbar ,Wolbar,1,Figi EFECTA,Wolbar,1,Figi Wolbar Efecta S-2XL,Wolbar,10
5903133331445,  Figi Model Efecta Beige - Wolbar ,Wolbar,2,Figi EFECTA,Wolbar,2,Figi Wolbar Efecta S-2XL,Wolbar,6
5903133331452,  Figi Model Efecta Beige - Wolbar ,Wolbar,1,Figi EFECTA,Wolbar,1,Figi Wolbar Efecta S-2XL,Wolbar,2
5903133334118,  Figi Model Valoria White - Wolbar ,Wolbar,1,Figi VALORIA,Wolbar,1,Figi Wolbar Valoria S-2XL,Wolbar,2
5903133334217,  Figi Model Valoria Black - Wolbar ,Wolbar,8,Figi VALORIA,Wolbar,4,Figi Wolbar Valoria S-2XL,Wolbar,1
5903133334613,  Figi Model Fortissima Black - Wolbar ,Wolbar,4,Figi FORTISSIMA,Wolbar,3,Figi Wolbar Fortissima S-2XL,Wolbar,4
5903133334620,  Figi Model Fortissima Black - Wolbar ,Wolbar,4,Figi FORTISSIMA,Wolbar,3,Figi Wolbar Fortissima S-2XL,Wolbar,8
5903133334637,  Figi Model Fortissima Black - Wolbar ,Wolbar,3,Figi FORTISSIMA,Wolbar,3,Figi Wolbar Fortissima S-2XL,Wolbar,5
5903133334644,  Figi Model Fortissima Black - Wolbar ,Wolbar,4,Figi FORTISSIMA,Wolbar,1,Figi Wolbar Fortissima S-2XL,Wolbar,5
5903133334651,  Figi Model Fortissima Black - Wolbar ,Wolbar,0,Figi FORTISSIMA,Wolbar,0,Figi Wolbar Fortissima S-2XL,Wolbar,5
5903133334712,  Figi Model Fortissima Beige - Wolbar ,Wolbar,0,Figi FORTISSIMA,Wolbar,0,Figi Wolbar Fortissima S-2XL,Wolbar,7
5903133334729,  Figi Model Fortissima Beige - Wolbar ,Wolbar,0,Figi FORTISSIMA,Wolbar,0,Figi Wolbar Fortissima S-2XL,Wolbar,12
5903133334736,  Figi Model Fortissima Beige - Wolbar ,Wolbar,0,Figi FORTISSIMA,Wolbar,0,Figi Wolbar Fortissima S-2XL,Wolbar,5
5903133334743,  Figi Model Fortissima Beige - Wolbar ,Wolbar,0,Figi FORTISSIMA,Wolbar,0,Figi Wolbar Fortissima S-2XL,Wolbar,11
5903133334750,  Figi Model Fortissima Beige - Wolbar ,Wolbar,0,Figi FORTISSIMA,Wolbar,0,Figi Wolbar Fortissima S-2XL,Wolbar,5
5903133335122, Figi Model Eco-Hi White - Wolbar ,Wolbar,3,Figi ECO HI,Wolbar,3,Figi Wolbar eco-HI M-2XL,Wolbar,4
5903133335139, Figi Model Eco-Hi White - Wolbar ,Wolbar,3,Figi ECO HI,Wolbar,3,Figi Wolbar eco-HI M-2XL,Wolbar,6
5903133335146, Figi Model Eco-Hi White - Wolbar ,Wolbar,2,Figi ECO HI,Wolbar,2,Figi Wolbar eco-HI M-2XL,Wolbar,5
5903133335153, Figi Model Eco-Hi White - Wolbar ,Wolbar,4,Figi ECO HI,Wolbar,4,Figi Wolbar eco-HI M-2XL,Wolbar,4
5903133335221, Figi Model Eco-Hi Black - Wolbar ,Wolbar,2,Figi ECO HI,Wolbar,2,Figi Wolbar eco-HI M-2XL,Wolbar,8
5903133335238, Figi Model Eco-Hi Black - Wolbar ,Wolbar,3,Figi ECO HI,Wolbar,3,Figi Wolbar eco-HI M-2XL,Wolbar,8
5903133335245, Figi Model Eco-Hi Black - Wolbar ,Wolbar,2,Figi ECO HI,Wolbar,2,Figi Wolbar eco-HI M-2XL,Wolbar,7
5903133335252, Figi Model Eco-Hi Black - Wolbar ,Wolbar,3,Figi ECO HI,Wolbar,3,Figi Wolbar eco-HI M-2XL,Wolbar,4
5903133335429, Figi Model Eco-Hi Beige - Wolbar ,Wolbar,3,Figi ECO HI,Wolbar,3,Figi Wolbar eco-HI M-2XL,Wolbar,5
5903133335436, Figi Model Eco-Hi Beige - Wolbar ,Wolbar,3,Figi ECO HI,Wolbar,3,Figi Wolbar eco-HI M-2XL,Wolbar,8
5903133335443, Figi Model Eco-Hi Beige - Wolbar ,Wolbar,5,Figi ECO HI,Wolbar,5,Figi Wolbar eco-HI M-2XL,Wolbar,8
5903133335450, Figi Model Eco-Hi Beige - Wolbar ,Wolbar,2,Figi ECO HI,Wolbar,2,Figi Wolbar eco-HI M-2XL,Wolbar,7
5903133340546,  Figi Model Hiperia White N - Wolbar ,Wolbar,5,Figi HIPERIA,Wolbar,3,Figi Wolbar Hiperia S-2XL,Wolbar,7
5903133340553,  Figi Model Hiperia White N - Wolbar ,Wolbar,5,Figi HIPERIA,Wolbar,4,Figi Wolbar Hiperia S-2XL,Wolbar,3
5903133350118,  Figi Model Respecta White - Wolbar ,Wolbar,0,Figi RESPECTA,Wolbar,5,Figi Wolbar Respecta S-2XL,Wolbar,4
5903133350125,  Figi Model Respecta White - Wolbar ,Wolbar,7,Figi RESPECTA,Wolbar,0,Figi Wolbar Respecta S-2XL,Wolbar,4
5903133350156,  Figi Model Respecta White - Wolbar ,Wolbar,5,Figi RESPECTA,Wolbar,2,Figi Wolbar Respecta S-2XL,Wolbar,4
5903133350217,  Figi Model Respecta Black - Wolbar ,Wolbar,1,Figi RESPECTA,Wolbar,5,Figi Wolbar Respecta S-2XL,Wolbar,3
5903133350224,  Figi Model Respecta Black - Wolbar ,Wolbar,6,Figi RESPECTA,Wolbar,0,Figi Wolbar Respecta S-2XL,Wolbar,10
5903133350231,  Figi Model Respecta Black - Wolbar ,Wolbar,0,Figi RESPECTA,Wolbar,3,Figi Wolbar Respecta S-2XL,Wolbar,9
5903133350248,  Figi Model Respecta Black - Wolbar ,Wolbar,4,Figi RESPECTA,Wolbar,2,Figi Wolbar Respecta S-2XL,Wolbar,11
5903133350255,  Figi Model Respecta Black - Wolbar ,Wolbar,1,Figi RESPECTA,Wolbar,0,Figi Wolbar Respecta S-2XL,Wolbar,3
5903133350415,  Figi Model Respecta Beige - Wolbar ,Wolbar,2,Figi RESPECTA,Wolbar,4,Figi Wolbar Respecta S-2XL,Wolbar,3
5903133350422,  Figi Model Respecta Beige - Wolbar ,Wolbar,0,Figi RESPECTA,Wolbar,1,Figi Wolbar Respecta S-2XL,Wolbar,9
5903133350439,  Figi Model Respecta Beige - Wolbar ,Wolbar,0,Figi RESPECTA,Wolbar,0,Figi Wolbar Respecta S-2XL,Wolbar,11
5903133350446,  Figi Model Respecta Beige - Wolbar ,Wolbar,3,Figi RESPECTA,Wolbar,0,Figi Wolbar Respecta S-2XL,Wolbar,8
5903133350453,  Figi Model Respecta Beige - Wolbar ,Wolbar,0,Figi RESPECTA,Wolbar,1,Figi Wolbar Respecta S-2XL,Wolbar,5
5903133350743, Figi Model Luxa Beige - Wolbar ,Wolbar,2,Figi LUXA,Wolbar,0,,,2
5903133351115,  Figi Model Fortunata White - Wolbar ,Wolbar,11,Figi FORTUNATA,Wolbar,9,Figi Wolbar Fortunata S-2XL,Wolbar,6
5903133355113, Figi Model Xizi White - Wolbar ,Wolbar,4,Figi XIZI,Wolbar,3,Figi Wolbar Xizi S-XL,Wolbar,8
5903133355212, Figi Model Xizi Black - Wolbar ,Wolbar,5,Figi XIZI,Wolbar,3,Figi Wolbar Xizi S-XL,Wolbar,6
5903133355410, Figi Model Xizi Beige - Wolbar ,Wolbar,5,Figi XIZI,Wolbar,3,Figi Wolbar Xizi S-XL,Wolbar,11
5903133355427, Figi Model Xizi Beige - Wolbar ,Wolbar,1,Figi XIZI,Wolbar,3,Figi Wolbar Xizi S-XL,Wolbar,4
5903133355526, Figi Model Tahoo Maxi White - Wolbar ,Wolbar,4,Figi TAHOO MAXI,Wolbar,4,Figi Wolbar Tahoo Maxi M-XL,Wolbar,10
5903133355533, Figi Model Tahoo Maxi White - Wolbar ,Wolbar,3,Figi TAHOO MAXI,Wolbar,3,Figi Wolbar Tahoo Maxi M-XL,Wolbar,6
5903133355540, Figi Model Tahoo Maxi White - Wolbar ,Wolbar,2,Figi TAHOO MAXI,Wolbar,2,Figi Wolbar Tahoo Maxi M-XL,Wolbar,10
5903133356127, Figi Model Eco-Ga White - Wolbar ,Wolbar,2,Figi ECO GA,Wolbar,2,Figi Wolbar eco-GA M-2XL,Wolbar,8
5903133356134, Figi Model Eco-Ga White - Wolbar ,Wolbar,5,Figi ECO GA,Wolbar,5,Figi Wolbar eco-GA M-2XL,Wolbar,14
5903133356141, Figi Model Eco-Ga White - Wolbar ,Wolbar,6,Figi ECO GA,Wolbar,6,Figi Wolbar eco-GA M-2XL,Wolbar,11
5903133356158, Figi Model Eco-Ga White - Wolbar ,Wolbar,3,Figi ECO GA,Wolbar,3,Figi Wolbar eco-GA M-2XL,Wolbar,11
5903133356226, Figi Model Eco-Ga Black - Wolbar ,Wolbar,7,Figi ECO GA,Wolbar,7,Figi Wolbar eco-GA M-2XL,Wolbar,7
5903133356240, Figi Model Eco-Ga Black - Wolbar ,Wolbar,1,Figi ECO GA,Wolbar,1,Figi Wolbar eco-GA M-2XL,Wolbar,3
5903133356257, Figi Model Eco-Ga Black - Wolbar ,Wolbar,14,Figi ECO GA,Wolbar,14,Figi Wolbar eco-GA M-2XL,Wolbar,8
5903133356424, Figi Model Eco-Ga Beige - Wolbar ,Wolbar,5,Figi ECO GA,Wolbar,5,Figi Wolbar eco-GA M-2XL,Wolbar,6
5903133356431, Figi Model Eco-Ga Beige - Wolbar ,Wolbar,5,Figi ECO GA,Wolbar,5,Figi Wolbar eco-GA M-2XL,Wolbar,14
5903133356448, Figi Model Eco-Ga Beige - Wolbar ,Wolbar,2,Figi ECO GA,Wolbar,2,Figi Wolbar eco-GA M-2XL,Wolbar,12
5903133356455, Figi Model Eco-Ga Beige - Wolbar ,Wolbar,2,Figi ECO GA,Wolbar,2,Figi Wolbar eco-GA M-2XL,Wolbar,12
5903133357124, Figi Model Eco-Da White - Wolbar ,Wolbar,1,Figi ECO DA,Wolbar,1,Figi Wolbar eco-DA M-2XL,Wolbar,5
5903133357131, Figi Model Eco-Da White - Wolbar ,Wolbar,5,Figi ECO DA,Wolbar,3,Figi Wolbar eco-DA M-2XL,Wolbar,7
5903133357148, Figi Model Eco-Da White - Wolbar ,Wolbar,1,Figi ECO DA,Wolbar,1,Figi Wolbar eco-DA M-2XL,Wolbar,7
5903133357155, Figi Model Eco-Da White - Wolbar ,Wolbar,4,Figi ECO DA,Wolbar,1,Figi Wolbar eco-DA M-2XL,Wolbar,3
5903133357223, Figi Model Eco-Da Black - Wolbar ,Wolbar,1,Figi ECO DA,Wolbar,1,Figi Wolbar eco-DA M-2XL,Wolbar,5
5903133357230, Figi Model Eco-Da Black - Wolbar ,Wolbar,1,Figi ECO DA,Wolbar,1,Figi Wolbar eco-DA M-2XL,Wolbar,6
5903133357247, Figi Model Eco-Da Black - Wolbar ,Wolbar,2,Figi ECO DA,Wolbar,2,Figi Wolbar eco-DA M-2XL,Wolbar,7
5903133357254, Figi Model Eco-Da Black - Wolbar ,Wolbar,3,Figi ECO DA,Wolbar,2,Figi Wolbar eco-DA M-2XL,Wolbar,5
5903133357421, Figi Model Eco-Da Beige - Wolbar ,Wolbar,5,Figi ECO DA,Wolbar,5,Figi Wolbar eco-DA M-2XL,Wolbar,9
5903133357438, Figi Model Eco-Da Beige - Wolbar ,Wolbar,3,Figi ECO DA,Wolbar,3,Figi Wolbar eco-DA M-2XL,Wolbar,6
5903133357445, Figi Model Eco-Da Beige - Wolbar ,Wolbar,5,Figi ECO DA,Wolbar,4,Figi Wolbar eco-DA M-2XL,Wolbar,8
5903133357452, Figi Model Eco-Da Beige - Wolbar ,Wolbar,13,Figi ECO DA,Wolbar,6,Figi Wolbar eco-DA M-2XL,Wolbar,4
5903133360513,  Figi Model Minima White - Wolbar ,Wolbar,3,Figi MINIMA,Wolbar,0,Figi Wolbar Minima S-2XL,Wolbar,4
5903133360544,  Figi Model Minima White - Wolbar ,Wolbar,0,Figi MINIMA,Wolbar,0,Figi Wolbar Minima S-2XL,Wolbar,1
5903133360551,  Figi Model Minima White - Wolbar ,Wolbar,3,Figi MINIMA,Wolbar,3,Figi Wolbar Minima S-2XL,Wolbar,2
5903133360612,  Figi Model Minima Black - Wolbar ,Wolbar,1,Figi MINIMA,Wolbar,0,Figi Wolbar Minima S-2XL,Wolbar,5
5903133360643,  Figi Model Minima Black - Wolbar ,Wolbar,0,Figi MINIMA,Wolbar,0,Figi Wolbar Minima S-2XL,Wolbar,1
5903133360650,  Figi Model Minima Black - Wolbar ,Wolbar,0,Figi MINIMA,Wolbar,0,Figi Wolbar Minima S-2XL,Wolbar,1
5903133360711,  Figi Model Minima Beige - Wolbar ,Wolbar,0,Figi MINIMA,Wolbar,0,Figi Wolbar Minima S-2XL,Wolbar,1
5903133361749,  Figi Model Modifica Beige - Wolbar ,Wolbar,4,Figi MODIFICA,Wolbar,4,,,10
5903133363125,  Figi Model Preciosa White - Wolbar ,Wolbar,3,Figi PRECIOSA,Wolbar,3,Figi Wolbar Preciosa S-2XL,Wolbar,2
5903133363132,  Figi Model Preciosa White - Wolbar ,Wolbar,1,Figi PRECIOSA,Wolbar,1,Figi Wolbar Preciosa S-2XL,Wolbar,2
5903133363217,  Figi Model Preciosa Black - Wolbar ,Wolbar,5,Figi PRECIOSA,Wolbar,3,Figi Wolbar Preciosa S-2XL,Wolbar,5
5903133363224,  Figi Model Preciosa Black - Wolbar ,Wolbar,2,Figi PRECIOSA,Wolbar,2,Figi Wolbar Preciosa S-2XL,Wolbar,21
5903133363231,  Figi Model Preciosa Black - Wolbar ,Wolbar,0,Figi PRECIOSA,Wolbar,0,Figi Wolbar Preciosa S-2XL,Wolbar,5
5903133363439,  Figi Model Preciosa Beige - Wolbar ,Wolbar,1,Figi PRECIOSA,Wolbar,1,Figi Wolbar Preciosa S-2XL,Wolbar,5
5903133364139,  Figi Model Slimea White - Wolbar ,Wolbar,3,Figi SLIMEA,Wolbar,3,Figi Wolbar Slimea S-2XL,Wolbar,7
5903133364146,  Figi Model Slimea White - Wolbar ,Wolbar,3,Figi SLIMEA,Wolbar,2,Figi Wolbar Slimea S-2XL,Wolbar,2
5903133364214,  Figi Model Slimea Black - Wolbar ,Wolbar,3,Figi SLIMEA,Wolbar,3,Figi Wolbar Slimea S-2XL,Wolbar,5
5903133364221,  Figi Model Slimea Black - Wolbar ,Wolbar,4,Figi SLIMEA,Wolbar,4,Figi Wolbar Slimea S-2XL,Wolbar,6
5903133364238,  Figi Model Slimea Black - Wolbar ,Wolbar,2,Figi SLIMEA,Wolbar,2,Figi Wolbar Slimea S-2XL,Wolbar,10
5903133364245,  Figi Model Slimea Black - Wolbar ,Wolbar,4,Figi SLIMEA,Wolbar,4,Figi Wolbar Slimea S-2XL,Wolbar,7
5903133364252,  Figi Model Slimea Black - Wolbar ,Wolbar,2,Figi SLIMEA,Wolbar,2,Figi Wolbar Slimea S-2XL,Wolbar,5
5903133364412,  Figi Model Slimea Beige - Wolbar ,Wolbar,1,Figi SLIMEA,Wolbar,1,Figi Wolbar Slimea S-2XL,Wolbar,6
5903133364429,  Figi Model Slimea Beige - Wolbar ,Wolbar,3,Figi SLIMEA,Wolbar,3,Figi Wolbar Slimea S-2XL,Wolbar,4
5903133364436,  Figi Model Slimea Beige - Wolbar ,Wolbar,0,Figi SLIMEA,Wolbar,0,Figi Wolbar Slimea S-2XL,Wolbar,1
5903133364443,  Figi Model Slimea Beige - Wolbar ,Wolbar,2,Figi SLIMEA,Wolbar,2,Figi Wolbar Slimea S-2XL,Wolbar,8
5903133364450,  Figi Model Slimea Beige - Wolbar ,Wolbar,4,Figi SLIMEA,Wolbar,4,Figi Wolbar Slimea S-2XL,Wolbar,5
5903133365624,  Figi Model Relaxa Black - Wolbar ,Wolbar,4,Figi RELAXA,Wolbar,2,Szorty Wolbar Relaxa S-XL,Wolbar,2
5903133369554, Figi Model Roma White - Wolbar ,Wolbar,3,Figi ROMA,Wolbar,3,Figi Wolbar Roma M-2XL,Wolbar,3
5903133369721, Figi Model Roma Beige - Wolbar ,Wolbar,2,Figi ROMA,Wolbar,2,Figi Wolbar Roma M-2XL,Wolbar,6
5903133378525,  Figi Model Suprima White - Wolbar ,Wolbar,1,Figi SUPRIMA,Wolbar,1,Figi Wolbar Suprima S-2XL,Wolbar,10
5903133378532,  Figi Model Suprima White - Wolbar ,Wolbar,0,Figi SUPRIMA,Wolbar,0,Figi Wolbar Suprima S-2XL,Wolbar,8
5903133378549,  Figi Model Suprima White - Wolbar ,Wolbar,6,Figi SUPRIMA,Wolbar,0,Figi Wolbar Suprima S-2XL,Wolbar,8
5903133378556,  Figi Model Suprima White - Wolbar ,Wolbar,1,Figi SUPRIMA,Wolbar,0,Figi Wolbar Suprima S-2XL,Wolbar,12
5903133378617,  Figi Model Suprima Black - Wolbar ,Wolbar,3,Figi SUPRIMA,Wolbar,2,Figi Wolbar Suprima S-2XL,Wolbar,4
5903133378624,  Figi Model Suprima Black - Wolbar ,Wolbar,12,Figi SUPRIMA,Wolbar,12,Figi Wolbar Suprima S-2XL,Wolbar,11
5903133378631,  Figi Model Suprima Black - Wolbar ,Wolbar,4,Figi SUPRIMA,Wolbar,4,Figi Wolbar Suprima S-2XL,Wolbar,13
5903133378648,  Figi Model Suprima Black - Wolbar ,Wolbar,3,Figi SUPRIMA,Wolbar,2,Figi Wolbar Suprima S-2XL,Wolbar,12
5903133378655,  Figi Model Suprima Black - Wolbar ,Wolbar,2,Figi SUPRIMA,Wolbar,2,Figi Wolbar Suprima S-2XL,Wolbar,13
5903133378716,  Figi Model Suprima Beige - Wolbar ,Wolbar,3,Figi SUPRIMA,Wolbar,3,Figi Wolbar Suprima S-2XL,Wolbar,8
5903133378723,  Figi Model Suprima Beige - Wolbar ,Wolbar,14,Figi SUPRIMA,Wolbar,14,Figi Wolbar Suprima S-2XL,Wolbar,9
5903133378730,  Figi Model Suprima Beige - Wolbar ,Wolbar,8,Figi SUPRIMA,Wolbar,8,Figi Wolbar Suprima S-2XL,Wolbar,18
5903133378747,  Figi Model Suprima Beige - Wolbar ,Wolbar,5,Figi SUPRIMA,Wolbar,5,Figi Wolbar Suprima S-2XL,Wolbar,15
5903133378754,  Figi Model Suprima Beige - Wolbar ,Wolbar,4,Figi SUPRIMA,Wolbar,3,Figi Wolbar Suprima S-2XL,Wolbar,13
5903133379515,  Figi Model Superia White - Wolbar ,Wolbar,5,Figi SUPERIA,Wolbar,5,Figi Wolbar Superia S-2XL,Wolbar,11
5903133379522,  Figi Model Superia White - Wolbar ,Wolbar,1,Figi SUPERIA,Wolbar,1,Figi Wolbar Superia S-2XL,Wolbar,5
5903133379539,  Figi Model Superia White - Wolbar ,Wolbar,0,Figi SUPERIA,Wolbar,0,Figi Wolbar Superia S-2XL,Wolbar,7
5903133379546,  Figi Model Superia White - Wolbar ,Wolbar,2,Figi SUPERIA,Wolbar,2,Figi Wolbar Superia S-2XL,Wolbar,5
5903133379553,  Figi Model Superia White - Wolbar ,Wolbar,4,Figi SUPERIA,Wolbar,4,Figi Wolbar Superia S-2XL,Wolbar,5
5903133379614, Figi Model Superia Black - Wolbar ,Wolbar,5,Figi SUPERIA,Wolbar,5,Figi Wolbar Superia S-2XL,Wolbar,3
5903133379621, Figi Model Superia Black - Wolbar ,Wolbar,4,Figi SUPERIA,Wolbar,4,Figi Wolbar Superia S-2XL,Wolbar,7
5903133379638, Figi Model Superia Black - Wolbar ,Wolbar,4,Figi SUPERIA,Wolbar,4,Figi Wolbar Superia S-2XL,Wolbar,11
5903133379645, Figi Model Superia Black - Wolbar ,Wolbar,3,Figi SUPERIA,Wolbar,3,Figi Wolbar Superia S-2XL,Wolbar,6
5903133379652, Figi Model Superia Black - Wolbar ,Wolbar,2,Figi SUPERIA,Wolbar,2,Figi Wolbar Superia S-2XL,Wolbar,8
5903133379713, Figi Model Superia Beige - Wolbar ,Wolbar,3,Figi SUPERIA,Wolbar,3,Figi Wolbar Superia S-2XL,Wolbar,3
5903133379720, Figi Model Superia Beige - Wolbar ,Wolbar,6,Figi SUPERIA,Wolbar,6,Figi Wolbar Superia S-2XL,Wolbar,7
5903133379737, Figi Model Superia Beige - Wolbar ,Wolbar,3,Figi SUPERIA,Wolbar,3,Figi Wolbar Superia S-2XL,Wolbar,6
5903133379744, Figi Model Superia Beige - Wolbar ,Wolbar,4,Figi SUPERIA,Wolbar,4,Figi Wolbar Superia S-2XL,Wolbar,10
5903133379751, Figi Model Superia Beige - Wolbar ,Wolbar,1,Figi SUPERIA,Wolbar,0,Figi Wolbar Superia S-2XL,Wolbar,10
5903133381617,  Figi Model Uniqa Black - Wolbar ,Wolbar,3,Figi UNIQA,Wolbar,2,Figi Wolbar Uniqa S-2XL,Wolbar,4
5903133381624,  Figi Model Uniqa Black - Wolbar ,Wolbar,4,Figi UNIQA,Wolbar,4,Figi Wolbar Uniqa S-2XL,Wolbar,7
5903133381631,  Figi Model Uniqa Black - Wolbar ,Wolbar,2,Figi UNIQA,Wolbar,2,Figi Wolbar Uniqa S-2XL,Wolbar,6
5903133381648,  Figi Model Uniqa Black - Wolbar ,Wolbar,4,Figi UNIQA,Wolbar,4,Figi Wolbar Uniqa S-2XL,Wolbar,8
5903133381655,  Figi Model Uniqa Black - Wolbar ,Wolbar,0,Figi UNIQA,Wolbar,0,Figi Wolbar Uniqa S-2XL,Wolbar,5
5903133381716,  Figi Model Uniqa Beige - Wolbar ,Wolbar,0,Figi UNIQA,Wolbar,0,Figi Wolbar Uniqa S-2XL,Wolbar,5
5903133381723,  Figi Model Uniqa Beige - Wolbar ,Wolbar,4,Figi UNIQA,Wolbar,4,Figi Wolbar Uniqa S-2XL,Wolbar,12
5903133381730,  Figi Model Uniqa Beige - Wolbar ,Wolbar,2,Figi UNIQA,Wolbar,2,Figi Wolbar Uniqa S-2XL,Wolbar,8
5903133381747,  Figi Model Uniqa Beige - Wolbar ,Wolbar,2,Figi UNIQA,Wolbar,2,Figi Wolbar Uniqa S-2XL,Wolbar,7
5903133381754,  Figi Model Uniqa Beige - Wolbar ,Wolbar,0,Figi UNIQA,Wolbar,0,Figi Wolbar Uniqa S-2XL,Wolbar,5
5903133382614,  Figi Model Supressa Black - Wolbar ,Wolbar,4,Figi SUPRESSA,Wolbar,3,Figi Wolbar Supressa S-XL,Wolbar,8
5903133382621,  Figi Model Supressa Black - Wolbar ,Wolbar,5,Figi SUPRESSA,Wolbar,5,Figi Wolbar Supressa S-XL,Wolbar,6
5903133382638,  Figi Model Supressa Black - Wolbar ,Wolbar,2,Figi SUPRESSA,Wolbar,2,Figi Wolbar Supressa S-XL,Wolbar,4
5903133382645,  Figi Model Supressa Black - Wolbar ,Wolbar,2,Figi SUPRESSA,Wolbar,2,Figi Wolbar Supressa S-XL,Wolbar,4
5903133384113, Figi Model Eco-El White - Wolbar ,Wolbar,6,Figi ECO EL,Wolbar,3,Figi Wolbar eco-EL S-L,Wolbar,9
5903133384120, Figi Model Eco-El White - Wolbar ,Wolbar,5,Figi ECO EL,Wolbar,4,Figi Wolbar eco-EL S-L,Wolbar,4
5903133384137, Figi Model Eco-El White - Wolbar ,Wolbar,9,Figi ECO EL,Wolbar,7,Figi Wolbar eco-EL S-L,Wolbar,8
5903133386124, Figi Model Eco-Es WHite - Wolbar ,Wolbar,3,Figi ECO ES,Wolbar,3,Figi Wolbar eco-ES S-L,Wolbar,14
5903133386131, Figi Model Eco-Es WHite - Wolbar ,Wolbar,4,Figi ECO ES,Wolbar,4,Figi Wolbar eco-ES S-L,Wolbar,10
5903133386216, Figi Model Eco-Es Black - Wolbar ,Wolbar,3,Figi ECO ES,Wolbar,3,Figi Wolbar eco-ES S-L,Wolbar,6
5903133386223, Figi Model Eco-Es Black - Wolbar ,Wolbar,4,Figi ECO ES,Wolbar,4,Figi Wolbar eco-ES S-L,Wolbar,7
5903133386230, Figi Model Eco-Es Black - Wolbar ,Wolbar,4,Figi ECO ES,Wolbar,4,Figi Wolbar eco-ES S-L,Wolbar,5
5903133386414, Figi Model Eco-Es Beige - Wolbar ,Wolbar,3,Figi ECO ES,Wolbar,3,Figi Wolbar eco-ES S-L,Wolbar,3
5903133386421, Figi Model Eco-Es Beige - Wolbar ,Wolbar,4,Figi ECO ES,Wolbar,4,Figi Wolbar eco-ES S-L,Wolbar,2
5903133386438, Figi Model Eco-Es Beige - Wolbar ,Wolbar,3,Figi ECO ES,Wolbar,3,Figi Wolbar eco-ES S-L,Wolbar,6
5903133388128, Figi eco-GI - Wolbar ,Wolbar,3,Figi ECO GI,Wolbar,3,Figi Wolbar eco-GI M-2XL,Wolbar,7
5903133388135, Figi eco-GI - Wolbar ,Wolbar,5,Figi ECO GI,Wolbar,5,Figi Wolbar eco-GI M-2XL,Wolbar,4
5903133388142, Figi eco-GI - Wolbar ,Wolbar,3,Figi ECO GI,Wolbar,3,Figi Wolbar eco-GI M-2XL,Wolbar,6
5903133388159, Figi eco-GI - Wolbar ,Wolbar,3,Figi ECO GI,Wolbar,0,Figi Wolbar eco-GI M-2XL,Wolbar,5
5903133388227, Figi Model Eco-Gi Black - Wolbar ,Wolbar,3,Figi ECO GI,Wolbar,2,Figi Wolbar eco-GI M-2XL,Wolbar,8
5903133388234, Figi Model Eco-Gi Black - Wolbar ,Wolbar,3,Figi ECO GI,Wolbar,3,Figi Wolbar eco-GI M-2XL,Wolbar,9
5903133388241, Figi Model Eco-Gi Black - Wolbar ,Wolbar,3,Figi ECO GI,Wolbar,3,Figi Wolbar eco-GI M-2XL,Wolbar,9
5903133388258, Figi Model Eco-Gi Black - Wolbar ,Wolbar,4,Figi ECO GI,Wolbar,3,Figi Wolbar eco-GI M-2XL,Wolbar,3
5903133391128, Figi Model Eco-Ka White - Wolbar ,Wolbar,3,Figi ECO KA,Wolbar,3,Figi Wolbar eco-KA M-2XL,Wolbar,5
5903133391135, Figi Model Eco-Ka White - Wolbar ,Wolbar,3,Figi ECO KA,Wolbar,3,Figi Wolbar eco-KA M-2XL,Wolbar,1
5903133391159, Figi Model Eco-Ka White - Wolbar ,Wolbar,4,Figi ECO KA,Wolbar,4,Figi Wolbar eco-KA M-2XL,Wolbar,2
5903133391227, Figi Model Eco-Ka Black - Wolbar ,Wolbar,2,Figi ECO KA,Wolbar,2,Figi Wolbar eco-KA M-2XL,Wolbar,5
5903133391234, Figi Model Eco-Ka Black - Wolbar ,Wolbar,4,Figi ECO KA,Wolbar,4,Figi Wolbar eco-KA M-2XL,Wolbar,7
5903133391241, Figi Model Eco-Ka Black - Wolbar ,Wolbar,2,Figi ECO KA,Wolbar,2,Figi Wolbar eco-KA M-2XL,Wolbar,3
5903133391258, Figi Model Eco-Ka Black - Wolbar ,Wolbar,3,Figi ECO KA,Wolbar,2,Figi Wolbar eco-KA M-2XL,Wolbar,4
5903133392156,  Figi Model Eco-La White - Wolbar ,Wolbar,2,Figi ECO LA,Wolbar,1,Figi Wolbar eco-LA M-2XL,Wolbar,3
5903133392224,  Figi Model Eco-La Black - Wolbar ,Wolbar,0,Figi ECO LA,Wolbar,0,Figi Wolbar eco-LA M-2XL,Wolbar,1
5903133392255,  Figi Model Eco-La Black - Wolbar ,Wolbar,1,Figi ECO LA,Wolbar,1,Figi Wolbar eco-LA M-2XL,Wolbar,1
5903133395126, Figi Model Eco-Ma White - Wolbar ,Wolbar,3,Figi ECO MA,Wolbar,3,Figi Wolbar eco-Ma M-2XL,Wolbar,12
5903133395133, Figi Model Eco-Ma White - Wolbar ,Wolbar,4,Figi ECO MA,Wolbar,4,Figi Wolbar eco-Ma M-2XL,Wolbar,12
5903133395140, Figi Model Eco-Ma White - Wolbar ,Wolbar,3,Figi ECO MA,Wolbar,3,Figi Wolbar eco-Ma M-2XL,Wolbar,8
5903133395157, Figi Model Eco-Ma White - Wolbar ,Wolbar,3,Figi ECO MA,Wolbar,3,Figi Wolbar eco-Ma M-2XL,Wolbar,6
5903133395225, Figi Model Eco-Ma Black - Wolbar ,Wolbar,4,Figi ECO MA,Wolbar,4,Figi Wolbar eco-Ma M-2XL,Wolbar,13
5903133395232, Figi Model Eco-Ma Black - Wolbar ,Wolbar,4,Figi ECO MA,Wolbar,4,Figi Wolbar eco-Ma M-2XL,Wolbar,14
5903133395249, Figi Model Eco-Ma Black - Wolbar ,Wolbar,3,Figi ECO MA,Wolbar,3,Figi Wolbar eco-Ma M-2XL,Wolbar,8
5903133395256, Figi Model Eco-Ma Black - Wolbar ,Wolbar,3,Figi ECO MA,Wolbar,3,Figi Wolbar eco-Ma M-2XL,Wolbar,9
5903133395423, Figi Model Eco-Ma Beige - Wolbar ,Wolbar,1,Figi ECO MA,Wolbar,1,Figi Wolbar eco-Ma M-2XL,Wolbar,15
5903133395430, Figi Model Eco-Ma Beige - Wolbar ,Wolbar,2,Figi ECO MA,Wolbar,2,Figi Wolbar eco-Ma M-2XL,Wolbar,15
5903133395447, Figi Model Eco-Ma Beige - Wolbar ,Wolbar,4,Figi ECO MA,Wolbar,4,Figi Wolbar eco-Ma M-2XL,Wolbar,13
5903133395454, Figi Model Eco-Ma Beige - Wolbar ,Wolbar,3,Figi ECO MA,Wolbar,3,Figi Wolbar eco-Ma M-2XL,Wolbar,12
5903357509859, Koszulka nocna Koszulka Model Ivana 162643 Black - Donna ,Donna,6,Koszulka IVANA,Donna,1,Koszula Donna Ivana S-2XL,Donna,3
5903357509866, Koszulka nocna Koszulka Model Ivana 162643 Black - Donna ,Donna,1,Koszulka IVANA,Donna,0,Koszula Donna Ivana S-2XL,Donna,3
5903357509873, Koszulka nocna Koszulka Model Ivana 162643 Black - Donna ,Donna,5,Koszulka IVANA,Donna,0,Koszula Donna Ivana S-2XL,Donna,3
5903357509880, Koszulka nocna Koszulka Model Ivana 162643 Black - Donna ,Donna,5,Koszulka IVANA,Donna,0,Koszula Donna Ivana S-2XL,Donna,1
5903357522810, Koszulka nocna Koszulka Model Kristina 171509 Ecru - Donna ,Donna,6,Koszulka KRISTINA,Donna,0,Koszula Donna Kristina S-2XL,Donna,2
5903357522827, Koszulka nocna Koszulka Model Kristina 171509 Ecru - Donna ,Donna,8,Koszulka KRISTINA,Donna,0,Koszula Donna Kristina S-2XL,Donna,4
5903357522834, Koszulka nocna Koszulka Model Kristina 171509 Ecru - Donna ,Donna,8,Koszulka KRISTINA,Donna,0,Koszula Donna Kristina S-2XL,Donna,2
5903357522841, Koszulka nocna Koszulka Model Kristina 171509 Ecru - Donna ,Donna,7,Koszulka KRISTINA,Donna,0,Koszula Donna Kristina S-2XL,Donna,4
5903357522858, Koszulka nocna Koszula Nocna Model Greta Black - Donna ,Donna,0,Koszulka KRISTINA,Donna,0,Koszula Donna Kristina S-2XL,Donna,2
5903357529659, Koszulka nocna Koszulka Model Denis Coral - Donna ,Donna,0,Koszulka DENIS,Donna,2,,,1
5903357530747, Piżama Damska Model Santi Long Black - Donna ,Donna,0,Piżama SANTI LONG,Donna,2,Piżama Donna Santi Long dł/r S-2XL,Donna,2
5903357530914, Koszulka nocna Koszula nocna Model Ismena 189639 Powder Pink - Donna ,Donna,0,Koszulka ISMENA,Donna,0,Koszula Donna Ismena kr/r S-2XL,Donna,2
5903357531072, Piżama Damska Model Ho Ho Long Ecru - Donna ,Donna,0,Piżama HO HO LONG,Donna,0,Piżama Donna Ho Ho Long dł/r S-2XL,Donna,1
5903357531089, Piżama Damska Model Ho Ho Long Ecru - Donna ,Donna,0,Piżama HO HO LONG,Donna,0,Piżama Donna Ho Ho Long dł/r S-2XL,Donna,18
5903357531096, Piżama Damska Model Ho Ho Long Ecru - Donna ,Donna,0,Piżama HO HO LONG,Donna,0,Piżama Donna Ho Ho Long dł/r S-2XL,Donna,19
5903357531102, Piżama Damska Model Ho Ho Long Ecru - Donna ,Donna,0,Piżama HO HO LONG,Donna,0,Piżama Donna Ho Ho Long dł/r S-2XL,Donna,4
5903357531195, Piżama Damska Model Ho Ho II Red - Donna ,Donna,0,Piżama HO HO II 1/2,Donna,1,Piżama Donna Ho Ho II 1/2 dł/r S-2XL,Donna,1
5903357531232, Piżama Damska Model Ho Ho II Ecru - Donna ,Donna,0,Piżama HO HO II 1/2,Donna,0,Piżama Donna Ho Ho II 1/2 dł/r S-2XL,Donna,1
5903357531249, Piżama Damska Model Ho Ho II Ecru - Donna ,Donna,0,Piżama HO HO II 1/2,Donna,0,Piżama Donna Ho Ho II 1/2 dł/r S-2XL,Donna,16
5903357531515, Piżama Damska Model Santi Long Red - Donna ,Donna,0,Piżama SANTI LONG,Donna,1,Piżama Donna Santi Long dł/r S-2XL,Donna,1
5903357531539, Piżama Damska Model Santi Long Red - Donna ,Donna,0,Piżama SANTI LONG,Donna,0,Piżama Donna Santi Long dł/r S-2XL,Donna,6
5903357532901, Koszulka nocna Koszula Nocna Model Ismena 189637 Bordo - Donna ,Donna,1,Koszulka ISMENA,Donna,1,Koszula Donna Ismena kr/r S-2XL,Donna,3
5903357532918, Koszulka nocna Koszulka Model Xenia plus Black - Donna ,Donna,0,Koszulka ISMENA,Donna,2,Koszula Donna Ismena kr/r S-2XL,Donna,1
5903357533052, Koszulka nocna Koszula Nocna Model Melania II 190190 Navy - Donna ,Donna,0,Koszulka MELANIA II,Donna,0,Koszula Donna Melania II sz/r S-2XL,Donna,2
5903357533113, Koszulka nocna Koszula Nocna Model Melania II 190191 Green - Donna ,Donna,1,Koszulka MELANIA II,Donna,0,Koszula Donna Melania II sz/r S-2XL,Donna,1
5903357533120, Koszulka nocna Koszula Nocna Model Melania II 190191 Green - Donna ,Donna,1,Koszulka MELANIA II,Donna,0,Koszula Donna Melania II sz/r S-2XL,Donna,1
5903357533151, Koszulka nocna Koszula Nocna Model Kasiya Wineberry Wino Jagoda - Donna ,Donna,0,Koszulka SILVANA,Donna,0,Koszula Donna Silvana sz/r S-2XL,Donna,1
5903357533205, Koszulka nocna Koszula Nocna Model Silvana Black - Donna ,Donna,0,Koszulka SILVANA,Donna,1,Koszula Donna Silvana sz/r S-2XL,Donna,1
5903357533250, Koszulka nocna Koszula Nocna Model Silvana Wine - Donna ,Donna,0,Koszulka SILVANA,Donna,1,Koszula Donna Silvana sz/r S-2XL,Donna,3
5903357533366, Koszulka nocna Koszula Nocna Model Silvana Long 191105 Sea Green - Donna ,Donna,0,Koszulka SILVANA LONG,Donna,2,Koszula Donna Silvana Long dł/r S-2XL,Donna,1
5903357533373, Koszulka nocna Koszula Nocna Model Silvana Long 191105 Sea Green - Donna ,Donna,0,Koszulka SILVANA LONG,Donna,0,Koszula Donna Silvana Long dł/r S-2XL,Donna,2
5903357533380, Koszulka nocna Koszula Nocna Model Silvana Long 191105 Sea Green - Donna ,Donna,0,Koszulka SILVANA LONG,Donna,0,Koszula Donna Silvana Long dł/r S-2XL,Donna,1
5903357533823, Piżama Damska Model Sheep Short 201412 White/Pink - Donna ,Donna,14,Piżama SHEEP SHORT,Donna,3,Piżama Donna Sheep Short kr/r S-2XL,Donna,7
5903357533830, Piżama Damska Model Sheep Short 201412 White/Pink - Donna ,Donna,0,Piżama SHEEP SHORT,Donna,1,Piżama Donna Sheep Short kr/r S-2XL,Donna,1
5903357534042, Koszulka nocna Koszulka Nocna Model SKY Blue - Donna ,Donna,0,Koszulka SKY,Donna,0,Koszula Donna Sky kr/r S-2XL,Donna,4
5903357534165, Piżama Damska Model Cherry Top 199021 Fuksja - Donna ,Donna,0,Piżama CHERRY TOP,Donna,0,Piżama Donna Cherry Top sz/r S-2XL,Donna,3
5903357535407,  Koszulka Model Katie 03 Perła/Pink - Donna ,Donna,0,Koszulka LUIZA,Donna,1,Koszula Donna Luiza S-2XL,Donna,5
5903357535414, Koszulka nocna Koszula Nocna Model Luiza 198028 Black - Donna ,Donna,2,Koszulka LUIZA,Donna,0,Koszula Donna Luiza S-2XL,Donna,1
5903357535421, Koszulka nocna Koszula Nocna Model Luiza 198028 Black - Donna ,Donna,6,Koszulka LUIZA,Donna,0,Koszula Donna Luiza S-2XL,Donna,9
5903357535438, Koszulka nocna Koszula Nocna Model Luiza 198028 Black - Donna ,Donna,6,Koszulka LUIZA,Donna,0,Koszula Donna Luiza S-2XL,Donna,8
5903357535445, Koszulka nocna Koszula Nocna Model Luiza 198028 Black - Donna ,Donna,3,Koszulka LUIZA,Donna,0,Koszula Donna Luiza S-2XL,Donna,4
5903357535506, Koszulka nocna Koszula Nocna Model Luiza 198034 Bordo - Donna ,Donna,8,Koszulka LUIZA,Donna,0,Koszula Donna Luiza S-2XL,Donna,3
5903357535520, Koszulka nocna Koszula Nocna Model Luiza 198034 Bordo - Donna ,Donna,0,Koszulka LUIZA,Donna,0,Koszula Donna Luiza S-2XL,Donna,4
5903357535537, Koszulka nocna Koszula Nocna Model Luiza 198034 Bordo - Donna ,Donna,0,Koszulka LUIZA,Donna,0,Koszula Donna Luiza S-2XL,Donna,6
5903357535728, Koszulka nocna Koszula Nocna Model Mari 193653 Ecru - Donna ,Donna,0,Koszulka MARI,Donna,0,Koszula Donna Mari sz/r S-2XL,Donna,5
5903357535735, Koszulka nocna Koszula Nocna Model Mari 193653 Ecru - Donna ,Donna,8,Koszulka MARI,Donna,0,Koszula Donna Mari sz/r S-2XL,Donna,1
5903357535742, Koszulka nocna Koszula Nocna Model Mari 193653 Ecru - Donna ,Donna,0,Koszulka MARI,Donna,1,Koszula Donna Mari sz/r S-2XL,Donna,1
5903357535872, Piżama Damska Model Mari 1/2 193654 Ecru - Donna ,Donna,24,Piżama MARI 1/2,Donna,0,Piżama Donna Mari 1/2 sz/r S-2XL,Donna,5
5903357535889, Piżama Damska Model Mari 1/2 193654 Ecru - Donna ,Donna,18,Piżama MARI 1/2,Donna,0,Piżama Donna Mari 1/2 sz/r S-2XL,Donna,13
5903357535919, Piżama Damska Model Mari 1/2 192712 Bordo - Donna ,Donna,28,Piżama MARI 1/2,Donna,0,Piżama Donna Mari 1/2 sz/r S-2XL,Donna,2
5903357535926, Piżama Damska Model Blanka Navy - Donna ,Donna,0,Piżama MARI 1/2,Donna,0,Piżama Donna Mari 1/2 sz/r S-2XL,Donna,4
5903357535933, Piżama Damska Model Mari 1/2 192712 Bordo - Donna ,Donna,3,Piżama MARI 1/2,Donna,1,Piżama Donna Mari 1/2 sz/r S-2XL,Donna,2
5903357535940, Piżama Damska Model Mari 1/2 192712 Bordo - Donna ,Donna,12,Piżama MARI 1/2,Donna,0,Piżama Donna Mari 1/2 sz/r S-2XL,Donna,2
5903357535964, Koszulka nocna Koszula Nocna Model Blanka Navy - Donna ,Donna,0,Szlafrok MARI,Donna,1,Szlafrok Donna Mari S-2XL,Donna,1
5903357535971, Szlafrok Damski Model Mari 193649 Navy - Donna ,Donna,5,Szlafrok MARI,Donna,1,Szlafrok Donna Mari S-2XL,Donna,1
5903357535995, Szlafrok Damski Model Mari 193649 Navy - Donna ,Donna,0,Szlafrok MARI,Donna,0,Szlafrok Donna Mari S-2XL,Donna,1
5903357536022, Szlafrok Damski Model Mari 193652 Ecru - Donna ,Donna,8,Szlafrok MARI,Donna,0,Szlafrok Donna Mari S-2XL,Donna,2
5903357536039, Szlafrok Damski Model Mari 193652 Ecru - Donna ,Donna,1,Szlafrok MARI,Donna,0,Szlafrok Donna Mari S-2XL,Donna,6
5903357536046, Szlafrok Damski Model Mari 193652 Ecru - Donna ,Donna,9,Szlafrok MARI,Donna,2,Szlafrok Donna Mari S-2XL,Donna,1
5903357536091, Szlafrok Damski Model Mari 192713 Bordo - Donna ,Donna,0,Szlafrok MARI,Donna,0,Szlafrok Donna Mari S-2XL,Donna,2
5903357536756, Piżama Damska Model Star Short 211315 Błękit/Wzór - Donna ,Donna,1,Piżama STAR SHORT,Donna,0,Piżama Donna Star Short kr/r S-2XL,Donna,1
5903357536770, Piżama Damska Model Star Short 211315 Błękit/Wzór - Donna ,Donna,1,Piżama STAR SHORT,Donna,0,Piżama Donna Star Short kr/r S-2XL,Donna,3
5903357536787, Piżama Damska Model Star Short 211315 Błękit/Wzór - Donna ,Donna,9,Piżama STAR SHORT,Donna,0,Piżama Donna Star Short kr/r S-2XL,Donna,2
5903357536794, Piżama Damska Model Star Short 211315 Błękit/Wzór - Donna ,Donna,9,Piżama STAR SHORT,Donna,0,Piżama Donna Star Short kr/r S-2XL,Donna,1
5903357536855, Piżama Damska Model Star Short 211306 Navy/Blue - Donna ,Donna,1,Piżama STAR SHORT GRN,Donna,0,Piżama Donna Star Short kr/r S-2XL,Donna,5
5903357536886, Piżama Damska Model Star Short 211306 Navy/Blue - Donna ,Donna,0,Piżama STAR SHORT GRN,Donna,0,Piżama Donna Star Short kr/r S-2XL,Donna,4
5903357536893, Piżama Damska Model Star Short 211306 Navy/Blue - Donna ,Donna,0,Piżama STAR SHORT GRN,Donna,0,Piżama Donna Star Short kr/r S-2XL,Donna,1
5903357537166, Piżama Damska Model Star Long 219309 Blue/Navy - Donna ,Donna,0,Piżama STAR LONG,Donna,0,Piżama Donna Star Long dł/r S-2XL,Donna,3
5903357537180, Koszulka nocna Koszula Nocna Model Blanka Grey - Donna ,Donna,0,Piżama STAR LONG,Donna,0,Piżama Donna Star Long dł/r S-2XL,Donna,3
5903357537203, Koszulka nocna Koszula Nocna Model Blanka Grey - Donna ,Donna,0,Piżama STAR LONG,Donna,0,Piżama Donna Star Long dł/r S-2XL,Donna,4
5903357538712, Piżama Damska Model Michelle 1/2 217005 Beige/Ecru - Donna ,Donna,1,Piżama MICHELLE 1/2,Donna,0,,,1
5903357538781, Koszulka nocna Koszula Nocna Model Michelle 217020 Ecru Wzór - Donna ,Donna,1,Koszulka MICHELLE,Donna,0,,,2
5903357539122, Piżama Damska Model Omari Long 217935 Beige/Panterka - Donna ,Donna,9,Piżama OMARI LONG,Donna,0,Piżama Donna Omari Long dł/r S-2XL,Donna,3
5903357539139, Piżama Damska Model Omari Long 217935 Beige/Panterka - Donna ,Donna,9,Piżama OMARI LONG,Donna,0,Piżama Donna Omari Long dł/r S-2XL,Donna,3
5903357539146, Piżama Damska Model Omari Long 217935 Beige/Panterka - Donna ,Donna,10,Piżama OMARI LONG,Donna,1,Piżama Donna Omari Long dł/r S-2XL,Donna,5
5903357539153, Piżama Damska Model Omari Long 217935 Beige/Panterka - Donna ,Donna,4,Piżama OMARI LONG,Donna,0,Piżama Donna Omari Long dł/r S-2XL,Donna,5
5903357539214, Koszulka nocna Koszulka Model Ashley Navy - Donna ,Donna,0,Piżama OMARI 3/4,Donna,3,Piżama Donna Omari 3/4 3/4 S-2XL,Donna,4
5903357539221, Koszulka nocna Koszulka Model Ashley Navy - Donna ,Donna,0,Piżama OMARI 3/4,Donna,2,Piżama Donna Omari 3/4 3/4 S-2XL,Donna,2
5903357539238, Koszulka nocna Koszulka Model Ashley Navy - Donna ,Donna,0,Piżama OMARI 3/4,Donna,1,Piżama Donna Omari 3/4 3/4 S-2XL,Donna,1
5903357539252, Piżama Damska Model Omari 3/4 213604 Beige/Panterka - Donna ,Donna,7,Piżama OMARI 3/4,Donna,2,Piżama Donna Omari 3/4 3/4 S-2XL,Donna,1
5903357539290, Piżama Damska Model Bunny Short 217926 Grey Wzór - Donna ,Donna,8,Piżama BUNNY SHORT,Donna,2,Piżama Donna Bunny Short kr/r S-2XL,Donna,1
5903357539306, Piżama Damska Model Bunny Short 217926 Grey Wzór - Donna ,Donna,7,Piżama BUNNY SHORT,Donna,1,Piżama Donna Bunny Short kr/r S-2XL,Donna,4
5903357539344, Piżama Damska Model Bunny Short 217929 Pink/Grey - Donna ,Donna,0,Piżama BUNNY SHORT,Donna,4,Piżama Donna Bunny Short kr/r S-2XL,Donna,5
5903357539351, Piżama Damska Model Bunny Short 217929 Pink/Grey - Donna ,Donna,1,Piżama BUNNY SHORT,Donna,4,Piżama Donna Bunny Short kr/r S-2XL,Donna,1
5903357540333, Piżama Damska Model Sheila 1/2 209674 Black - Donna ,Donna,5,Piżama SHEILA 1/2,Donna,0,Piżama Donna Sheila 1/2 S-2XL,Donna,1
5903357540432, Piżama Damska Model Sheila Long 209668 Beige - Donna ,Donna,3,Piżama SHEILA LONG,Donna,0,Piżama Donna Sheila Long S-2XL,Donna,1
5903357540449, Koszulka nocna Koszula Nocna Model Sheila 209665 Black/Wzór - Donna ,Donna,3,Koszulka SHEILA,Donna,0,Koszula Donna Sheila w/r S-2XL,Donna,1
5903357540463, Koszulka nocna Koszulka Model Dafne Burgund - Donna ,Donna,0,Koszulka SHEILA,Donna,0,Koszula Donna Sheila w/r S-2XL,Donna,1
5903357540531, Szlafrok Damski Model Sheila 209662 Beige - Donna ,Donna,6,Szlafrok SHEILA,Donna,0,Szlafrok Donna Sheila S-2XL,Donna,2
5903357541088, Piżama Damska Model Donatella 03 Pink - Donna ,Donna,0,Koszulka KRISTINA,Donna,0,Koszula Donna Kristina S-2XL,Donna,1
5903357541095, Piżama Damska Model Donatella 03 Pink - Donna ,Donna,0,Koszulka KRISTINA,Donna,0,Koszula Donna Kristina S-2XL,Donna,3
5903357541101, Koszulka nocna Koszula Nocna Model Kristina 197779 Power Pink - Donna ,Donna,5,Koszulka KRISTINA,Donna,0,Koszula Donna Kristina S-2XL,Donna,4
5903357541118, Piżama Damska Model Donatella 03 Pink - Donna ,Donna,0,Koszulka KRISTINA,Donna,0,Koszula Donna Kristina S-2XL,Donna,3
5903357541590,  Koszula Nocna Model Livia Plus Size 200554 Powder Pink - Donna ,Donna,2,Koszulka LIVIA PLUS,Donna,0,Koszula Donna Livia kr/r 3XL-6XL,Donna,2
5903357541637,  Koszula Nocna Model Livia Plus Size 200560 Bordo - Donna ,Donna,3,Koszulka LIVIA PLUS,Donna,0,Koszula Donna Livia kr/r 3XL-6XL,Donna,3
5903357541644,  Koszula Nocna Model Livia Plus Size 200560 Bordo - Donna ,Donna,1,Koszulka LIVIA PLUS,Donna,0,Koszula Donna Livia kr/r 3XL-6XL,Donna,5
5903357542160, Piżama Damska Model Michelle Short 217011 Ecru/Oliwka - Donna ,Donna,10,Piżama MICHELLE SHORT,Donna,0,Piżama Donna Michelle Short kr/r S-2XL,Donna,1
5903357542276,  Koszula Nocna Model Omari Plus Size 213592 Panterka - Donna ,Donna,9,Koszulka OMARI PLUS,Donna,2,,,2
5903357542306, Koszulka nocna Koszula Nocna Model Omari II 213595 Panterka - Donna ,Donna,9,Koszulka OMARI II,Donna,3,,,1
5903357542368,  Koszula Nocna Model Omari II Plus Size 213589 Panterka - Donna ,Donna,3,Koszulka OMARI II PLUS,Donna,2,,,1
5903357542382,  Koszula Nocna Model Omari II Plus Size 213589 Panterka - Donna ,Donna,3,Koszulka OMARI II PLUS,Donna,1,,,2
5903357542566,  Koszula Nocna Model Melania Plus Size 210487 Navy - Donna ,Donna,3,Koszulka MELANIA PLUS,Donna,0,Koszula Donna Melania kr/r 3XL-6XL,Donna,3
5903357542658,  Koszula Nocna Model Sylvia Plus Size 213052 Black - Donna ,Donna,2,Koszulka SYLVIA PLUS,Donna,0,Koszula Donna Sylvia w/r 3XL-6XL,Donna,1
5903357542733, Piżama Damska Model Sleep 219276 Fuksja - Donna ,Donna,0,Piżama SLEEP SHORT,Donna,0,Piżama Donna Sleep Short kr/r S-2XL,Donna,5
5903357542740, Piżama Damska Model Sleep 219276 Fuksja - Donna ,Donna,5,Piżama SLEEP SHORT,Donna,0,Piżama Donna Sleep Short kr/r S-2XL,Donna,10
5903357542757, Piżama Damska Model Sleep 219276 Fuksja - Donna ,Donna,6,Piżama SLEEP SHORT,Donna,0,Piżama Donna Sleep Short kr/r S-2XL,Donna,8
5903357542825,  Koszula Nocna Model Melania Plus Size 210484 Green - Donna ,Donna,6,Koszulka MELANIA PLUS,Donna,0,Koszula Donna Melania kr/r 3XL-6XL,Donna,2
5903357542887, Koszulka nocna Koszulka Model Sharon Black - Donna ,Donna,0,Piżama OMARI SHORT,Donna,1,Piżama Donna Omari Short kr/r S-2XL,Donna,9
5903357542894, Piżama Damska Model Omari Short 213601 Beige/Panterka - Donna ,Donna,14,Piżama OMARI SHORT,Donna,0,Piżama Donna Omari Short kr/r S-2XL,Donna,1
5903357543051, Koszulka nocna Koszula Nocna Model Daria 216489 Morski - Donna ,Donna,0,Koszulka DARIA,Donna,1,Koszula Donna Daria kr/r S-2XL,Donna,1
5903357543105, Koszulka nocna Koszula Nocna Model Daria 216486 Dirty Pink - Donna ,Donna,1,Koszulka DARIA,Donna,0,Koszula Donna Daria kr/r S-2XL,Donna,1
5903357543112, Koszulka nocna Koszulka Model Paris Black - Donna ,Donna,0,Koszulka DARIA,Donna,0,Koszula Donna Daria kr/r S-2XL,Donna,1
5903357543167, Koszulka nocna Koszula Nocna Model Victoria 220239 Wino - Donna ,Donna,1,Koszulka VICTORIA,Donna,0,Koszula Donna Victoria kr/r S-2XL,Donna,5
5903357543174, Koszulka nocna Koszula Nocna Model Victoria 220239 Wino - Donna ,Donna,2,Koszulka VICTORIA,Donna,0,Koszula Donna Victoria kr/r S-2XL,Donna,8
5903357543181, Koszulka nocna Koszula Nocna Model Victoria 220239 Wino - Donna ,Donna,1,Koszulka VICTORIA,Donna,0,Koszula Donna Victoria kr/r S-2XL,Donna,8
5903357543198, Koszulka nocna Koszula Nocna Model Victoria 220239 Wino - Donna ,Donna,8,Koszulka VICTORIA,Donna,0,Koszula Donna Victoria kr/r S-2XL,Donna,6
5903357543204, Koszulka nocna Koszula Nocna Model Victoria II 220053 Wino - Donna ,Donna,2,Koszulka VICTORIA II,Donna,0,Koszulka Donna Victoria II sz/r S-2XL,Donna,1
5903357543211, Koszulka nocna Koszula Nocna Model Victoria II 220053 Wino - Donna ,Donna,8,Koszulka VICTORIA II,Donna,0,Koszulka Donna Victoria II sz/r S-2XL,Donna,4
5903357543228, Koszulka nocna Koszula Nocna Model Victoria II 220053 Wino - Donna ,Donna,2,Koszulka VICTORIA II,Donna,0,Koszulka Donna Victoria II sz/r S-2XL,Donna,8
5903357543235, Koszulka nocna Koszula Nocna Model Victoria II 220053 Wino - Donna ,Donna,6,Koszulka VICTORIA II,Donna,0,Koszulka Donna Victoria II sz/r S-2XL,Donna,7
5903357543242, Koszulka nocna Koszula Nocna Model Victoria II 220053 Wino - Donna ,Donna,5,Koszulka VICTORIA II,Donna,0,Koszulka Donna Victoria II sz/r S-2XL,Donna,4
5903357543273, Piżama Damska Model Daphne Short 217056 Wrzos/Pink - Donna ,Donna,3,Piżama DAPHNE SHORT,Donna,0,Piżama Donna Daphne kr/r S-2XL,Donna,5
5903357543280, Piżama Damska Model Daphne Short 217056 Wrzos/Pink - Donna ,Donna,8,Piżama DAPHNE SHORT,Donna,0,Piżama Donna Daphne kr/r S-2XL,Donna,6
5903357543297, Piżama Damska Model Daphne Short 217056 Wrzos/Pink - Donna ,Donna,4,Piżama DAPHNE SHORT,Donna,0,Piżama Donna Daphne kr/r S-2XL,Donna,2
5903357543327, Piżama Damska Model Daphne Short 217059 Cappuccino/Beige - Donna ,Donna,1,Piżama DAPHNE SHORT,Donna,0,Piżama Donna Daphne kr/r S-2XL,Donna,6
5903357543334, Piżama Damska Model Daphne Short 217059 Cappuccino/Beige - Donna ,Donna,2,Piżama DAPHNE SHORT,Donna,0,Piżama Donna Daphne kr/r S-2XL,Donna,1
5903357543341, Piżama Damska Model Daphne Short 217059 Cappuccino/Beige - Donna ,Donna,0,Piżama DAPHNE SHORT,Donna,1,Piżama Donna Daphne kr/r S-2XL,Donna,4
5903357543396, Piżama Damska Model Daphne Long 217053 Pink - Donna ,Donna,5,Piżama DAPHNE LONG,Donna,1,Piżama Donna Daphne dł/r S-2XL,Donna,4
5903357543433, Szlafrok Damski Model Tess Plus Black - Donna ,Donna,0,Piżama DAPHNE LONG,Donna,1,Piżama Donna Daphne dł/r S-2XL,Donna,3
5903357543440, Szlafrok Damski Model Tess Plus Black - Donna ,Donna,0,Piżama DAPHNE LONG,Donna,1,Piżama Donna Daphne dł/r S-2XL,Donna,1
5903357544256, Figi brazyliany Model 220 221379 Black - Donna ,Donna,1,Figi 220,Donna,0,Figi Donna 220 Brazyliany S-2XL,Donna,1
5903357544263, Figi brazyliany Model 220 221379 Black - Donna ,Donna,4,Figi 220,Donna,0,Figi Donna 220 Brazyliany S-2XL,Donna,5
5903357544270, Figi brazyliany Model 220 221379 Black - Donna ,Donna,13,Figi 220,Donna,0,Figi Donna 220 Brazyliany S-2XL,Donna,3
5903357544287, Figi brazyliany Model 220 221379 Black - Donna ,Donna,7,Figi 220,Donna,2,Figi Donna 220 Brazyliany S-2XL,Donna,2
5903357544447, Koszulka nocna Koszula Nocna Model Kristina 217581 Navy - Donna ,Donna,7,Koszulka KRISTINA,Donna,2,Koszula Donna Kristina S-2XL,Donna,5
5903357544454, Koszulka nocna Koszula Nocna Model Kristina 217581 Navy - Donna ,Donna,1,Koszulka KRISTINA,Donna,0,Koszula Donna Kristina S-2XL,Donna,5
5903357544461, Koszulka nocna Koszula Nocna Model Kristina 217581 Navy - Donna ,Donna,1,Koszulka KRISTINA,Donna,3,Koszula Donna Kristina S-2XL,Donna,6
5903357544577, Piżama Damska Model Margaret Short 226482 Błękit Wzór - Donna ,Donna,5,Piżama MARGARET SHORT,Donna,0,Piżama Donna Margaret Short kr/r S-2XL,Donna,2
5903357544638, Piżama Damska Model Sheep Long Pink - Donna ,Donna,0,Piżama SHEEP LONG,Donna,0,Piżama Donna Sheep Long dł/r S-2XL,Donna,2
5903357544942, Figi Model 216 221358 White - Donna ,Donna,8,Figi 216,Donna,5,Figi Donna 216 S-2XL,Donna,2
5903357544959, Figi Model 216 221358 White - Donna ,Donna,8,Figi 216,Donna,4,Figi Donna 216 S-2XL,Donna,4
5903357544966, Figi Model 216 221358 White - Donna ,Donna,9,Figi 216,Donna,5,Figi Donna 216 S-2XL,Donna,4
5903357544973, Figi Model 216 221358 White - Donna ,Donna,3,Figi 216,Donna,5,Figi Donna 216 S-2XL,Donna,2
5903357544997, Figi Model 216 221355 Black - Donna ,Donna,1,Figi 216,Donna,5,Figi Donna 216 S-2XL,Donna,3
5903357545000, Figi Model 216 221355 Black - Donna ,Donna,9,Figi 216,Donna,7,Figi Donna 216 S-2XL,Donna,4
5903357545017, Figi Model 216 221355 Black - Donna ,Donna,8,Figi 216,Donna,5,Figi Donna 216 S-2XL,Donna,3
5903357545024, Figi Model 216 221355 Black - Donna ,Donna,4,Figi 216,Donna,0,Figi Donna 216 S-2XL,Donna,2
5903357545048, Figi Model 216 221352 Beige - Donna ,Donna,1,Figi 216,Donna,8,Figi Donna 216 S-2XL,Donna,2
5903357545055, Figi Model 216 221352 Beige - Donna ,Donna,9,Figi 216,Donna,6,Figi Donna 216 S-2XL,Donna,6
5903357545062, Figi Model 216 221352 Beige - Donna ,Donna,8,Figi 216,Donna,6,Figi Donna 216 S-2XL,Donna,3
5903357545079, Figi Model 216 221352 Beige - Donna ,Donna,6,Figi 216,Donna,1,Figi Donna 216 S-2XL,Donna,4
5903357545253, Figi Model 244 222543 Black - Donna ,Donna,1,Figi 244,Donna,0,Figi Donna 244 M-2XL,Donna,5
5903357545277, Figi Model 244 222543 Black - Donna ,Donna,11,Figi 244,Donna,0,Figi Donna 244 M-2XL,Donna,4
5903357545796, Figi Model 235 221553 Beige - Donna ,Donna,1,Figi 235,Donna,1,Figi Donna 235 S-2XL,Donna,1
5903357545802, Piżama Damska Model Mila 3/4 Coral - Donna ,Donna,0,Figi 235,Donna,2,Figi Donna 235 S-2XL,Donna,3
5903357545819, Figi Model 235 221553 Beige - Donna ,Donna,14,Figi 235,Donna,5,Figi Donna 235 S-2XL,Donna,4
5903357545826,  Piżama Damska Model Queen 3/4 Plus Size Musztard - Donna ,Donna,0,Figi 235,Donna,7,Figi Donna 235 S-2XL,Donna,3
5903357545833,  Piżama Damska Model Queen 3/4 Plus Size Musztard - Donna ,Donna,0,Figi 235,Donna,3,Figi Donna 235 S-2XL,Donna,4
5903357545895, Figi Model 235 221559 Black - Donna ,Donna,2,Figi 235,Donna,3,Figi Donna 235 S-2XL,Donna,2
5903357545901, Figi Model 235 221559 Black - Donna ,Donna,1,Figi 235,Donna,5,Figi Donna 235 S-2XL,Donna,3
5903357545918, Figi Model 235 221559 Black - Donna ,Donna,13,Figi 235,Donna,3,Figi Donna 235 S-2XL,Donna,1
5903357545925, Piżama Damska Model Princessa Black - Donna ,Donna,0,Figi 235,Donna,3,Figi Donna 235 S-2XL,Donna,1
5903357545932, Figi Model 235 221559 Black - Donna ,Donna,7,Figi 235,Donna,1,Figi Donna 235 S-2XL,Donna,6
5903357546045, Figi Model 228 221388 Beige - Donna ,Donna,8,Figi 228,Donna,7,Figi Donna 228 S-2XL,Donna,5
5903357546052, Figi Model 228 221388 Beige - Donna ,Donna,15,Figi 228,Donna,6,Figi Donna 228 S-2XL,Donna,6
5903357546069, Figi Model 228 221388 Beige - Donna ,Donna,15,Figi 228,Donna,5,Figi Donna 228 S-2XL,Donna,10
5903357546083, Figi Model 228 221388 Beige - Donna ,Donna,6,Figi 228,Donna,3,Figi Donna 228 S-2XL,Donna,3
5903357546090, Figi Model 228 221385 Black - Donna ,Donna,11,Figi 228,Donna,7,Figi Donna 228 S-2XL,Donna,3
5903357546106, Figi Model 228 221385 Black - Donna ,Donna,15,Figi 228,Donna,7,Figi Donna 228 S-2XL,Donna,5
5903357546113, Figi Model 228 221385 Black - Donna ,Donna,11,Figi 228,Donna,6,Figi Donna 228 S-2XL,Donna,5
5903357546120, Figi Model 228 221385 Black - Donna ,Donna,7,Figi 228,Donna,1,Figi Donna 228 S-2XL,Donna,4
5903357546137, Figi Model 228 221385 Black - Donna ,Donna,6,Figi 228,Donna,2,Figi Donna 228 S-2XL,Donna,3
5903357546649, Piżama Damska Model Zebra Short 228187 Fuksja - Donna ,Donna,9,Piżama ZEBRA SHORT,Donna,0,Piżama Donna Zebra Short kr/r S-2XL,Donna,3
5903357546656, Piżama Damska Model Zebra Short 228187 Fuksja - Donna ,Donna,8,Piżama ZEBRA SHORT,Donna,0,Piżama Donna Zebra Short kr/r S-2XL,Donna,2
5903357546670, Piżama Damska Model Zebra Short 228187 Fuksja - Donna ,Donna,9,Piżama ZEBRA SHORT,Donna,0,Piżama Donna Zebra Short kr/r S-2XL,Donna,1
5903357546687, Piżama Damska Model Zebra Short 228187 Fuksja - Donna ,Donna,7,Piżama ZEBRA SHORT,Donna,0,Piżama Donna Zebra Short kr/r S-2XL,Donna,4
5903357547042, Figi Model 239 221580 Black - Donna ,Donna,8,Figi 239,Donna,4,Figi Donna 239 M-2XL,Donna,3
5903357547059, Figi Model 239 221580 Black - Donna ,Donna,12,Figi 239,Donna,8,Figi Donna 239 M-2XL,Donna,3
5903357547066, Koszulka nocna Koszulka Model Zoya Size Plus Black - Donna ,Donna,0,Figi 239,Donna,7,Figi Donna 239 M-2XL,Donna,4
5903357547073, Koszulka nocna Koszulka Model Zoya Size Plus Black - Donna ,Donna,0,Figi 239,Donna,6,Figi Donna 239 M-2XL,Donna,4
5903357547080, Koszulka nocna Koszulka Model Alexia Black - Donna ,Donna,0,Figi 239,Donna,4,Figi Donna 239 M-2XL,Donna,4
5903357547097, Figi Model 239 222558 Beige - Donna ,Donna,7,Figi 239,Donna,5,Figi Donna 239 M-2XL,Donna,1
5903357547103, Figi Model 239 222558 Beige - Donna ,Donna,12,Figi 239,Donna,9,Figi Donna 239 M-2XL,Donna,4
5903357547110, Figi Model 239 222558 Beige - Donna ,Donna,11,Figi 239,Donna,9,Figi Donna 239 M-2XL,Donna,5
5903357547127, Figi Model 239 222558 Beige - Donna ,Donna,10,Figi 239,Donna,9,Figi Donna 239 M-2XL,Donna,2
5903357547134, Figi Model 239 222558 Beige - Donna ,Donna,7,Figi 239,Donna,5,Figi Donna 239 M-2XL,Donna,2
5903357547196, Koszulka nocna Koszula Nocna Model Zebra 228190 Fuksja - Donna ,Donna,21,Koszulka ZEBRA,Donna,0,Koszula Donna Zebra w/r S-2XL,Donna,4
5903357547202, Koszulka nocna Koszula Nocna Model Zebra 228190 Fuksja - Donna ,Donna,17,Koszulka ZEBRA,Donna,0,Koszula Donna Zebra w/r S-2XL,Donna,1
5903357547219, Koszulka nocna Koszula Nocna Model Zebra 228190 Fuksja - Donna ,Donna,20,Koszulka ZEBRA,Donna,0,Koszula Donna Zebra w/r S-2XL,Donna,1
5903357547226, Koszulka nocna Koszula Nocna Model Zebra 228190 Fuksja - Donna ,Donna,3,Koszulka ZEBRA,Donna,0,Koszula Donna Zebra w/r S-2XL,Donna,1
5903357547264, Piżama Damska Model Zebra Top 228193 Fuksja - Donna ,Donna,4,Piżama ZEBRA TOP,Donna,0,Piżama Donna Zebra Top w/r S-2XL,Donna,2
5903357547271, Piżama Damska Model Zebra Top 228193 Fuksja - Donna ,Donna,3,Piżama ZEBRA TOP,Donna,1,Piżama Donna Zebra Top w/r S-2XL,Donna,2
5903357547356, Stringi Model 245 224571 Red - Donna ,Donna,10,Stringi 245,Donna,0,Stringi Donna 245 M-2XL,Donna,6
5903357547363, Stringi Model 245 224571 Red - Donna ,Donna,8,Stringi 245,Donna,2,Stringi Donna 245 M-2XL,Donna,2
5903357547370, Stringi Model 245 224571 Red - Donna ,Donna,6,Stringi 245,Donna,4,Stringi Donna 245 M-2XL,Donna,4
5903357547394, Piżama Damska Model Margaret Top 226479 Błękit Wzór - Donna ,Donna,1,Piżama MARGARET TOP,Donna,0,Piżama Donna Margaret Top w/r S-2XL,Donna,5
5903357547400, Piżama Damska Model Margaret Top 226479 Błękit Wzór - Donna ,Donna,8,Piżama MARGARET TOP,Donna,0,Piżama Donna Margaret Top w/r S-2XL,Donna,7
5903357547417, Piżama Damska Model Margaret Top 226479 Błękit Wzór - Donna ,Donna,1,Piżama MARGARET TOP,Donna,0,Piżama Donna Margaret Top w/r S-2XL,Donna,7
5903357547424, Piżama Damska Model Margaret Top 226479 Błękit Wzór - Donna ,Donna,7,Piżama MARGARET TOP,Donna,0,Piżama Donna Margaret Top w/r S-2XL,Donna,4
5903357547431, Piżama Damska Model Margaret Top 226479 Błękit Wzór - Donna ,Donna,0,Piżama MARGARET TOP,Donna,0,Piżama Donna Margaret Top w/r S-2XL,Donna,1
5903357548315, Piżama Damska Model Zebra Short 228184 Fuksja - Donna ,Donna,7,Piżama ZEBRA SHORT,Donna,1,Piżama Donna Zebra Short kr/r S-2XL,Donna,7
5903357548322, Piżama Damska Model Zebra Short 228184 Fuksja - Donna ,Donna,10,Piżama ZEBRA SHORT,Donna,0,Piżama Donna Zebra Short kr/r S-2XL,Donna,7
5903357548339, Piżama Damska Model Zebra Short 228184 Fuksja - Donna ,Donna,10,Piżama ZEBRA SHORT,Donna,1,Piżama Donna Zebra Short kr/r S-2XL,Donna,11
5903357548346, Piżama Damska Model Zebra Short 228184 Fuksja - Donna ,Donna,8,Piżama ZEBRA SHORT,Donna,1,Piżama Donna Zebra Short kr/r S-2XL,Donna,8
5903357548469, Piżama Damska Model Pati 3/4 232957 Black/Pink - Donna ,Donna,0,Piżama PATI 3/4,Donna,3,Piżama Donna Pati 3/4 kr/r S-2XL,Donna,3
5903357548476, Piżama Damska Model Pati 3/4 232957 Black/Pink - Donna ,Donna,20,Piżama PATI 3/4,Donna,0,Piżama Donna Pati 3/4 kr/r S-2XL,Donna,4
5903357548490, Piżama Damska Model Pati 3/4 232957 Black/Pink - Donna ,Donna,10,Piżama PATI 3/4,Donna,0,Piżama Donna Pati 3/4 kr/r S-2XL,Donna,1
5903357548520, Piżama Damska Model Love Top 226023 Grey Wzór - Donna ,Donna,0,Piżama LOVE TOP,Donna,2,Piżama Donna Love Top w/r S-2XL,Donna,3
5903357548537, Piżama Damska Model Love Top 226023 Grey Wzór - Donna ,Donna,13,Piżama LOVE TOP,Donna,3,Piżama Donna Love Top w/r S-2XL,Donna,4
5903357548544, Piżama Damska Model Love Top 226023 Grey Wzór - Donna ,Donna,0,Piżama LOVE TOP,Donna,0,Piżama Donna Love Top w/r S-2XL,Donna,9
5903357548568, Koszulka nocna Koszula Nocna Model Adore 234853 Beige Wzór - Donna ,Donna,5,Koszulka ADORE,Donna,0,Koszula Donna Adore w/r S-2XL,Donna,6
5903357548575, Koszulka nocna Koszula Nocna Model Adore 234853 Beige Wzór - Donna ,Donna,8,Koszulka ADORE,Donna,0,Koszula Donna Adore w/r S-2XL,Donna,1
5903357548582, Koszulka nocna Koszula Nocna Model Adore 234853 Beige Wzór - Donna ,Donna,0,Koszulka ADORE,Donna,0,Koszula Donna Adore w/r S-2XL,Donna,1
5903357548599, Koszulka nocna Koszula Nocna Model Adore 234853 Beige Wzór - Donna ,Donna,5,Koszulka ADORE,Donna,0,Koszula Donna Adore w/r S-2XL,Donna,1
5903357548605, Koszulka nocna Koszula Nocna Model Adore 234853 Beige Wzór - Donna ,Donna,3,Koszulka ADORE,Donna,0,Koszula Donna Adore w/r S-2XL,Donna,1
5903357548643, Szlafrok Model Miriam Dark Blue - Donna ,Donna,0,Piżama EVITA TOP,Donna,0,Piżama Donna Evita Top sz/r S-2XL,Donna,5
5903357548728, Piżama Damska Model Elizabeth Short 236920 Ecru/Beige/Grey - Donna ,Donna,3,Piżama ELIZABETH SHORT,Donna,0,Piżama Donna Elizabeth Short kr/r S-2XL,Donna,1
5903357548735, Piżama Damska Model Elizabeth Short 236920 Ecru/Beige/Grey - Donna ,Donna,1,Piżama ELIZABETH SHORT,Donna,0,Piżama Donna Elizabeth Short kr/r S-2XL,Donna,1
5903357548742, Piżama Damska Model Elizabeth Short 236920 Ecru/Beige/Grey - Donna ,Donna,1,Piżama ELIZABETH SHORT,Donna,0,Piżama Donna Elizabeth Short kr/r S-2XL,Donna,3
5903357548780, Koszulka nocna Koszula Nocna Model Sabrina 222852 Black - Donna ,Donna,0,Koszulka SABRINA,Donna,0,Koszula Donna Sabrina w/r S-2XL,Donna,2
5903357548803, Koszulka nocna Koszula Nocna Model Sabrina 222852 Black - Donna ,Donna,6,Koszulka SABRINA,Donna,0,Koszula Donna Sabrina w/r S-2XL,Donna,2
5903357548810, Szlafrok Damski Model Sabrina 222855 Black - Donna ,Donna,0,Szlafrok SABRINA,Donna,0,Szlafrok Donna Sabrina S-2XL,Donna,1
5903357548827, Szlafrok Damski Model Sabrina 222855 Black - Donna ,Donna,1,Szlafrok SABRINA,Donna,0,Szlafrok Donna Sabrina S-2XL,Donna,2
5903357548834, Szlafrok Damski Model Sabrina 222855 Black - Donna ,Donna,10,Szlafrok SABRINA,Donna,0,Szlafrok Donna Sabrina S-2XL,Donna,1
5903357548841, Szlafrok Damski Model Sabrina 222855 Black - Donna ,Donna,7,Szlafrok SABRINA,Donna,1,Szlafrok Donna Sabrina S-2XL,Donna,1
5903357548858, Szlafrok Damski Model Sabrina 222855 Black - Donna ,Donna,0,Szlafrok SABRINA,Donna,1,Szlafrok Donna Sabrina S-2XL,Donna,2
5903357548889, Piżama Damska Model Sabrina 1/2 222849 Black - Donna ,Donna,10,Piżama SABRINA 1/2,Donna,0,Piżama Donna Sabrina 1/2 w/r S-2XL,Donna,2
5903357548896, Piżama Damska Model Sabrina 1/2 222849 Black - Donna ,Donna,9,Piżama SABRINA 1/2,Donna,0,Piżama Donna Sabrina 1/2 w/r S-2XL,Donna,2
5903357548919, Piżama Damska Model Julia 1/2 234868 Ecru Flowers - Donna ,Donna,9,Piżama JULIA 1/2,Donna,0,Piżama Donna Julia 1/2 w/r S-2XL,Donna,7
5903357548926, Piżama Damska Model Julia 1/2 234868 Ecru Flowers - Donna ,Donna,2,Piżama JULIA 1/2,Donna,0,Piżama Donna Julia 1/2 w/r S-2XL,Donna,1
5903357548933, Piżama Damska Model Julia 1/2 234868 Ecru Flowers - Donna ,Donna,12,Piżama JULIA 1/2,Donna,0,Piżama Donna Julia 1/2 w/r S-2XL,Donna,1
5903357548940, Piżama Damska Model Julia 1/2 234868 Ecru Flowers - Donna ,Donna,8,Piżama JULIA 1/2,Donna,0,Piżama Donna Julia 1/2 w/r S-2XL,Donna,2
5903357548957, Piżama Damska Model Julia 1/2 234868 Ecru Flowers - Donna ,Donna,5,Piżama JULIA 1/2,Donna,0,Piżama Donna Julia 1/2 w/r S-2XL,Donna,4
5903357548971, Szlafrok Model Miriam Burgund - Donna ,Donna,0,Piżama MELISA SHORT,Donna,0,Piżama Donna Melisa Short kr/r S-2XL,Donna,2
5903357548988, Szlafrok Model Miriam Burgund - Donna ,Donna,0,Piżama MELISA SHORT,Donna,0,Piżama Donna Melisa Short kr/r S-2XL,Donna,3
5903357548995, Szlafrok Model Miriam Burgund - Donna ,Donna,0,Piżama MELISA SHORT,Donna,0,Piżama Donna Melisa Short kr/r S-2XL,Donna,3
5903357549008, Piżama Damska Model Melisa Short 228985 Green/Ecru - Donna ,Donna,1,Piżama MELISA SHORT,Donna,0,Piżama Donna Melisa Short kr/r S-2XL,Donna,1
5903357549015, Koszulka nocna Koszula Nocna Model Angela II 228223 Ecru/Blue - Donna ,Donna,0,Koszulka ANGELA II,Donna,0,Koszula Donna Angela II sz/r S-2XL,Donna,3
5903357549022, Koszulka nocna Koszula Nocna Model Angela II 228223 Ecru/Blue - Donna ,Donna,10,Koszulka ANGELA II,Donna,0,Koszula Donna Angela II sz/r S-2XL,Donna,5
5903357549039, Koszulka nocna Koszula Nocna Model Angela II 228223 Ecru/Blue - Donna ,Donna,12,Koszulka ANGELA II,Donna,0,Koszula Donna Angela II sz/r S-2XL,Donna,9
5903357549046, Koszulka nocna Koszula Nocna Model Angela II 228223 Ecru/Blue - Donna ,Donna,2,Koszulka ANGELA II,Donna,0,Koszula Donna Angela II sz/r S-2XL,Donna,4
5903357549053, Koszulka nocna Koszula Nocna Model Angela II 228223 Ecru/Blue - Donna ,Donna,1,Koszulka ANGELA II,Donna,0,Koszula Donna Angela II sz/r S-2XL,Donna,1
5903357549114, Koszulka nocna Koszula Nocna Nina II Dark Blue - Donna ,Donna,0,Koszulka JASMINE LONG,Donna,2,Koszula Donna Jasmine Long w/r S-2XL,Donna,1
5903357549121, Koszulka nocna Koszula Nocna Model  Jasmine Long 231613 Black - Donna ,Donna,1,Koszulka JASMINE LONG,Donna,3,Koszula Donna Jasmine Long w/r S-2XL,Donna,3
5903357549138, Koszulka nocna Koszula Nocna Model  Jasmine Long 231613 Black - Donna ,Donna,9,Koszulka JASMINE LONG,Donna,1,Koszula Donna Jasmine Long w/r S-2XL,Donna,3
5903357549145, Koszulka nocna Koszula Nocna Model  Jasmine Long 231613 Black - Donna ,Donna,1,Koszulka JASMINE LONG,Donna,0,Koszula Donna Jasmine Long w/r S-2XL,Donna,4
5903357549152, Koszulka nocna Koszulka Model Alexia plus Black - Donna ,Donna,0,Koszulka JASMINE LONG,Donna,0,Koszula Donna Jasmine Long w/r S-2XL,Donna,3
5903357549169, Koszulka nocna Koszula Nocna Model Linda 232918 Navy - Donna ,Donna,8,Koszulka LINDA,Donna,1,Koszula Donna Linda kr/r S-2XL,Donna,1
5903357549176, Koszulka nocna Koszula Nocna Model Linda 232918 Navy - Donna ,Donna,8,Koszulka LINDA,Donna,2,Koszula Donna Linda kr/r S-2XL,Donna,1
5903357549183, Koszulka nocna Koszula Nocna Model Linda 232918 Navy - Donna ,Donna,0,Koszulka LINDA,Donna,0,Koszula Donna Linda kr/r S-2XL,Donna,5
5903357549190, Koszulka nocna Koszula Nocna Model Linda 232918 Navy - Donna ,Donna,0,Koszulka LINDA,Donna,0,Koszula Donna Linda kr/r S-2XL,Donna,1
5903357549206, Koszulka nocna Koszula Nocna Model Linda 232918 Navy - Donna ,Donna,3,Koszulka LINDA,Donna,0,Koszula Donna Linda kr/r S-2XL,Donna,1
5903357549220, Koszulka nocna Koszulka Model Alexia plus Black - Donna ,Donna,0,Piżama LOVE SHORT,Donna,0,Piżama Donna Love Short kr/r S-2XL,Donna,3
5903357549237, Piżama Damska Model Love Short 226029 Ecru Wzór - Donna ,Donna,12,Piżama LOVE SHORT,Donna,0,Piżama Donna Love Short kr/r S-2XL,Donna,3
5903357549244, Piżama Damska Model Love Short 226029 Ecru Wzór - Donna ,Donna,1,Piżama LOVE SHORT,Donna,0,Piżama Donna Love Short kr/r S-2XL,Donna,13
5903357549251, Piżama Damska Model Love Short 226029 Ecru Wzór - Donna ,Donna,3,Piżama LOVE SHORT,Donna,0,Piżama Donna Love Short kr/r S-2XL,Donna,9
5903357549268, Piżama Damska Model Love Short 226026 Grey Wzór - Donna ,Donna,6,Piżama LOVE SHORT,Donna,0,Piżama Donna Love Short Grey kr/r S-2XL,Donna,9
5903357549275, Piżama Damska Model Love Short 226026 Grey Wzór - Donna ,Donna,1,Piżama LOVE SHORT,Donna,4,Piżama Donna Love Short Grey kr/r S-2XL,Donna,11
5903357549282, Piżama Damska Model Love Short 226026 Grey Wzór - Donna ,Donna,9,Piżama LOVE SHORT,Donna,0,Piżama Donna Love Short Grey kr/r S-2XL,Donna,13
5903357549299, Piżama Damska Model Love Short 226026 Grey Wzór - Donna ,Donna,10,Piżama LOVE SHORT,Donna,0,Piżama Donna Love Short Grey kr/r S-2XL,Donna,7
5903357549305, Piżama Damska Model Love Short 226026 Grey Wzór - Donna ,Donna,7,Piżama LOVE SHORT,Donna,1,Piżama Donna Love Short Grey kr/r S-2XL,Donna,11
5903357549312, Koszulka nocna Koszula Nocna Model Tina 226332 Dirty Pink - Donna ,Donna,0,Koszulka TINA,Donna,2,Koszula Donna Tina kr/r S-2XL,Donna,2
5903357549367, Koszulka nocna Koszula Nocna Model Linda 232924 Powder Pink - Donna ,Donna,4,Koszulka LINDA,Donna,1,Koszula Donna Linda kr/r S-2XL,Donna,2
5903357549374, Koszulka nocna Koszula Nocna Model Linda 232924 Powder Pink - Donna ,Donna,8,Koszulka LINDA,Donna,1,Koszula Donna Linda kr/r S-2XL,Donna,2
5903357549381, Koszulka nocna Koszula Nocna Model Linda 232924 Powder Pink - Donna ,Donna,9,Koszulka LINDA,Donna,0,Koszula Donna Linda kr/r S-2XL,Donna,1
5903357549398, Koszulka nocna Koszula Nocna Model Linda 232924 Powder Pink - Donna ,Donna,6,Koszulka LINDA,Donna,0,Koszula Donna Linda kr/r S-2XL,Donna,3
5903357549411, Piżama Damska Model Zebra 3/4 228181 Fuksja - Donna ,Donna,1,Piżama ZEBRA 3/4,Donna,0,Piżama Donna Zebra kr/r S-2XL,Donna,2
5903357549428, Piżama Model Colette 1/2 Navy - Donna ,Donna,0,Piżama ZEBRA 3/4,Donna,0,Piżama Donna Zebra kr/r S-2XL,Donna,1
5903357549510, Koszulka nocna Koszula Nocna Model Julia 234856 Ecru/Flowers - Donna ,Donna,1,Koszulka JULIA,Donna,2,Koszula Donna Julia w/r S-2XL,Donna,19
5903357549527, Koszulka nocna Koszula Nocna Model Julia 234856 Ecru/Flowers - Donna ,Donna,0,Koszulka JULIA,Donna,0,Koszula Donna Julia w/r S-2XL,Donna,8
5903357549534, Koszulka nocna Koszula Nocna Model Julia 234856 Ecru/Flowers - Donna ,Donna,0,Koszulka JULIA,Donna,0,Koszula Donna Julia w/r S-2XL,Donna,11
5903357549541, Koszulka nocna Koszula Nocna Model Julia 234856 Ecru/Flowers - Donna ,Donna,0,Koszulka JULIA,Donna,1,Koszula Donna Julia w/r S-2XL,Donna,11
5903357549589, Piżama Damska Model Elizabeth Top 236917 Ecru/Beige/Grey - Donna ,Donna,4,Piżama ELIZABETH TOP,Donna,0,,,2
5903357549602, Piżama Damska Model Elizabeth Top 236917 Ecru/Beige/Grey - Donna ,Donna,0,Piżama ELIZABETH TOP,Donna,0,,,2
5903357549671, Koszulka nocna Koszula Nocna Model Elizabeth 236905 Ecru - Donna ,Donna,12,Koszulka ELIZABETH,Donna,0,Koszula Donna Elizabeth sz/r S-2XL,Donna,3
5903357549688, Koszulka nocna Koszula Nocna Model Elizabeth 236905 Ecru - Donna ,Donna,1,Koszulka ELIZABETH,Donna,0,Koszula Donna Elizabeth sz/r S-2XL,Donna,5
5903357549695, Koszulka nocna Koszula Nocna Model Elizabeth 236905 Ecru - Donna ,Donna,7,Koszulka ELIZABETH,Donna,0,Koszula Donna Elizabeth sz/r S-2XL,Donna,4
5903357549718, Szlafrok Damski Model Elizabeth 236908 Ecru/Beige/Grey - Donna ,Donna,6,Szlafrok ELIZABETH,Donna,3,Szlafrok Donna Elizabeth S-2XL,Donna,1
5903357549725, Szlafrok Damski Model Elizabeth 236908 Ecru/Beige/Grey - Donna ,Donna,6,Szlafrok ELIZABETH,Donna,0,Szlafrok Donna Elizabeth S-2XL,Donna,1
5903357549732, Szlafrok Damski Model Elizabeth 236908 Ecru/Beige/Grey - Donna ,Donna,5,Szlafrok ELIZABETH,Donna,0,Szlafrok Donna Elizabeth S-2XL,Donna,4
5903357549749, Szlafrok Damski Model Elizabeth 236908 Ecru/Beige/Grey - Donna ,Donna,2,Szlafrok ELIZABETH,Donna,0,Szlafrok Donna Elizabeth S-2XL,Donna,2
5903357549862, Piżama Damska Model Gabriela Long 235747 Powder Pink - Donna ,Donna,0,Piżama GABRIELA LONG,Donna,0,,,1
5903357549916, Koszulka nocna Koszula Nocna Model Gabriela 235738 Powder Pink - Donna ,Donna,1,Koszulka GABRIELA,Donna,0,Koszula Donna Gabriela sz/r S-2XL,Donna,1
5903357549923, Koszulka nocna Koszula Nocna Model Gabriela 235738 Powder Pink - Donna ,Donna,6,Koszulka GABRIELA,Donna,0,Koszula Donna Gabriela sz/r S-2XL,Donna,3
5903357549930, Koszulka nocna Koszula Nocna Model Gabriela 235738 Powder Pink - Donna ,Donna,0,Koszulka GABRIELA,Donna,0,Koszula Donna Gabriela sz/r S-2XL,Donna,1
5903357549947, Koszulka nocna Koszula Nocna Model Gabriela 235738 Powder Pink - Donna ,Donna,0,Koszulka GABRIELA,Donna,0,Koszula Donna Gabriela sz/r S-2XL,Donna,1
5903357550066, Szlafrok Damski Model Colette Navy - Donna ,Donna,0,Piżama MELISA 1/2,Donna,0,Piżama Donna Melisa 1/2 kr/r S-2XL,Donna,4
5903357550073, Szlafrok Damski Model Colette Navy - Donna ,Donna,0,Piżama MELISA 1/2,Donna,0,Piżama Donna Melisa 1/2 kr/r S-2XL,Donna,8
5903357550080, Piżama Damska Model Melisa 1/2 228979 Ecru/Green - Donna ,Donna,3,Piżama MELISA 1/2,Donna,0,Piżama Donna Melisa 1/2 kr/r S-2XL,Donna,8
5903357550097, Piżama Damska Model Melisa 1/2 228979 Ecru/Green - Donna ,Donna,6,Piżama MELISA 1/2,Donna,0,Piżama Donna Melisa 1/2 kr/r S-2XL,Donna,8
5903357550103,  Piżama Model Colette 1/2 Burgund - Donna ,Donna,0,Piżama MELISA 1/2,Donna,0,Piżama Donna Melisa 1/2 kr/r S-2XL,Donna,5
5903357550110, Piżama Damska Model Melisa 3/4 228997 Green/Ecru - Donna ,Donna,1,Piżama MELISA 3/4,Donna,1,Piżama Donna Melisa 3/4 kr/r S-2XL,Donna,4
5903357550165, Koszulka nocna Koszula Nocna Model Melisa 228937 Ecru Wzór - Donna ,Donna,1,Koszulka MELISA,Donna,0,Koszula Donna Melisa kr/r S-2XL,Donna,3
5903357550172, Koszulka nocna Koszula Nocna Model Melisa 228937 Ecru Wzór - Donna ,Donna,8,Koszulka MELISA,Donna,0,Koszula Donna Melisa kr/r S-2XL,Donna,6
5903357550189, Szlafrok Damski Model Colette Burgund - Donna ,Donna,0,Koszulka MELISA,Donna,0,Koszula Donna Melisa kr/r S-2XL,Donna,15
5903357550196, Szlafrok Damski Model Colette Burgund - Donna ,Donna,0,Koszulka MELISA,Donna,0,Koszula Donna Melisa kr/r S-2XL,Donna,16
5903357550219, Szlafrok Damski Model Julia 234862 Ecru - Donna ,Donna,5,Szlafrok JULIA,Donna,0,Szlafrok Donna Julia S-2XL,Donna,12
5903357550226, Szlafrok Damski Model Julia 234862 Ecru - Donna ,Donna,6,Szlafrok JULIA,Donna,0,Szlafrok Donna Julia S-2XL,Donna,1
5903357550233, Szlafrok Damski Model Julia 234862 Ecru - Donna ,Donna,9,Szlafrok JULIA,Donna,0,Szlafrok Donna Julia S-2XL,Donna,6
5903357550240, Szlafrok Damski Model Julia 234862 Ecru - Donna ,Donna,7,Szlafrok JULIA,Donna,1,Szlafrok Donna Julia S-2XL,Donna,8
5903357550257, Szlafrok Damski Model Julia 234862 Ecru - Donna ,Donna,5,Szlafrok JULIA,Donna,0,Szlafrok Donna Julia S-2XL,Donna,4
5903357550318, Piżama Damska Model Julia 1/2 Ecru - Donna ,Donna,0,Piżama JULIA 1/2,Donna,0,Piżama Donna Julia 1/2 w/r Ecru S-2XL,Donna,1
5903357550325, Piżama Damska Model Julia 1/2 Ecru - Donna ,Donna,4,Piżama JULIA 1/2,Donna,0,Piżama Donna Julia 1/2 w/r Ecru S-2XL,Donna,3
5903357550332, Piżama Damska Model Julia 1/2 Ecru - Donna ,Donna,1,Piżama JULIA 1/2,Donna,0,Piżama Donna Julia 1/2 w/r Ecru S-2XL,Donna,4
5903357550356, Koszulka nocna Koszula Nocna Model Julia 234859 Ecru - Donna ,Donna,1,Koszulka JULIA,Donna,0,Koszula Donna Julia w/r Ecru S-2XL,Donna,7
5903357550363, Koszulka nocna Koszula Nocna Model Julia 234859 Ecru - Donna ,Donna,2,Koszulka JULIA,Donna,0,Koszula Donna Julia w/r Ecru S-2XL,Donna,10
5903357550370, Koszulka nocna Koszula Nocna Model Julia 234859 Ecru - Donna ,Donna,0,Koszulka JULIA,Donna,2,Koszula Donna Julia w/r Ecru S-2XL,Donna,12
5903357550387, Koszulka nocna Koszula Nocna Model Julia 234859 Ecru - Donna ,Donna,0,Koszulka JULIA,Donna,0,Koszula Donna Julia w/r Ecru S-2XL,Donna,2
5903357550394, Koszulka nocna Koszula Nocna Model Julia 234859 Ecru - Donna ,Donna,2,Koszulka JULIA,Donna,0,Koszula Donna Julia w/r Ecru S-2XL,Donna,4
5903357550509, Piżama Damska Model Tina 3/4 226341 Dirty Pink - Donna ,Donna,6,Piżama TINA 3/4,Donna,2,Piżama Donna Tina 3/4 kr/r S-2XL,Donna,4
5903357550561, Piżama Damska Model Adore Serca 234847 Beige Wzór - Donna ,Donna,0,Piżama ADORE SHORT,Donna,0,Piżama Donna Adore Short kr/r S-2XL,Donna,2
5903357550578, Piżama Damska Model Adore Serca 234847 Beige Wzór - Donna ,Donna,0,Piżama ADORE SHORT,Donna,0,Piżama Donna Adore Short kr/r S-2XL,Donna,2
5903357550585, Piżama Damska Model Adore Serca 234847 Beige Wzór - Donna ,Donna,0,Piżama ADORE SHORT,Donna,0,Piżama Donna Adore Short kr/r S-2XL,Donna,6
5903357550592, Piżama Damska Model Adore Serca 234847 Beige Wzór - Donna ,Donna,0,Piżama ADORE SHORT,Donna,0,Piżama Donna Adore Short kr/r S-2XL,Donna,3
5903357550608, Piżama Damska Model Adore Serca 234847 Beige Wzór - Donna ,Donna,0,Piżama ADORE SHORT,Donna,0,Piżama Donna Adore Short kr/r S-2XL,Donna,4
5903357550615, Piżama Damska Model Adore 234844 Beige Wzór - Donna ,Donna,1,Piżama ADORE SHORT,Donna,0,Piżama Donna Adore Short Beige kr/r S-2XL,Donna,8
5903357550622, Piżama Damska Model Adore 234844 Beige Wzór - Donna ,Donna,1,Piżama ADORE SHORT,Donna,0,Piżama Donna Adore Short Beige kr/r S-2XL,Donna,7
5903357550639, Piżama Damska Model Adore 234844 Beige Wzór - Donna ,Donna,10,Piżama ADORE SHORT,Donna,0,Piżama Donna Adore Short Beige kr/r S-2XL,Donna,4
5903357550646, Piżama Damska Model Adore 234844 Beige Wzór - Donna ,Donna,5,Piżama ADORE SHORT,Donna,0,Piżama Donna Adore Short Beige kr/r S-2XL,Donna,6
5903357550653, Piżama Damska Model Adore 234844 Beige Wzór - Donna ,Donna,1,Piżama ADORE SHORT,Donna,0,Piżama Donna Adore Short Beige kr/r S-2XL,Donna,3
5903357550660, Koszulka nocna Koszula Nocna Model Lea 226044 Black - Donna ,Donna,4,Koszulka LEA,Donna,1,Koszula Donna Lea w/r S-2XL,Donna,3
5903357550677,  Piżama Model Colette 1/2 Green - Donna ,Donna,0,Koszulka LEA,Donna,0,Koszula Donna Lea w/r S-2XL,Donna,10
5903357550684,  Piżama Model Colette 1/2 Green - Donna ,Donna,0,Koszulka LEA,Donna,3,Koszula Donna Lea w/r S-2XL,Donna,4
5903357550691, Koszulka nocna Koszula Nocna Model Lea 226044 Black - Donna ,Donna,8,Koszulka LEA,Donna,2,Koszula Donna Lea w/r S-2XL,Donna,2
5903357550714, Koszulka nocna Koszula Nocna Model Lea 226047 Red - Donna ,Donna,8,Koszulka LEA,Donna,0,Koszula Donna Lea w/r S-2XL,Donna,3
5903357550721, Koszulka nocna Koszula Nocna Model Lea 226047 Red - Donna ,Donna,0,Koszulka LEA,Donna,0,Koszula Donna Lea w/r S-2XL,Donna,6
5903357550745, Koszulka nocna Koszula Nocna Model Lea 226047 Red - Donna ,Donna,1,Koszulka LEA,Donna,0,Koszula Donna Lea w/r S-2XL,Donna,2
5903357550769, Koszulka nocna Koszula Nocna Model Zoya 228145 Panterka - Donna ,Donna,0,Koszulka ZOYA,Donna,0,Koszula Donna Zoya w/r S-XL,Donna,6
5903357550851, Piżama Damska Model Tina Top 226338 Dirty Pink - Donna ,Donna,7,Piżama TINA TOP,Donna,1,Piżama Donna Tina Top w/r S-2XL,Donna,5
5903357550868, Piżama Damska Model Tina Top 226338 Dirty Pink - Donna ,Donna,0,Piżama TINA TOP,Donna,0,Piżama Donna Tina Top w/r S-2XL,Donna,9
5903357550875, Piżama Damska Model Tina Top 226338 Dirty Pink - Donna ,Donna,1,Piżama TINA TOP,Donna,1,Piżama Donna Tina Top w/r S-2XL,Donna,10
5903357550882, Piżama Damska Model Tina Top 226338 Dirty Pink - Donna ,Donna,0,Piżama TINA TOP,Donna,0,Piżama Donna Tina Top w/r S-2XL,Donna,12
5903357550899, Piżama Damska Model Tina Top 226338 Dirty Pink - Donna ,Donna,0,Piżama TINA TOP,Donna,0,Piżama Donna Tina Top w/r S-2XL,Donna,1
5903357550905, Piżama Damska Model Mika Black - Donna ,Donna,0,Koszulka SONIA,Donna,2,Koszula Donna Sonia kr/r S-2XL,Donna,2
5903357550912, Piżama Damska Model Mika Red - Donna ,Donna,0,Koszulka SONIA,Donna,1,Koszula Donna Sonia kr/r S-2XL,Donna,4
5903357550929, Piżama Damska Model Omena 1/2 Black - Donna ,Donna,0,Koszulka SONIA,Donna,0,Koszula Donna Sonia kr/r S-2XL,Donna,5
5903357550936, Piżama Damska Model Omena 1/2 Black - Donna ,Donna,0,Koszulka SONIA,Donna,1,Koszula Donna Sonia kr/r S-2XL,Donna,4
5903357550943, Koszulka nocna Koszula Nocna Model Sonia 227914 Bordo - Donna ,Donna,6,Koszulka SONIA,Donna,0,Koszula Donna Sonia kr/r S-2XL,Donna,4
5903357550950, Koszulka nocna Koszula Nocna Model Sonia Powder Pink - Donna ,Donna,0,Koszulka SONIA,Donna,0,Koszula Donna Sonia kr/r S-2XL,Donna,2
5903357550981, Koszulka nocna Koszula Nocna Model Sonia Powder Pink - Donna ,Donna,0,Koszulka SONIA,Donna,0,Koszula Donna Sonia kr/r S-2XL,Donna,1
5903357550998, Koszulka nocna Koszula Nocna Model Sonia 227911 Powder Pink - Donna ,Donna,7,Koszulka SONIA,Donna,0,Koszula Donna Sonia kr/r S-2XL,Donna,1
5903357551001, Koszulka nocna Koszula Nocna Model Sonia 227896 Black - Donna ,Donna,8,Koszulka SONIA,Donna,2,Koszula Donna Sonia kr/r S-2XL,Donna,4
5903357551018, Koszulka nocna Koszula Nocna Model Sonia 227896 Black - Donna ,Donna,10,Koszulka SONIA,Donna,0,Koszula Donna Sonia kr/r S-2XL,Donna,6
5903357551025, Koszulka nocna Koszulka Model La Toya Black - Donna ,Donna,0,Koszulka SONIA,Donna,0,Koszula Donna Sonia kr/r S-2XL,Donna,2
5903357551032, Koszulka nocna Koszula Nocna Model Omena Panther - Donna ,Donna,0,Koszulka SONIA,Donna,1,Koszula Donna Sonia kr/r S-2XL,Donna,2
5903357551049, Koszulka nocna Koszula Nocna Model Sonia 227896 Black - Donna ,Donna,1,Koszulka SONIA,Donna,0,Koszula Donna Sonia kr/r S-2XL,Donna,4
5903357551056,  Koszula Nocna Model Sonia Plus Size 227905 Bordo - Donna ,Donna,4,Koszulka SONIA PLUS,Donna,0,Koszulka Donna Sonia kr/r 3XL-6XL,Donna,1
5903357551063,  Koszula Nocna Model Sonia Plus Size 227905 Bordo - Donna ,Donna,4,Koszulka SONIA PLUS,Donna,0,Koszulka Donna Sonia kr/r 3XL-6XL,Donna,3
5903357551070,  Koszula Nocna Model Sonia Plus Size 227905 Bordo - Donna ,Donna,4,Koszulka SONIA PLUS,Donna,2,Koszulka Donna Sonia kr/r 3XL-6XL,Donna,2
5903357551087,  Koszula Nocna Model Sonia Plus Size 227905 Bordo - Donna ,Donna,0,Koszulka SONIA PLUS,Donna,3,Koszulka Donna Sonia kr/r 3XL-6XL,Donna,1
5903357551094,  Koszula Nocna Model Sonia Plus Size 227899 Black - Donna ,Donna,3,Koszulka SONIA PLUS,Donna,0,Koszulka Donna Sonia kr/r 3XL-6XL,Donna,1
5903357551100,  Koszula Nocna Model Sonia Plus Size 227899 Black - Donna ,Donna,5,Koszulka SONIA PLUS,Donna,0,Koszulka Donna Sonia kr/r 3XL-6XL,Donna,5
5903357551117,  Koszula Nocna Model Sonia Plus Size 227899 Black - Donna ,Donna,6,Koszulka SONIA PLUS,Donna,0,Koszulka Donna Sonia kr/r 3XL-6XL,Donna,6
5903357551124,  Koszula Nocna Model Sonia Plus Size 227899 Black - Donna ,Donna,4,Koszulka SONIA PLUS,Donna,0,Koszulka Donna Sonia kr/r 3XL-6XL,Donna,2
5903357551131,  Koszula Nocna Model Sonia Plus Size 227908 Powder Pink - Donna ,Donna,5,Koszulka SONIA PLUS,Donna,0,Koszulka Donna Sonia kr/r 3XL-6XL,Donna,1
5903357551148,  Koszula Nocna Model Sonia Plus Size 227908 Powder Pink - Donna ,Donna,4,Koszulka SONIA PLUS,Donna,1,Koszulka Donna Sonia kr/r 3XL-6XL,Donna,3
5903357551155,  Koszula Nocna Model Sonia Plus Size 227908 Powder Pink - Donna ,Donna,2,Koszulka SONIA PLUS,Donna,1,Koszulka Donna Sonia kr/r 3XL-6XL,Donna,4
5903357551162,  Koszula Nocna Model Sonia Plus Size 227908 Powder Pink - Donna ,Donna,6,Koszulka SONIA PLUS,Donna,2,Koszulka Donna Sonia kr/r 3XL-6XL,Donna,3
5903357551360, Piżama Damska Model Pati Shirt 232960 Black/Pink - Donna ,Donna,0,Piżama PATI SHORT,Donna,0,Piżama Donna Pati Short kr/r S-2XL,Donna,3
5903357551384, Piżama Damska Model Tina Short 226344 Dirty Pink - Donna ,Donna,0,Piżama TINA SHORT,Donna,0,Piżama Donna Tina Short kr/r S-2XL,Donna,3
5903357551391, Piżama Damska Model Tina Short 226344 Dirty Pink - Donna ,Donna,3,Piżama TINA SHORT,Donna,0,Piżama Donna Tina Short kr/r S-2XL,Donna,3
5903357551407, Piżama Damska Model Tina Short 226344 Dirty Pink - Donna ,Donna,16,Piżama TINA SHORT,Donna,0,Piżama Donna Tina Short kr/r S-2XL,Donna,12
5903357551414, Piżama Damska Model Tina Short 226344 Dirty Pink - Donna ,Donna,4,Piżama TINA SHORT,Donna,0,Piżama Donna Tina Short kr/r S-2XL,Donna,11
5903357551438, Szlafrok Damski Model Sonia 227917 Bordo - Donna ,Donna,6,Szlafrok SONIA,Donna,1,Szlafrok Donna Sonia S-2XL,Donna,2
5903357551445, Szlafrok Damski Model Sonia 227917 Bordo - Donna ,Donna,8,Szlafrok SONIA,Donna,2,Szlafrok Donna Sonia S-2XL,Donna,2
5903357551452, Szlafrok Damski Model Sonia 227917 Bordo - Donna ,Donna,7,Szlafrok SONIA,Donna,2,Szlafrok Donna Sonia S-2XL,Donna,5
5903357551469, Szlafrok Damski Model Sonia 227917 Bordo - Donna ,Donna,9,Szlafrok SONIA,Donna,2,Szlafrok Donna Sonia S-2XL,Donna,3
5903357551483, Szlafrok Damski Model Sonia 227902 Black - Donna ,Donna,1,Szlafrok SONIA,Donna,2,Szlafrok Donna Sonia S-2XL,Donna,1
5903357551490, Szlafrok Damski Model Sonia 227902 Black - Donna ,Donna,0,Szlafrok SONIA,Donna,2,Szlafrok Donna Sonia S-2XL,Donna,2
5903357551506, Szlafrok Damski Model Sonia 227902 Black - Donna ,Donna,2,Szlafrok SONIA,Donna,2,Szlafrok Donna Sonia S-2XL,Donna,2
5903357551513, Szlafrok Damski Model Sonia 227902 Black - Donna ,Donna,6,Szlafrok SONIA,Donna,3,Szlafrok Donna Sonia S-2XL,Donna,1
5903357551698, Piżama Damska Model Evita Short 230074 Powder Pink/Wzór - Donna ,Donna,11,Piżama EVITA SHORT,Donna,0,Piżama Donna Evita Short kr/r S-2XL,Donna,5
5903357551704, Piżama Damska Model Evita Short 230074 Powder Pink/Wzór - Donna ,Donna,11,Piżama EVITA SHORT,Donna,0,Piżama Donna Evita Short kr/r S-2XL,Donna,5
5903357551711, Piżama Damska Model Evita Short 230074 Powder Pink/Wzór - Donna ,Donna,10,Piżama EVITA SHORT,Donna,0,Piżama Donna Evita Short kr/r S-2XL,Donna,10
5903357551728, Piżama Damska Model Evita Short 230074 Powder Pink/Wzór - Donna ,Donna,0,Piżama EVITA SHORT,Donna,0,Piżama Donna Evita Short kr/r S-2XL,Donna,4
5903357551780, Koszulka nocna Koszula Nocna Model Evita 230065 Powder Pink Wzór - Donna ,Donna,0,Koszulka EVITA,Donna,2,Koszula Donna Evita sz/r S-2XL,Donna,4
5903357551841,  Koszulka Evita Plus Size 230068 Powder Pink/Wzór - Donna ,Donna,5,Koszulka EVITA PLUS,Donna,1,Koszula Donna Evita kr/r 3XL-6XL,Donna,1
5903357551858,  Koszulka Evita Plus Size 230068 Powder Pink/Wzór - Donna ,Donna,0,Koszulka EVITA PLUS,Donna,0,Koszula Donna Evita kr/r 3XL-6XL,Donna,5
5903357551865,  Koszulka Evita Plus Size 230068 Powder Pink/Wzór - Donna ,Donna,0,Koszulka EVITA PLUS,Donna,2,Koszula Donna Evita kr/r 3XL-6XL,Donna,1
5903357551872, Koszulka nocna Koszula Nocna Model Linda 232921 Błękit - Donna ,Donna,1,Koszulka LINDA,Donna,1,Koszula Donna Linda kr/r S-2XL,Donna,3
5903357551889, Koszulka nocna Koszula Nocna Model Linda 232921 Błękit - Donna ,Donna,5,Koszulka LINDA,Donna,1,Koszula Donna Linda kr/r S-2XL,Donna,2
5903357551896, Koszulka nocna Koszula Nocna Model Linda 232921 Błękit - Donna ,Donna,5,Koszulka LINDA,Donna,0,Koszula Donna Linda kr/r S-2XL,Donna,1
5903357551902, Koszulka nocna Koszula Nocna Model Linda 232921 Błękit - Donna ,Donna,4,Koszulka LINDA,Donna,0,Koszula Donna Linda kr/r S-2XL,Donna,1
5903357551919, Koszulka nocna Koszula Nocna Model Linda 232921 Błękit - Donna ,Donna,5,Koszulka LINDA,Donna,0,Koszula Donna Linda kr/r S-2XL,Donna,1
5903357551933, Koszulka nocna Koszula Nocna Model Goya 231901 Beige Wzór - Donna ,Donna,3,Koszulka GOYA,Donna,0,Koszula Donna Goya kr/r S-2XL,Donna,8
5903357551940, Koszulka nocna Koszula Nocna Model Goya 231901 Beige Wzór - Donna ,Donna,10,Koszulka GOYA,Donna,1,Koszula Donna Goya kr/r S-2XL,Donna,3
5903357551957, Koszulka nocna Koszula Nocna Model Goya 231901 Beige Wzór - Donna ,Donna,5,Koszulka GOYA,Donna,0,Koszula Donna Goya kr/r S-2XL,Donna,9
5903357551964, Koszulka nocna Koszula Nocna Model Goya 231901 Beige Wzór - Donna ,Donna,5,Koszulka GOYA,Donna,0,Koszula Donna Goya kr/r S-2XL,Donna,1
5903357551971, Piżama Damska Model Goya 1/2 231904 Beige - Donna ,Donna,8,Piżama GOYA 1/2,Donna,2,Piżama Donna Goya 1/2 kr/r S-2XL,Donna,5
5903357551988, Piżama Damska Model Goya 1/2 231904 Beige - Donna ,Donna,4,Piżama GOYA 1/2,Donna,1,Piżama Donna Goya 1/2 kr/r S-2XL,Donna,10
5903357551995, Piżama Damska Model Goya 1/2 231904 Beige - Donna ,Donna,0,Piżama GOYA 1/2,Donna,0,Piżama Donna Goya 1/2 kr/r S-2XL,Donna,12
5903357552008, Piżama Damska Model Goya 1/2 231904 Beige - Donna ,Donna,4,Piżama GOYA 1/2,Donna,0,Piżama Donna Goya 1/2 kr/r S-2XL,Donna,7
5903357552022, Szlafrok Damski Model Felicia Black - Donna ,Donna,0,Piżama GOYA SHORT,Donna,0,Piżama Donna Goya Short kr/r S-2XL,Donna,9
5903357552039, Piżama Damska Model Goya Short 231907 Beige - Donna ,Donna,12,Piżama GOYA SHORT,Donna,0,Piżama Donna Goya Short kr/r S-2XL,Donna,13
5903357552046, Piżama Damska Model Goya Short 231907 Beige - Donna ,Donna,12,Piżama GOYA SHORT,Donna,0,Piżama Donna Goya Short kr/r S-2XL,Donna,16
5903357552053, Piżama Damska Model Goya Short 231907 Beige - Donna ,Donna,16,Piżama GOYA SHORT,Donna,0,Piżama Donna Goya Short kr/r S-2XL,Donna,16
5903357552060, Piżama Damska Model Goya Short 231907 Beige - Donna ,Donna,6,Piżama GOYA SHORT,Donna,1,Piżama Donna Goya Short kr/r S-2XL,Donna,8
5903357552121,  Koszula Nocna Model Goya Plus Size 231898 Beige Wzór - Donna ,Donna,0,Koszulka GOYA PLUS,Donna,0,Koszula Donna Goya Plus kr/r 3XL-6XL,Donna,11
5903357552138,  Koszula Nocna Model Goya Plus Size 231898 Beige Wzór - Donna ,Donna,6,Koszulka GOYA PLUS,Donna,1,Koszula Donna Goya Plus kr/r 3XL-6XL,Donna,11
5903357552145,  Koszula Nocna Model Goya Plus Size 231898 Beige Wzór - Donna ,Donna,1,Koszulka GOYA PLUS,Donna,2,Koszula Donna Goya Plus kr/r 3XL-6XL,Donna,7
5903357552152,  Koszula Nocna Model Goya Plus Size 231898 Beige Wzór - Donna ,Donna,1,Koszulka GOYA PLUS,Donna,2,Koszula Donna Goya Plus kr/r 3XL-6XL,Donna,3
5903357552169,  Koszula Nocna Model Linda Plus Size 232933 Navy - Donna ,Donna,4,Koszulka LINDA PLUS,Donna,1,Koszula Donna Linda Plus kr/r 3XL-6XL,Donna,2
5903357552176,  Koszula Nocna Model Linda Plus Size 232933 Navy - Donna ,Donna,11,Koszulka LINDA PLUS,Donna,1,Koszula Donna Linda Plus kr/r 3XL-6XL,Donna,3
5903357552183,  Koszula Nocna Model Linda Plus Size 232933 Navy - Donna ,Donna,1,Koszulka LINDA PLUS,Donna,1,Koszula Donna Linda Plus kr/r 3XL-6XL,Donna,7
5903357552190,  Koszula Nocna Model Linda Plus Size 232933 Navy - Donna ,Donna,4,Koszulka LINDA PLUS,Donna,1,Koszula Donna Linda Plus kr/r 3XL-6XL,Donna,5
5903357552206,  Koszula Nocna Model Linda Plus Size 232927 Powder Pink - Donna ,Donna,7,Koszulka LINDA PLUS,Donna,3,Koszula Donna Linda Plus kr/r 3XL-6XL,Donna,2
5903357552213,  Koszula Nocna Model Linda Plus Size 232927 Powder Pink - Donna ,Donna,10,Koszulka LINDA PLUS,Donna,4,Koszula Donna Linda Plus kr/r 3XL-6XL,Donna,2
5903357552220,  Koszula Nocna Model Linda Plus Size 232927 Powder Pink - Donna ,Donna,9,Koszulka LINDA PLUS,Donna,2,Koszula Donna Linda Plus kr/r 3XL-6XL,Donna,4
5903357552237,  Koszula Nocna Model Linda Plus Size 232927 Powder Pink - Donna ,Donna,8,Koszulka LINDA PLUS,Donna,3,Koszula Donna Linda Plus kr/r 3XL-6XL,Donna,4
5903357552251,  Koszula Nocna Model Linda Plus Size 232930 Błękit - Donna ,Donna,4,Koszulka LINDA PLUS,Donna,2,Koszula Donna Linda Plus kr/r 3XL-6XL,Donna,1
5903357552268,  Koszula Nocna Model Linda Plus Size 232930 Błękit - Donna ,Donna,3,Koszulka LINDA PLUS,Donna,2,Koszula Donna Linda Plus kr/r 3XL-6XL,Donna,1
5903357552275,  Koszula Nocna Model Linda Plus Size 232930 Błękit - Donna ,Donna,4,Koszulka LINDA PLUS,Donna,2,Koszula Donna Linda Plus kr/r 3XL-6XL,Donna,1
5903357552343, Piżama Damska Model Zoya Short 228178 Panterka - Donna ,Donna,0,Piżama ZOYA SHORT,Donna,0,,,1
5903357552367, Koszulka nocna Koszulka Model Alexia II Ecru - Donna ,Donna,0,Piżama ZOYA 3/4,Donna,3,Piżama Donna Zoya 3/4 kr/r S-2XL,Donna,4
5903357552374, Koszulka nocna Koszulka Model Alexia II Ecru - Donna ,Donna,0,Piżama ZOYA 3/4,Donna,0,Piżama Donna Zoya 3/4 kr/r S-2XL,Donna,1
5903357552398, Piżama Damska Model Zoya 3/4 228166 Panterka - Donna ,Donna,7,Piżama ZOYA 3/4,Donna,0,Piżama Donna Zoya 3/4 kr/r S-2XL,Donna,1
5903357554040, Koszulka nocna Koszula Nocna Model Ariela 238318 Ecru - Donna ,Donna,6,Koszulka ARIELA,Donna,0,Koszula Donna Ariela w/r S-2XL,Donna,1
5903357554057, Koszulka nocna Koszula Nocna Model Ariela 238318 Ecru - Donna ,Donna,2,Koszulka ARIELA,Donna,0,Koszula Donna Ariela w/r S-2XL,Donna,9
5903357554064, Koszulka nocna Koszula Nocna Model Ariela 238318 Ecru - Donna ,Donna,8,Koszulka ARIELA,Donna,0,Koszula Donna Ariela w/r S-2XL,Donna,2
5903357554071, Koszulka nocna Koszula Nocna Model Ariela 238318 Ecru - Donna ,Donna,4,Koszulka ARIELA,Donna,0,Koszula Donna Ariela w/r S-2XL,Donna,1
5903357554088, Koszulka nocna Koszula Nocna Model Ariela 238318 Ecru - Donna ,Donna,6,Koszulka ARIELA,Donna,0,Koszula Donna Ariela w/r S-2XL,Donna,3
5903357554095, Piżama Damska Ariela 1/2 238215 Ecru - Donna ,Donna,6,Piżama ARIELA 1/2,Donna,0,Piżama Donna Ariela 1/2 w/r S-XL,Donna,2
5903357554101, Piżama Damska Ariela 1/2 238215 Ecru - Donna ,Donna,7,Piżama ARIELA 1/2,Donna,0,Piżama Donna Ariela 1/2 w/r S-XL,Donna,1
5903357554118, Piżama Damska Ariela 1/2 238215 Ecru - Donna ,Donna,7,Piżama ARIELA 1/2,Donna,4,Piżama Donna Ariela 1/2 w/r S-XL,Donna,2
5903357554125, Piżama Damska Ariela 1/2 238215 Ecru - Donna ,Donna,7,Piżama ARIELA 1/2,Donna,6,Piżama Donna Ariela 1/2 w/r S-XL,Donna,1
5903357554132, Piżama Damska Ariela 1/2 238215 Ecru - Donna ,Donna,5,Piżama ARIELA 1/2,Donna,1,Piżama Donna Ariela 1/2 w/r S-XL,Donna,5
5903357554255, Piżama Damska Model Brigitte 3/4 265035 Bordo Wzór - Donna ,Donna,16,Piżama BRIGITTE 3/4,Donna,2,Piżama Donna Brigitte 3/4 kr/r M-2XL,Donna,7
5903357554262, Piżama Damska Model Brigitte 3/4 265035 Bordo Wzór - Donna ,Donna,17,Piżama BRIGITTE 3/4,Donna,2,Piżama Donna Brigitte 3/4 kr/r M-2XL,Donna,4
5903357554279, Piżama Damska Model Brigitte 3/4 265035 Bordo Wzór - Donna ,Donna,14,Piżama BRIGITTE 3/4,Donna,3,Piżama Donna Brigitte 3/4 kr/r M-2XL,Donna,12
5903357554286, Piżama Damska Model Brigitte 3/4 265035 Bordo Wzór - Donna ,Donna,12,Piżama BRIGITTE 3/4,Donna,2,Piżama Donna Brigitte 3/4 kr/r M-2XL,Donna,1
5903357554293, Piżama Damska Model Brigitte 265038 Bordo Wzór - Donna ,Donna,5,Piżama BRIGITTE LONG,Donna,2,Piżama Donna Brigitte Long dł/r S-2XL,Donna,5
5903357554309, Piżama Damska Model Brigitte 265038 Bordo Wzór - Donna ,Donna,22,Piżama BRIGITTE LONG,Donna,1,Piżama Donna Brigitte Long dł/r S-2XL,Donna,21
5903357554316, Piżama Damska Model Brigitte 265038 Bordo Wzór - Donna ,Donna,20,Piżama BRIGITTE LONG,Donna,0,Piżama Donna Brigitte Long dł/r S-2XL,Donna,39
5903357554323, Piżama Damska Model Brigitte 265038 Bordo Wzór - Donna ,Donna,15,Piżama BRIGITTE LONG,Donna,0,Piżama Donna Brigitte Long dł/r S-2XL,Donna,27
5903357554330, Piżama Damska Model Brigitte 265038 Bordo Wzór - Donna ,Donna,15,Piżama BRIGITTE LONG,Donna,0,Piżama Donna Brigitte Long dł/r S-2XL,Donna,14
5903357554743, Piżama Damska Model Dani 241045 Powder Pink/Grey - Donna ,Donna,13,Piżama DANI SHORT,Donna,0,Piżama Donna Dani Short Pink kr/r S-XL,Donna,2
5903357554750, Piżama Damska Model Dani 241045 Powder Pink/Grey - Donna ,Donna,20,Piżama DANI SHORT,Donna,1,Piżama Donna Dani Short Pink kr/r S-XL,Donna,10
5903357554767, Piżama Damska Model Dani 241045 Powder Pink/Grey - Donna ,Donna,21,Piżama DANI SHORT,Donna,0,Piżama Donna Dani Short Pink kr/r S-XL,Donna,12
5903357554774, Piżama Damska Model Dani 241045 Powder Pink/Grey - Donna ,Donna,11,Piżama DANI SHORT,Donna,0,Piżama Donna Dani Short Pink kr/r S-XL,Donna,8
5903357555399, Koszulka nocna Koszula Nocna Model Elena 241024 Black - Donna ,Donna,7,Koszulka ELENA,Donna,1,Koszula Donna Elena kr/r S-2XL,Donna,6
5903357555405, Koszulka nocna Koszula Nocna Model Elena 241024 Black - Donna ,Donna,11,Koszulka ELENA,Donna,3,Koszula Donna Elena kr/r S-2XL,Donna,10
5903357555412, Koszulka nocna Koszula Nocna Model Elena 241024 Black - Donna ,Donna,10,Koszulka ELENA,Donna,4,Koszula Donna Elena kr/r S-2XL,Donna,12
5903357555429, Koszulka nocna Koszula Nocna Model Elena 241024 Black - Donna ,Donna,10,Koszulka ELENA,Donna,2,Koszula Donna Elena kr/r S-2XL,Donna,14
5903357555436, Koszulka nocna Koszula Nocna Model Elena 241024 Black - Donna ,Donna,7,Koszulka ELENA,Donna,2,Koszula Donna Elena kr/r S-2XL,Donna,7
5903357555443, Koszulka nocna Koszula Nocna Model Elena 241027 Wino - Donna ,Donna,7,Koszulka ELENA,Donna,3,Koszula Donna Elena kr/r S-2XL,Donna,4
5903357555450, Koszulka nocna Koszula Nocna Model Elena 241027 Wino - Donna ,Donna,11,Koszulka ELENA,Donna,2,Koszula Donna Elena kr/r S-2XL,Donna,6
5903357555467, Koszulka nocna Koszula Nocna Model Elena 241027 Wino - Donna ,Donna,3,Koszulka ELENA,Donna,1,Koszula Donna Elena kr/r S-2XL,Donna,5
5903357555474, Koszulka nocna Koszula Nocna Model Elena 241027 Wino - Donna ,Donna,6,Koszulka ELENA,Donna,3,Koszula Donna Elena kr/r S-2XL,Donna,8
5903357555481, Koszulka nocna Koszula Nocna Model Elena 241027 Wino - Donna ,Donna,0,Koszulka ELENA,Donna,1,Koszula Donna Elena kr/r S-2XL,Donna,7
5903357555542, Piżama Damska Model Dani 3/4 241039 Powder Pink/Grey - Donna ,Donna,5,Piżama DANI 3/4,Donna,1,Piżama Donna Dani 3/4 kr/r S-XL,Donna,5
5903357555559, Piżama Damska Model Dani 3/4 241039 Powder Pink/Grey - Donna ,Donna,16,Piżama DANI 3/4,Donna,1,Piżama Donna Dani 3/4 kr/r S-XL,Donna,10
5903357555566, Piżama Damska Model Dani 3/4 241039 Powder Pink/Grey - Donna ,Donna,14,Piżama DANI 3/4,Donna,2,Piżama Donna Dani 3/4 kr/r S-XL,Donna,13
5903357555573, Piżama Damska Model Dani 3/4 241039 Powder Pink/Grey - Donna ,Donna,7,Piżama DANI 3/4,Donna,0,Piżama Donna Dani 3/4 kr/r S-XL,Donna,10
5903357555955, Koszulka nocna Koszula Nocna Model Megi 239872 Grey - Donna ,Donna,8,Koszulka MEGI,Donna,3,Koszula Donna Megi w/r S-XL,Donna,7
5903357555962, Koszulka nocna Koszula Nocna Model Megi 239872 Grey - Donna ,Donna,10,Koszulka MEGI,Donna,2,Koszula Donna Megi w/r S-XL,Donna,13
5903357555979, Koszulka nocna Koszula Nocna Model Megi 239872 Grey - Donna ,Donna,7,Koszulka MEGI,Donna,1,Koszula Donna Megi w/r S-XL,Donna,14
5903357555986, Koszulka nocna Koszula Nocna Model Megi 239872 Grey - Donna ,Donna,7,Koszulka MEGI,Donna,0,Koszula Donna Megi w/r S-XL,Donna,1
5903357556051, Piżama Damska Model Megi Krótka 239875 Grey - Donna ,Donna,6,Piżama MEGI SHORT,Donna,1,Piżama Donna Megi Short kr/r S-XL,Donna,14
5903357556068, Piżama Damska Model Megi Krótka 239875 Grey - Donna ,Donna,13,Piżama MEGI SHORT,Donna,0,Piżama Donna Megi Short kr/r S-XL,Donna,17
5903357556075, Piżama Damska Model Megi Krótka 239875 Grey - Donna ,Donna,1,Piżama MEGI SHORT,Donna,1,Piżama Donna Megi Short kr/r S-XL,Donna,26
5903357556082, Piżama Damska Model Megi Krótka 239875 Grey - Donna ,Donna,8,Piżama MEGI SHORT,Donna,0,Piżama Donna Megi Short kr/r S-XL,Donna,26
5903357556402, Koszulka nocna Koszula Nocna Model Damaris 241443 Black - Donna ,Donna,3,Koszulka DAMARIS,Donna,2,Koszula Donna Damaris kr/r S-2XL,Donna,4
5903357556419, Koszulka nocna Koszula Nocna Model Damaris 241443 Black - Donna ,Donna,4,Koszulka DAMARIS,Donna,4,Koszula Donna Damaris kr/r S-2XL,Donna,10
5903357556426, Koszulka nocna Koszula Nocna Model Damaris 241443 Black - Donna ,Donna,8,Koszulka DAMARIS,Donna,3,Koszula Donna Damaris kr/r S-2XL,Donna,14
5903357556433, Koszulka nocna Koszula Nocna Model Damaris 241443 Black - Donna ,Donna,6,Koszulka DAMARIS,Donna,2,Koszula Donna Damaris kr/r S-2XL,Donna,15
5903357556440, Koszulka nocna Koszula Nocna Model Damaris 241443 Black - Donna ,Donna,3,Koszulka DAMARIS,Donna,2,Koszula Donna Damaris kr/r S-2XL,Donna,8
5903357556600, Piżama Damska Model Megi 3/4 239878 Grey - Donna ,Donna,1,Piżama MEGI 3/4,Donna,3,Piżama Donna Megi 3/4 kr/r S-XL,Donna,5
5903357556617, Piżama Damska Model Megi 3/4 239878 Grey - Donna ,Donna,11,Piżama MEGI 3/4,Donna,5,Piżama Donna Megi 3/4 kr/r S-XL,Donna,30
5903357556624, Piżama Damska Model Megi 3/4 239878 Grey - Donna ,Donna,10,Piżama MEGI 3/4,Donna,5,Piżama Donna Megi 3/4 kr/r S-XL,Donna,24
5903357556631, Piżama Damska Model Megi 3/4 239878 Grey - Donna ,Donna,7,Piżama MEGI 3/4,Donna,3,Piżama Donna Megi 3/4 kr/r S-XL,Donna,30
5903615009466, Biustonosz Soft Model Lara WB-748 181228 Black - Kinga ,Kinga,0,Biustonosz WB-748,Kinga,0,Biustonosz soft bez fiszbin Kinga WB-748 Lara,Kinga,2
5903615009473, Biustonosz Soft Model Lara WB-748 181228 Black - Kinga ,Kinga,1,Biustonosz WB-748,Kinga,0,Biustonosz soft bez fiszbin Kinga WB-748 Lara,Kinga,3
5903615009480, Biustonosz Soft Model Lara WB-748 181228 Black - Kinga ,Kinga,22,Biustonosz WB-748,Kinga,0,Biustonosz soft bez fiszbin Kinga WB-748 Lara,Kinga,3
5903615009497, Biustonosz Soft Model Lara WB-748 181228 Black - Kinga ,Kinga,14,Biustonosz WB-748,Kinga,0,Biustonosz soft bez fiszbin Kinga WB-748 Lara,Kinga,4
5903615009503, Biustonosz Soft Model Lara WB-748 181228 Black - Kinga ,Kinga,0,Biustonosz WB-748,Kinga,0,Biustonosz soft bez fiszbin Kinga WB-748 Lara,Kinga,2
5903615009510, Biustonosz Soft Model Lara WB-748 181228 Black - Kinga ,Kinga,37,Biustonosz WB-748,Kinga,0,Biustonosz soft bez fiszbin Kinga WB-748 Lara,Kinga,4
5903615009534, Biustonosz Soft Model Lara WB-748 181228 Black - Kinga ,Kinga,16,Biustonosz WB-748,Kinga,0,Biustonosz soft bez fiszbin Kinga WB-748 Lara,Kinga,2
5903615009541, Biustonosz Soft Model Lara WB-748 181228 Black - Kinga ,Kinga,40,Biustonosz WB-748,Kinga,0,Biustonosz soft bez fiszbin Kinga WB-748 Lara,Kinga,3
5903615009558, Biustonosz Soft Model Lara WB-748 181228 Black - Kinga ,Kinga,0,Biustonosz WB-748,Kinga,0,Biustonosz soft bez fiszbin Kinga WB-748 Lara,Kinga,3
5903615009565, Biustonosz Soft Model Lara WB-748 181228 Black - Kinga ,Kinga,1,Biustonosz WB-748,Kinga,0,Biustonosz soft bez fiszbin Kinga WB-748 Lara,Kinga,2
5903615009572, Biustonosz Soft Model Lara WB-748 181228 Black - Kinga ,Kinga,0,Biustonosz WB-748,Kinga,0,Biustonosz soft bez fiszbin Kinga WB-748 Lara,Kinga,2
5903615009732, Biustonosz push up Biustonosz push-up Model Alice PU-768 157861 Black - Kinga ,Kinga,1,Biustonosz PU-768,Kinga,0,Biustonosz push-up Kinga PU-768 Alice I,Kinga,1
5903615009770, Biustonosz push up Biustonosz push-up Model Alice PU-768 157861 Black - Kinga ,Kinga,30,Biustonosz PU-768,Kinga,2,Biustonosz push-up Kinga PU-768 Alice I,Kinga,3
5903615009787, Biustonosz push up Biustonosz push-up Model Alice PU-768 157861 Black - Kinga ,Kinga,14,Biustonosz PU-768,Kinga,0,Biustonosz push-up Kinga PU-768 Alice I,Kinga,3
5903615009794, Biustonosz push up Biustonosz push-up Model Alice PU-768 157861 Black - Kinga ,Kinga,10,Biustonosz PU-768,Kinga,0,Biustonosz push-up Kinga PU-768 Alice I,Kinga,4
5903615009800, Biustonosz push up Biustonosz push-up Model Alice PU-768 157861 Black - Kinga ,Kinga,15,Biustonosz PU-768,Kinga,0,Biustonosz push-up Kinga PU-768 Alice I,Kinga,1
5903615009817, Biustonosz push up Biustonosz push-up Model Alice PU-768 157861 Black - Kinga ,Kinga,29,Biustonosz PU-768,Kinga,2,Biustonosz push-up Kinga PU-768 Alice I,Kinga,1
5903615009831, Biustonosz push up Biustonosz push-up Model Alice PU-768 157861 Black - Kinga ,Kinga,14,Biustonosz PU-768,Kinga,1,Biustonosz push-up Kinga PU-768 Alice I,Kinga,1
5903615009855, Biustonosz push up Biustonosz push-up Model Alice PU-768 157861 Black - Kinga ,Kinga,0,Biustonosz PU-768,Kinga,0,Biustonosz push-up Kinga PU-768 Alice I,Kinga,1
5903615009879, Biustonosz push up Biustonosz push-up Model Alice PU-768 157861 Black - Kinga ,Kinga,15,Biustonosz PU-768,Kinga,0,Biustonosz push-up Kinga PU-768 Alice I,Kinga,4
5903615009886, Biustonosz push up Biustonosz push-up Model Alice PU-768 157861 Black - Kinga ,Kinga,12,Biustonosz PU-768,Kinga,0,Biustonosz push-up Kinga PU-768 Alice I,Kinga,1
5903615009909, Biustonosz push up Biustonosz push-up Model Alice PU-768 157861 Black - Kinga ,Kinga,10,Biustonosz PU-768,Kinga,0,Biustonosz push-up Kinga PU-768 Alice I,Kinga,4
5903615020492, Biustonosz Soft Biustonosz Semi-soft Model Sophie BC-676 157905 Cielisty - Kinga ,Kinga,23,Biustonosz BC-676,Kinga,3,Biustonosz semi soft Kinga BC-676 Sophie Skin,Kinga,2
5903615020508, Biustonosz Soft Biustonosz Semi-soft Model Sophie BC-676 157905 Cielisty - Kinga ,Kinga,20,Biustonosz BC-676,Kinga,0,Biustonosz semi soft Kinga BC-676 Sophie Skin,Kinga,1
5903615020515, Biustonosz Soft Biustonosz Semi-soft Model Sophie BC-676 157905 Cielisty - Kinga ,Kinga,0,Biustonosz BC-676,Kinga,0,Biustonosz semi soft Kinga BC-676 Sophie Skin,Kinga,5
5903615020522, Biustonosz Soft Biustonosz Semi-soft Model Sophie BC-676 157905 Cielisty - Kinga ,Kinga,15,Biustonosz BC-676,Kinga,0,Biustonosz semi soft Kinga BC-676 Sophie Skin,Kinga,5
5903615020539, Biustonosz Soft Biustonosz Semi-soft Model Sophie BC-676 157905 Cielisty - Kinga ,Kinga,14,Biustonosz BC-676,Kinga,0,Biustonosz semi soft Kinga BC-676 Sophie Skin,Kinga,2
5903615020591, Biustonosz Soft Biustonosz Semi-soft Model Sophie BC-676 157905 Cielisty - Kinga ,Kinga,40,Biustonosz BC-676,Kinga,0,Biustonosz semi soft Kinga BC-676 Sophie Skin,Kinga,2
5903615020607, Biustonosz Soft Biustonosz Semi-soft Model Sophie BC-676 157905 Cielisty - Kinga ,Kinga,2,Biustonosz BC-676,Kinga,0,Biustonosz semi soft Kinga BC-676 Sophie Skin,Kinga,3
5903615020614, Biustonosz Soft Biustonosz Semi-soft Model Sophie BC-676 157905 Cielisty - Kinga ,Kinga,40,Biustonosz BC-676,Kinga,0,Biustonosz semi soft Kinga BC-676 Sophie Skin,Kinga,6
5903615020621, Biustonosz Soft Biustonosz Semi-soft Model Sophie BC-676 157905 Cielisty - Kinga ,Kinga,40,Biustonosz BC-676,Kinga,0,Biustonosz semi soft Kinga BC-676 Sophie Skin,Kinga,7
5903615020638, Biustonosz Soft Biustonosz Semi-soft Model Sophie BC-676 157905 Cielisty - Kinga ,Kinga,40,Biustonosz BC-676,Kinga,0,Biustonosz semi soft Kinga BC-676 Sophie Skin,Kinga,2
5903615020645, Biustonosz Soft Biustonosz Semi-soft Model Sophie BC-676 157905 Cielisty - Kinga ,Kinga,24,Biustonosz BC-676,Kinga,0,Biustonosz semi soft Kinga BC-676 Sophie Skin,Kinga,5
5903615020652, Biustonosz Soft Biustonosz Semi-soft Model Sophie BC-676 157905 Cielisty - Kinga ,Kinga,0,Biustonosz BC-676,Kinga,0,Biustonosz semi soft Kinga BC-676 Sophie Skin,Kinga,4
5903615020690, Biustonosz Soft Biustonosz Semi-soft Model Sophie BC-676 157905 Cielisty - Kinga ,Kinga,40,Biustonosz BC-676,Kinga,1,Biustonosz semi soft Kinga BC-676 Sophie Skin,Kinga,4
5903615020706, Biustonosz Soft Biustonosz Semi-soft Model Sophie BC-676 157905 Cielisty - Kinga ,Kinga,40,Biustonosz BC-676,Kinga,0,Biustonosz semi soft Kinga BC-676 Sophie Skin,Kinga,6
5903615020713, Biustonosz Soft Biustonosz Semi-soft Model Sophie BC-676 157905 Cielisty - Kinga ,Kinga,1,Biustonosz BC-676,Kinga,0,Biustonosz semi soft Kinga BC-676 Sophie Skin,Kinga,4
5903615020720, Biustonosz Soft Biustonosz Semi-soft Model Sophie BC-676 157905 Cielisty - Kinga ,Kinga,22,Biustonosz BC-676,Kinga,0,Biustonosz semi soft Kinga BC-676 Sophie Skin,Kinga,7
5903615020737, Biustonosz Soft Biustonosz Semi-soft Model Sophie BC-676 157905 Cielisty - Kinga ,Kinga,40,Biustonosz BC-676,Kinga,0,Biustonosz semi soft Kinga BC-676 Sophie Skin,Kinga,3
5903615020744, Biustonosz Soft Biustonosz Semi-soft Model Sophie BC-676 157905 Cielisty - Kinga ,Kinga,40,Biustonosz BC-676,Kinga,0,Biustonosz semi soft Kinga BC-676 Sophie Skin,Kinga,4
5903615020751, Biustonosz Soft Biustonosz Semi-soft Model Sophie BC-676 157905 Cielisty - Kinga ,Kinga,40,Biustonosz BC-676,Kinga,0,Biustonosz semi soft Kinga BC-676 Sophie Skin,Kinga,4
5903615020799, Biustonosz Soft Biustonosz Semi-soft Model Sophie BC-676 157905 Cielisty - Kinga ,Kinga,40,Biustonosz BC-676,Kinga,0,Biustonosz semi soft Kinga BC-676 Sophie Skin,Kinga,4
5903615020805, Biustonosz Soft Biustonosz Semi-soft Model Sophie BC-676 157905 Cielisty - Kinga ,Kinga,18,Biustonosz BC-676,Kinga,0,Biustonosz semi soft Kinga BC-676 Sophie Skin,Kinga,4
5903615020812, Biustonosz Soft Biustonosz Semi-soft Model Sophie BC-676 157905 Cielisty - Kinga ,Kinga,40,Biustonosz BC-676,Kinga,0,Biustonosz semi soft Kinga BC-676 Sophie Skin,Kinga,6
5903615020829, Biustonosz Soft Biustonosz Semi-soft Model Sophie BC-676 157905 Cielisty - Kinga ,Kinga,1,Biustonosz BC-676,Kinga,0,Biustonosz semi soft Kinga BC-676 Sophie Skin,Kinga,4
5903615020836, Biustonosz Soft Biustonosz Semi-soft Model Sophie BC-676 157905 Cielisty - Kinga ,Kinga,40,Biustonosz BC-676,Kinga,0,Biustonosz semi soft Kinga BC-676 Sophie Skin,Kinga,5
5903615020843, Biustonosz Soft Biustonosz Semi-soft Model Sophie BC-676 157905 Cielisty - Kinga ,Kinga,24,Biustonosz BC-676,Kinga,0,Biustonosz semi soft Kinga BC-676 Sophie Skin,Kinga,7
5903615020850, Biustonosz Soft Biustonosz Semi-soft Model Sophie BC-676 157905 Cielisty - Kinga ,Kinga,12,Biustonosz BC-676/1,Kinga,0,Biustonosz semi soft Kinga BC-676/1 Sophie Skin,Kinga,4
5903615020867, Biustonosz Soft Biustonosz Semi-soft Model Sophie BC-676 157905 Cielisty - Kinga ,Kinga,5,Biustonosz BC-676/1,Kinga,0,Biustonosz semi soft Kinga BC-676/1 Sophie Skin,Kinga,2
5903615020881, Biustonosz Soft Biustonosz Semi-soft Model Sophie BC-676 157905 Cielisty - Kinga ,Kinga,33,Biustonosz BC-676,Kinga,0,Biustonosz semi soft Kinga BC-676 Sophie Skin,Kinga,6
5903615020898, Biustonosz Soft Biustonosz Semi-soft Model Sophie BC-676 157905 Cielisty - Kinga ,Kinga,9,Biustonosz BC-676,Kinga,0,Biustonosz semi soft Kinga BC-676 Sophie Skin,Kinga,3
5903615020904, Biustonosz Soft Biustonosz Semi-soft Model Sophie BC-676 157905 Cielisty - Kinga ,Kinga,0,Biustonosz BC-676,Kinga,0,Biustonosz semi soft Kinga BC-676 Sophie Skin,Kinga,4
5903615020928, Biustonosz Soft Biustonosz Semi-soft Model Sophie BC-676 157905 Cielisty - Kinga ,Kinga,17,Biustonosz BC-676,Kinga,0,Biustonosz semi soft Kinga BC-676 Sophie Skin,Kinga,4
5903615020935, Biustonosz Soft Biustonosz Semi-soft Model Sophie BC-676 157905 Cielisty - Kinga ,Kinga,12,Biustonosz BC-676/1,Kinga,0,Biustonosz semi soft Kinga BC-676/1 Sophie Skin,Kinga,4
5903615020966, Biustonosz Soft Biustonosz Semi-soft Model Sophie BC-676 157905 Cielisty - Kinga ,Kinga,5,Biustonosz BC-676,Kinga,0,Biustonosz semi soft Kinga BC-676 Sophie Skin,Kinga,5
5903615020973, Biustonosz Soft Biustonosz Semi-soft Model Sophie BC-676 157905 Cielisty - Kinga ,Kinga,8,Biustonosz BC-676,Kinga,0,Biustonosz semi soft Kinga BC-676 Sophie Skin,Kinga,4
5903615020980, Biustonosz Soft Biustonosz Semi-soft Model Sophie BC-676 157905 Cielisty - Kinga ,Kinga,10,Biustonosz BC-676,Kinga,0,Biustonosz semi soft Kinga BC-676 Sophie Skin,Kinga,6
5903615020997, Biustonosz Soft Biustonosz Semi-soft Model Sophie BC-676 157905 Cielisty - Kinga ,Kinga,24,Biustonosz BC-676,Kinga,0,Biustonosz semi soft Kinga BC-676 Sophie Skin,Kinga,1
5903615026197, Biustonosz push up Biustonosz Push-up Model Alice PU-768  168821 Beige - Kinga ,Kinga,26,Biustonosz PU-768,Kinga,0,Biustonosz push-up Kinga PU-768 Alice I,Kinga,2
5903615026203, Biustonosz push up Biustonosz Push-up Model Alice PU-768  168821 Beige - Kinga ,Kinga,33,Biustonosz PU-768,Kinga,0,Biustonosz push-up Kinga PU-768 Alice I,Kinga,2
5903615026210, Biustonosz push up Biustonosz Push-up Model Alice PU-768  168821 Beige - Kinga ,Kinga,30,Biustonosz PU-768,Kinga,0,Biustonosz push-up Kinga PU-768 Alice I,Kinga,1
5903615026265, Biustonosz push up Biustonosz Push-up Model Alice PU-768  168821 Beige - Kinga ,Kinga,15,Biustonosz PU-768,Kinga,0,Biustonosz push-up Kinga PU-768 Alice I,Kinga,1
5903615026289, Biustonosz push up Biustonosz Push-up Model Alice PU-768  168821 Beige - Kinga ,Kinga,8,Biustonosz PU-768,Kinga,0,Biustonosz push-up Kinga PU-768 Alice I,Kinga,1
5903615026371, Biustonosz push up Biustonosz Push-up Model Alice PU-768  168821 Beige - Kinga ,Kinga,27,Biustonosz PU-768,Kinga,0,Biustonosz push-up Kinga PU-768 Alice I,Kinga,2
5903615026388, Biustonosz push up Biustonosz Push-up Model Alice PU-768  168821 Beige - Kinga ,Kinga,16,Biustonosz PU-768,Kinga,0,Biustonosz push-up Kinga PU-768 Alice I,Kinga,1
5903615043538, Figi Brazyliany Model Comfort B-861/2 191225 Black - Kinga ,Kinga,40,Figi B-861/2,Kinga,0,Figi Kinga B-861/2 Brazyliany Comfort XS-2XL,Kinga,1
5903615043545, Figi Brazyliany Model Comfort B-861/2 191225 Black - Kinga ,Kinga,40,Figi B-861/2,Kinga,3,Figi Kinga B-861/2 Brazyliany Comfort XS-2XL,Kinga,2
5903615043576, Figi Model Comfort P-861/2 165581 Black - Kinga ,Kinga,40,Figi P861/2,Kinga,0,Figi Kinga P-861/2 Comfort XS-2XL,Kinga,1
5903615043583, Figi Model Comfort P-861/2 165581 Black - Kinga ,Kinga,40,Figi P861/2,Kinga,0,Figi Kinga P-861/2 Comfort XS-2XL,Kinga,2
5903615043590, Figi Model Comfort P-861/2 165581 Black - Kinga ,Kinga,40,Figi P861/2,Kinga,0,Figi Kinga P-861/2 Comfort XS-2XL,Kinga,3
5903615050543, Figi Fgi Brazyliany Model Lara B-748/2 157860 Pink - Kinga ,Kinga,5,Figi B-748/2,Kinga,0,Figi Kinga B-748/2 Lara Brazyliany Róż S-XL,Kinga,1
5903615128686, Biustonosz Soft Biustonosz Semi-soft Model Luna BC-1098 188939 Ecru - Kinga ,Kinga,12,Biustonosz BC-1098,Kinga,0,Biustonosz semi soft Kinga BC-1098 Luna,Kinga,1
5903615128693, Biustonosz Soft Biustonosz Semi-soft Model Luna BC-1098 188939 Ecru - Kinga ,Kinga,15,Biustonosz BC-1098,Kinga,0,Biustonosz semi soft Kinga BC-1098 Luna,Kinga,2
5903615128792, Biustonosz Soft Biustonosz Semi-soft Model Luna BC-1098 188939 Ecru - Kinga ,Kinga,11,Biustonosz BC-1098,Kinga,0,Biustonosz semi soft Kinga BC-1098 Luna,Kinga,5
5903615128877, Biustonosz Soft Biustonosz Semi-soft Model Luna BC-1098 188939 Ecru - Kinga ,Kinga,0,Biustonosz BC-1098,Kinga,0,Biustonosz semi soft Kinga BC-1098 Luna,Kinga,2
5903615128884, Biustonosz Soft Biustonosz Semi-soft Model Luna BC-1098 188939 Ecru - Kinga ,Kinga,0,Biustonosz BC-1098,Kinga,0,Biustonosz semi soft Kinga BC-1098 Luna,Kinga,3
5903615128891, Biustonosz Soft Biustonosz Semi-soft Model Luna BC-1098 188939 Ecru - Kinga ,Kinga,3,Biustonosz BC-1098,Kinga,0,Biustonosz semi soft Kinga BC-1098 Luna Big,Kinga,1
5903615128969, Biustonosz Soft Biustonosz Semi-soft Model Luna BC-1098 188939 Ecru - Kinga ,Kinga,18,Biustonosz BC-1098,Kinga,0,Biustonosz semi soft Kinga BC-1098 Luna,Kinga,2
5903615129027, Biustonosz Soft Biustonosz Semi-soft Model Luna BC-1098 188939 Ecru - Kinga ,Kinga,5,Biustonosz BC-1098,Kinga,0,Biustonosz semi soft Kinga BC-1098 Luna,Kinga,2
5903615129034, Biustonosz Soft Biustonosz Semi-soft Model Luna BC-1098 188939 Ecru - Kinga ,Kinga,23,Biustonosz BC-1098,Kinga,0,Biustonosz semi soft Kinga BC-1098 Luna,Kinga,3
5903615129195, Figi Model Luna P-1098/3 185845 WEcru - Kinga ,Kinga,40,Figi P-1098/3,Kinga,0,Figi Kinga P-1098/3 Luna S-2XL,Kinga,2
5903615129232, Figi Model Luna P-1098/3 185845 WEcru - Kinga ,Kinga,8,Figi P-1098/3,Kinga,0,Figi Kinga P-1098/3 Luna S-2XL,Kinga,2
5903615165421, Biustonosz Soft Biustonosz Semi-soft Model Luna BC-1098 191768 Black - Kinga ,Kinga,26,Biustonosz BC-1098,Kinga,0,Biustonosz semi soft Kinga BC-1098 Luna,Kinga,2
5903615165438, Biustonosz Soft Biustonosz Semi-soft Model Luna BC-1098 191768 Black - Kinga ,Kinga,25,Biustonosz BC-1098,Kinga,0,Biustonosz semi soft Kinga BC-1098 Luna,Kinga,1
5903615165452, Biustonosz Soft Biustonosz Semi-soft Model Luna BC-1098 191768 Black - Kinga ,Kinga,40,Biustonosz BC-1098,Kinga,0,Biustonosz semi soft Kinga BC-1098 Luna,Kinga,2
5903615165520, Biustonosz Soft Biustonosz Semi-soft Model Luna BC-1098 191768 Black - Kinga ,Kinga,31,Biustonosz BC-1098,Kinga,0,Biustonosz semi soft Kinga BC-1098 Luna,Kinga,2
5903615165537, Biustonosz Soft Biustonosz Semi-soft Model Luna BC-1098 191768 Black - Kinga ,Kinga,40,Biustonosz BC-1098,Kinga,0,Biustonosz semi soft Kinga BC-1098 Luna,Kinga,2
5903615165544, Biustonosz Soft Biustonosz Semi-soft Model Luna BC-1098 191768 Black - Kinga ,Kinga,40,Biustonosz BC-1098,Kinga,0,Biustonosz semi soft Kinga BC-1098 Luna,Kinga,2
5903615165551, Biustonosz Soft Biustonosz Semi-soft Model Luna BC-1098 191768 Black - Kinga ,Kinga,40,Biustonosz BC-1098,Kinga,0,Biustonosz semi soft Kinga BC-1098 Luna,Kinga,1
5903615165629, Biustonosz Soft Biustonosz Semi-soft Model Luna BC-1098 191768 Black - Kinga ,Kinga,2,Biustonosz BC-1098,Kinga,0,Biustonosz semi soft Kinga BC-1098 Luna,Kinga,2
5903615165636, Biustonosz Soft Biustonosz Semi-soft Model Luna BC-1098 191768 Black - Kinga ,Kinga,40,Biustonosz BC-1098,Kinga,0,Biustonosz semi soft Kinga BC-1098 Luna,Kinga,3
5903615165643, Biustonosz Soft Biustonosz Semi-soft Model Luna BC-1098 191768 Black - Kinga ,Kinga,40,Biustonosz BC-1098,Kinga,0,Biustonosz semi soft Kinga BC-1098 Luna,Kinga,1
5903615165698, Biustonosz Soft Biustonosz Semi-soft Model Luna BC-1098 191768 Black - Kinga ,Kinga,12,Biustonosz BC-1098,Kinga,0,Biustonosz semi soft Kinga BC-1098 Luna,Kinga,2
5903615165711, Biustonosz Soft Biustonosz Semi-soft Model Luna BC-1098 191768 Black - Kinga ,Kinga,40,Biustonosz BC-1098,Kinga,0,Biustonosz semi soft Kinga BC-1098 Luna,Kinga,2
5903615165728, Biustonosz Soft Biustonosz Semi-soft Model Luna BC-1098 191768 Black - Kinga ,Kinga,40,Biustonosz BC-1098,Kinga,0,Biustonosz semi soft Kinga BC-1098 Luna,Kinga,1
5903615165773, Biustonosz Soft Biustonosz Semi-soft Model Luna BC-1098 191768 Black - Kinga ,Kinga,13,Biustonosz BC-1098,Kinga,0,Biustonosz semi soft Kinga BC-1098 Luna,Kinga,2
5903615165780, Biustonosz Soft Biustonosz Semi-soft Model Luna BC-1098 191768 Black - Kinga ,Kinga,31,Biustonosz BC-1098,Kinga,0,Biustonosz semi soft Kinga BC-1098 Luna,Kinga,2
5903672810562,  Szlafrok Męski Model 2104 White - L&L collection ,L&L collection,0,Szlafrok 2104,L&L,1,Szlafrok L&L 2104 M-2XL męski frota,L&L,2
5903672810586,  Szlafrok Męski Model 2104 White - L&L collection ,L&L collection,0,Szlafrok 2104,L&L,1,Szlafrok L&L 2104 M-2XL męski frota,L&L,2
5903672813280,  Szlafrok Męski Model Luca 2111 Grafit - L&L collection ,L&L collection,0,Szlafrok 2111 LUCA,L&L,0,Szlafrok L&L 2111 Luca M-2XL męski,L&L,3
5903672813365,  Szlafrok Męski Model Luca 2111 Navy - L&L collection ,L&L collection,0,Szlafrok 2111 LUCA,L&L,3,Szlafrok L&L 2111 Luca M-2XL męski,L&L,3
5903672832922, Szlafrok Geo Short 2401 Wiśnia - L&L collection ,L&L collection,0,Szlafrok 2401 GEO,L&L,15,Szlafrok L&L 2401 Geo XS-XL damski,L&L,15
5903672833011, Szlafrok Damski Model Geo Long 2402 Wiśnia - L&L collection ,L&L collection,0,Szlafrok 2402 GEO LONG,L&L,10,Szlafrok L&L 2402 Geo długi S-2XL damski,L&L,20
5903672833134, Szlafrok Damski Model Geo Long 2402 Wiśnia - L&L collection ,L&L collection,0,Szlafrok 2402 GEO LONG,L&L,13,Szlafrok L&L 2402 Geo długi S-2XL damski,L&L,13
5903672833158, Szlafrok Geo Short 2401 Wiśnia - L&L collection ,L&L collection,0,Szlafrok 2401 GEO,L&L,15,Szlafrok L&L 2401 Geo XS-XL damski,L&L,21
5903672833165, Szlafrok Geo Short 2401 Wiśnia - L&L collection ,L&L collection,0,Szlafrok 2401 GEO,L&L,10,Szlafrok L&L 2401 Geo XS-XL damski,L&L,12
5903672833172, Szlafrok Geo Short 2401 Wiśnia - L&L collection ,L&L collection,0,Szlafrok 2401 GEO,L&L,10,Szlafrok L&L 2401 Geo XS-XL damski,L&L,15
5903672833233, Szlafrok Damski Model Geo Long 2402 Wiśnia - L&L collection ,L&L collection,0,Szlafrok 2402 GEO LONG,L&L,14,Szlafrok L&L 2402 Geo długi S-2XL damski,L&L,16
5903672833967, Szlafrok Damski Model Ritta Długi 2415 Morela - L&L collection ,L&L collection,0,Szlafrok 2415 RITTA,L&L,6,Szlafrok L&L 2415 Ritta długi M-2XL damski,L&L,3
5903672833974, Szlafrok Damski Model Ritta Długi 2415 Morela - L&L collection ,L&L collection,0,Szlafrok 2415 RITTA,L&L,3,Szlafrok L&L 2415 Ritta długi M-2XL damski,L&L,3
5903672834063, Szlafrok Damski Model 2416 Robin Morela - L&L collection ,L&L collection,3,Szlafrok 2416 ROBIN,L&L,8,Szlafrok L&L 2416 Robin S-XL damski,L&L,13
5903672834070, Szlafrok Damski Model 2416 Robin Morela - L&L collection ,L&L collection,0,Szlafrok 2416 ROBIN,L&L,1,Szlafrok L&L 2416 Robin S-XL damski,L&L,5
5903672834087, Szlafrok Damski Model 2416 Robin Morela - L&L collection ,L&L collection,0,Szlafrok 2416 ROBIN,L&L,8,Szlafrok L&L 2416 Robin S-XL damski,L&L,16
5903672834094, Szlafrok Damski Model 2416 Robin Morela - L&L collection ,L&L collection,0,Szlafrok 2416 ROBIN,L&L,3,Szlafrok L&L 2416 Robin S-XL damski,L&L,8
5903672834612,  Szlafrok Męski Model Hero Long 2455 Navy - L&L collection ,L&L collection,0,Szlafrok 2455 HERO,L&L,8,Szlafrok L&L 2455 Hero M-2XL męski,L&L,1
5903672834636,  Szlafrok Męski Model Hero Long 2455 Navy - L&L collection ,L&L collection,0,Szlafrok 2455 HERO,L&L,5,Szlafrok L&L 2455 Hero M-2XL męski,L&L,8
5903672834643,  Szlafrok Męski Model Hero Long 2455 Navy - L&L collection ,L&L collection,0,Szlafrok 2455 HERO,L&L,5,Szlafrok L&L 2455 Hero M-2XL męski,L&L,1
5903672835244,  Szlafrok Męski Model Pegasus Long 2451 Grafit - L&L collection ,L&L collection,1,Szlafrok 2451 PEGAZ,L&L,4,Szlafrok L&L 2451 Pegasus M-2XL męski,L&L,1
5903672835251,  Szlafrok Męski Model Pegasus Long 2451 Grafit - L&L collection ,L&L collection,0,Szlafrok 2451 PEGAZ,L&L,9,Szlafrok L&L 2451 Pegasus M-2XL męski,L&L,2
5903672837736, Szlafrok Damski Model 2416 Robin Wiśnia - L&L collection ,L&L collection,0,Szlafrok 2416 ROBIN,L&L,4,Szlafrok L&L 2416 Robin S-XL damski,L&L,5
5903672837743, Szlafrok Damski Model 2416 Robin Wiśnia - L&L collection ,L&L collection,0,Szlafrok 2416 ROBIN,L&L,2,Szlafrok L&L 2416 Robin S-XL damski,L&L,6
5903672837767, Szlafrok Damski Model Luna 2509 Angora - L&L collection ,L&L collection,0,Szlafrok 2509 LUNA,L&L,0,Szlafrok L&L 2509 Luna S-XL damski,L&L,2
5903672837774, Szlafrok Damski Model Luna 2509 Angora - L&L collection ,L&L collection,3,Szlafrok 2509 LUNA,L&L,2,Szlafrok L&L 2509 Luna S-XL damski,L&L,4
5903672837781, Szlafrok Damski Model Luna 2509 Angora - L&L collection ,L&L collection,2,Szlafrok 2509 LUNA,L&L,0,Szlafrok L&L 2509 Luna S-XL damski,L&L,1
5903672837798, Szlafrok Damski Model Luna 2509 Angora - L&L collection ,L&L collection,4,Szlafrok 2509 LUNA,L&L,3,Szlafrok L&L 2509 Luna S-XL damski,L&L,1
5903672837811, Szlafrok Damski Model 2416 Robin Wiśnia - L&L collection ,L&L collection,0,Szlafrok 2416 ROBIN,L&L,3,Szlafrok L&L 2416 Robin S-XL damski,L&L,9
5903672837828, Szlafrok Damski Model Luna 2509 Powder Pink - L&L collection ,L&L collection,5,Szlafrok 2509 LUNA,L&L,5,Szlafrok L&L 2509 Luna S-XL damski,L&L,3
5903672837835, Szlafrok Damski Model Luna 2509 Powder Pink - L&L collection ,L&L collection,0,Szlafrok 2509 LUNA,L&L,1,Szlafrok L&L 2509 Luna S-XL damski,L&L,1
5903672837873, Szlafrok Damski Model Aura 2510 Angora - L&L collection ,L&L collection,0,Szlafrok 2510 AURA,L&L,0,Szlafrok L&L 2510 Aura długi S-XL damski,L&L,4
5903672837903, Szlafrok Damski Model Aura 2510 Powder Pink - L&L collection ,L&L collection,0,Szlafrok 2510 AURA,L&L,0,Szlafrok L&L 2510 Aura długi S-XL damski,L&L,2
5903672837927, Szlafrok Damski Model Rita długi 2415 Wiśnia - L&L collection ,L&L collection,0,Szlafrok 2415 RITTA,L&L,5,Szlafrok L&L 2415 Ritta długi M-2XL damski,L&L,10
5903672837934, Szlafrok Damski Model Rita długi 2415 Wiśnia - L&L collection ,L&L collection,0,Szlafrok 2415 RITTA,L&L,5,Szlafrok L&L 2415 Ritta długi M-2XL damski,L&L,6
5903672837941, Szlafrok Damski Model Rita długi 2415 Wiśnia - L&L collection ,L&L collection,0,Szlafrok 2415 RITTA,L&L,6,Szlafrok L&L 2415 Ritta długi M-2XL damski,L&L,8
5903672837958, Szlafrok Damski Model 2401 Geo Czekolada - L&L collection ,L&L collection,0,Szlafrok 2401 GEO,L&L,27,Szlafrok L&L 2401 Geo XS-XL damski,L&L,4
5903672837965, Szlafrok Damski Model 2401 Geo Czekolada - L&L collection ,L&L collection,0,Szlafrok 2401 GEO,L&L,22,Szlafrok L&L 2401 Geo XS-XL damski,L&L,9
5903672837989, Szlafrok Damski Model 2402 Geo Long Czekolada - L&L collection ,L&L collection,0,Szlafrok 2402 GEO LONG,L&L,17,Szlafrok L&L 2402 Geo długi S-2XL damski,L&L,1
5903672837996, Szlafrok Damski Model 2402 Geo Long Czekolada - L&L collection ,L&L collection,0,Szlafrok 2402 GEO LONG,L&L,17,Szlafrok L&L 2402 Geo długi S-2XL damski,L&L,3
5903672838016, Szlafrok Damski Model 2402 Geo Long Czekolada - L&L collection ,L&L collection,0,Szlafrok 2402 GEO LONG,L&L,15,Szlafrok L&L 2402 Geo długi S-2XL damski,L&L,7
5903672838023, Szlafrok Damski Model 2402 Geo Long Czekolada - L&L collection ,L&L collection,0,Szlafrok 2402 GEO LONG,L&L,9,Szlafrok L&L 2402 Geo długi S-2XL damski,L&L,1
5903672838030, Szlafrok Damski Model Robin Long 2599 Morela - L&L collection ,L&L collection,0,Szlafrok 2599 ROBIN DŁ,L&L,2,Szlafrok L&L 2599 Robin długi S-2XL damski,L&L,7
5903672838047, Szlafrok Damski Model Robin Long 2599 Morela - L&L collection ,L&L collection,0,Szlafrok 2599 ROBIN DŁ,L&L,1,Szlafrok L&L 2599 Robin długi S-2XL damski,L&L,5
5903672838085, Szlafrok Damski Model Robin Long 2599 Wiśnia - L&L collection ,L&L collection,0,Szlafrok 2599 ROBIN DŁ,L&L,3,Szlafrok L&L 2599 Robin długi S-2XL damski,L&L,5
5903672838092, Szlafrok Damski Model Robin Long 2599 Wiśnia - L&L collection ,L&L collection,0,Szlafrok 2599 ROBIN DŁ,L&L,3,Szlafrok L&L 2599 Robin długi S-2XL damski,L&L,7
5903672838115, Szlafrok Damski Model Robin Long 2599 Wiśnia - L&L collection ,L&L collection,0,Szlafrok 2599 ROBIN DŁ,L&L,2,Szlafrok L&L 2599 Robin długi S-2XL damski,L&L,10
5903672838122, Szlafrok Damski Model Robin Long 2599 Wiśnia - L&L collection ,L&L collection,0,Szlafrok 2599 ROBIN DŁ,L&L,2,Szlafrok L&L 2599 Robin długi S-2XL damski,L&L,3
5903672838139, Szlafrok Damski Model Rita długi 2415 Wiśnia - L&L collection ,L&L collection,0,Szlafrok 2415 RITTA,L&L,1,Szlafrok L&L 2415 Ritta długi M-2XL damski,L&L,9
5903672838146, Szlafrok Damski Model Aura 2510 Powder Pink - L&L collection ,L&L collection,0,Szlafrok 2510 AURA,L&L,1,Szlafrok L&L 2510 Aura długi S-XL damski,L&L,8
5903672838382, Szlafrok Damski Model 2401 Geo Czekolada - L&L collection ,L&L collection,0,Szlafrok 2401 GEO,L&L,21,Szlafrok L&L 2401 Geo XS-XL damski,L&L,7
5903672839754, Szlafrok Damski Model 2554 Valenti Długi Angora - L&L collection ,L&L collection,0,Szlafrok 2554 VALENTI DŁ,L&L,5,Szlafrok L&L 2554 Valentine długi S-2XL damski,L&L,8
5903672839761, Szlafrok Damski Model 2554 Valenti Długi Angora - L&L collection ,L&L collection,0,Szlafrok 2554 VALENTI DŁ,L&L,5,Szlafrok L&L 2554 Valentine długi S-2XL damski,L&L,3
5903672840446, Szlafrok Damski model Luna 2509 Czekolada - L&L collection ,L&L collection,0,Szlafrok 2509 LUNA,L&L,6,Szlafrok L&L 2509 Luna S-XL damski,L&L,1
5903672840453, Szlafrok Damski model Luna 2509 Czekolada - L&L collection ,L&L collection,0,Szlafrok 2509 LUNA,L&L,7,Szlafrok L&L 2509 Luna S-XL damski,L&L,3
5903672840477, Szlafrok Damski model Luna 2509 Czekolada - L&L collection ,L&L collection,0,Szlafrok 2509 LUNA,L&L,1,Szlafrok L&L 2509 Luna S-XL damski,L&L,5
5903672840965, Szlafrok Damski Model Aura 2510 Czekolada - L&L collection ,L&L collection,0,Szlafrok 2510 AURA,L&L,4,Szlafrok L&L 2510 Aura długi S-XL damski,L&L,3
5903771880398, Figi Model Laura 5007 Light Beige - Lapinee ,Lapinee,0,Figi 5007 LAURA,Lapinee,0,Figi Lapinee 5007 Laura S-XL,Lapinee,2
5903771880404, Figi Model Laura 5007 Light Beige - Lapinee ,Lapinee,5,Figi 5007 LAURA,Lapinee,0,Figi Lapinee 5007 Laura S-XL,Lapinee,2
5903771880411, Figi Model Laura 5007 Light Beige - Lapinee ,Lapinee,3,Figi 5007 LAURA,Lapinee,0,Figi Lapinee 5007 Laura S-XL,Lapinee,7
5903771880428, Figi Model Laura 5007 Light Beige - Lapinee ,Lapinee,2,Figi 5007 LAURA,Lapinee,0,Figi Lapinee 5007 Laura S-XL,Lapinee,5
5903771880466, Figi Model Laura 5007 Black - Lapinee ,Lapinee,11,Figi 5007 LAURA,Lapinee,0,Figi Lapinee 5007 Laura S-XL,Lapinee,5
5903771880534, Figi Model Carla 5008 Black - Lapinee ,Lapinee,2,Figi 5008 CARLA,Lapinee,0,,,1
5903771880589, Figi Model Sisi 5009 Light Beige - Lapinee ,Lapinee,2,Figi 5009 SISI,Lapinee,2,,,1
5903771880626, Figi Model Sisi 5009 Black - Lapinee ,Lapinee,0,Figi 5009 SISI,Lapinee,0,,,2
5903771880794, Figi Model Coco 5012 Powder Beige - Lapinee ,Lapinee,13,Figi 5012 COCO,Lapinee,8,Figi Lapinee 5012 Coco S-2XL,Lapinee,3
5903771880800, Figi Model Coco 5012 Powder Beige - Lapinee ,Lapinee,8,Figi 5012 COCO,Lapinee,7,Figi Lapinee 5012 Coco S-2XL,Lapinee,6
5903771880817, Figi Model Coco 5012 Powder Beige - Lapinee ,Lapinee,9,Figi 5012 COCO,Lapinee,8,Figi Lapinee 5012 Coco S-2XL,Lapinee,9
5903771880824, Figi Model Coco 5012 Powder Beige - Lapinee ,Lapinee,5,Figi 5012 COCO,Lapinee,3,Figi Lapinee 5012 Coco S-2XL,Lapinee,12
5903771880831, Figi Model Coco 5012 Black - Lapinee ,Lapinee,10,Figi 5012 COCO,Lapinee,6,Figi Lapinee 5012 Coco S-2XL,Lapinee,8
5903771880848, Figi Model Coco 5012 Black - Lapinee ,Lapinee,6,Figi 5012 COCO,Lapinee,4,Figi Lapinee 5012 Coco S-2XL,Lapinee,6
5903771880855, Figi Model Coco 5012 Black - Lapinee ,Lapinee,9,Figi 5012 COCO,Lapinee,8,Figi Lapinee 5012 Coco S-2XL,Lapinee,5
5903771880862, Figi Model Coco 5012 Black - Lapinee ,Lapinee,3,Figi 5012 COCO,Lapinee,2,Figi Lapinee 5012 Coco S-2XL,Lapinee,3
5903771880879, Figi Model Pola 5013 Light Beige - Lapinee ,Lapinee,16,Figi 5013 POLA,Lapinee,3,Figi Lapinee 5013 Pola S-XL,Lapinee,11
5903771880886, Figi Model Pola 5013 Light Beige - Lapinee ,Lapinee,5,Figi 5013 POLA,Lapinee,5,Figi Lapinee 5013 Pola S-XL,Lapinee,23
5903771880893, Figi Model Pola 5013 Light Beige - Lapinee ,Lapinee,12,Figi 5013 POLA,Lapinee,6,Figi Lapinee 5013 Pola S-XL,Lapinee,24
5903771880909, Figi Model Pola 5013 Light Beige - Lapinee ,Lapinee,15,Figi 5013 POLA,Lapinee,3,Figi Lapinee 5013 Pola S-XL,Lapinee,24
5903771880916, Figi Model Pola 5013 Black - Lapinee ,Lapinee,7,Figi 5013 POLA,Lapinee,6,Figi Lapinee 5013 Pola S-XL,Lapinee,10
5903771880923, Figi Model Pola 5013 Black - Lapinee ,Lapinee,5,Figi 5013 POLA,Lapinee,5,Figi Lapinee 5013 Pola S-XL,Lapinee,18
5903771880930, Figi Model Pola 5013 Black - Lapinee ,Lapinee,1,Figi 5013 POLA,Lapinee,1,Figi Lapinee 5013 Pola S-XL,Lapinee,20
5903771880947, Figi Model Pola 5013 Black - Lapinee ,Lapinee,8,Figi 5013 POLA,Lapinee,5,Figi Lapinee 5013 Pola S-XL,Lapinee,21
5903771880978, Figi Model Lily 5014 Powder Beige - Lapinee ,Lapinee,8,Figi 5014 LILI,Lapinee,4,Figi Lapinee 5014 Lily S-XL,Lapinee,2
5903771880985, Figi Model Lily 5014 Powder Beige - Lapinee ,Lapinee,20,Figi 5014 LILI,Lapinee,3,Figi Lapinee 5014 Lily S-XL,Lapinee,3
5903771881357, Figi Model Viva 5019 Beige - Lapinee ,Lapinee,9,Figi 5019 VIVA,Lapinee,9,Figi Lapinee 5019 Viva S-XL,Lapinee,1
5903771881432, Figi Model Gigi 5020 Beige - Lapinee ,Lapinee,16,Figi 5020 GIGI,Lapinee,10,Figi Lapinee 5020 Gigi S-XL,Lapinee,1
5903771881449, Figi Model Gigi 5020 Beige - Lapinee ,Lapinee,6,Figi 5020 GIGI,Lapinee,6,Figi Lapinee 5020 Gigi S-XL,Lapinee,2
5903771881456, Figi Model Gigi 5020 Beige - Lapinee ,Lapinee,6,Figi 5020 GIGI,Lapinee,6,Figi Lapinee 5020 Gigi S-XL,Lapinee,1
5903771881463, Figi Model Gigi 5020 Beige - Lapinee ,Lapinee,13,Figi 5020 GIGI,Lapinee,6,Figi Lapinee 5020 Gigi S-XL,Lapinee,3
5903771881470, Figi Model Gigi 5020 Black - Lapinee ,Lapinee,5,Figi 5020 GIGI,Lapinee,5,Figi Lapinee 5020 Gigi S-XL,Lapinee,3
5903771881487, Figi Model Gigi 5020 Black - Lapinee ,Lapinee,7,Figi 5020 GIGI,Lapinee,7,Figi Lapinee 5020 Gigi S-XL,Lapinee,3
5903771881494, Figi Model Gigi 5020 Black - Lapinee ,Lapinee,7,Figi 5020 GIGI,Lapinee,7,Figi Lapinee 5020 Gigi S-XL,Lapinee,12
5903771881500, Figi Model Gigi 5020 Black - Lapinee ,Lapinee,7,Figi 5020 GIGI,Lapinee,5,Figi Lapinee 5020 Gigi S-XL,Lapinee,5
5903771881517, Figi Model Cindy 5021 Beige - Lapinee ,Lapinee,23,Figi 5021 CINDY,Lapinee,15,Figi Lapinee 5021 Cindy S-XL,Lapinee,9
5903771881524, Figi Model Cindy 5021 Beige - Lapinee ,Lapinee,19,Figi 5021 CINDY,Lapinee,15,Figi Lapinee 5021 Cindy S-XL,Lapinee,14
5903771881531, Figi Model Cindy 5021 Beige - Lapinee ,Lapinee,15,Figi 5021 CINDY,Lapinee,12,Figi Lapinee 5021 Cindy S-XL,Lapinee,9
5903771881548, Figi Model Cindy 5021 Beige - Lapinee ,Lapinee,19,Figi 5021 CINDY,Lapinee,14,Figi Lapinee 5021 Cindy S-XL,Lapinee,12
5903771881555, Figi Model Cindy 5021 Black - Lapinee ,Lapinee,10,Figi 5021 CINDY,Lapinee,6,Figi Lapinee 5021 Cindy S-XL,Lapinee,1
5903771881562, Figi Model Cindy 5021 Black - Lapinee ,Lapinee,10,Figi 5021 CINDY,Lapinee,10,Figi Lapinee 5021 Cindy S-XL,Lapinee,1
5903771881579, Figi Model Cindy 5021 Black - Lapinee ,Lapinee,7,Figi 5021 CINDY,Lapinee,7,Figi Lapinee 5021 Cindy S-XL,Lapinee,2
5903771881586, Figi Model Cindy 5021 Black - Lapinee ,Lapinee,14,Figi 5021 CINDY,Lapinee,7,Figi Lapinee 5021 Cindy S-XL,Lapinee,4
5903771881593, Figi Model Coco 5012 Red - Lapinee ,Lapinee,0,Figi 5012 COCO,Lapinee,0,Figi Lapinee 5012 Coco S-2XL,Lapinee,5
5903771881630, Figi Model Salma 5022 Beige - Lapinee ,Lapinee,17,Figi 5022 SALMA,Lapinee,6,Figi Lapinee 5022 Salma S-2XL,Lapinee,12
5903771881647, Figi Model Salma 5022 Beige - Lapinee ,Lapinee,0,Figi 5022 SALMA,Lapinee,0,Figi Lapinee 5022 Salma S-2XL,Lapinee,7
5903771881654, Figi Model Salma 5022 Beige - Lapinee ,Lapinee,0,Figi 5022 SALMA,Lapinee,0,Figi Lapinee 5022 Salma S-2XL,Lapinee,11
5903771881661, Figi Model Salma 5022 Beige - Lapinee ,Lapinee,10,Figi 5022 SALMA,Lapinee,9,Figi Lapinee 5022 Salma S-2XL,Lapinee,7
5903771881678, Figi Model Salma 5022 Beige - Lapinee ,Lapinee,10,Figi 5022 SALMA,Lapinee,10,Figi Lapinee 5022 Salma S-2XL,Lapinee,4
5903771881685, Figi Model Salma 5022 Black - Lapinee ,Lapinee,8,Figi 5022 SALMA,Lapinee,5,Figi Lapinee 5022 Salma S-2XL,Lapinee,6
5903771881692, Figi Model Salma 5022 Black - Lapinee ,Lapinee,17,Figi 5022 SALMA,Lapinee,17,Figi Lapinee 5022 Salma S-2XL,Lapinee,1
5903771881708, Figi Model Salma 5022 Black - Lapinee ,Lapinee,15,Figi 5022 SALMA,Lapinee,14,Figi Lapinee 5022 Salma S-2XL,Lapinee,2
5903771881715, Figi Model Salma 5022 Black - Lapinee ,Lapinee,10,Figi 5022 SALMA,Lapinee,8,Figi Lapinee 5022 Salma S-2XL,Lapinee,3
5903771881722, Figi Model Salma 5022 Black - Lapinee ,Lapinee,10,Figi 5022 SALMA,Lapinee,9,Figi Lapinee 5022 Salma S-2XL,Lapinee,2
5903771881814, Figi Model Zula 5024 Red - Lapinee ,Lapinee,10,Figi 5024 ZULA,Lapinee,0,Figi Lapinee 5024 Zula S-3XL,Lapinee,4
5903771881821, Figi Model Zula 5024 Red - Lapinee ,Lapinee,2,Figi 5024 ZULA,Lapinee,0,Figi Lapinee 5024 Zula S-3XL,Lapinee,10
5903771881869, Figi Model Zula 5024 Black - Lapinee ,Lapinee,17,Figi 5024 ZULA,Lapinee,9,Figi Lapinee 5024 Zula S-3XL,Lapinee,6
5903771881876, Figi Model Zula 5024 Black - Lapinee ,Lapinee,9,Figi 5024 ZULA,Lapinee,9,Figi Lapinee 5024 Zula S-3XL,Lapinee,10
5903771881883, Figi Model Zula 5024 Black - Lapinee ,Lapinee,13,Figi 5024 ZULA,Lapinee,13,Figi Lapinee 5024 Zula S-3XL,Lapinee,12
5903771881890, Figi Model Zula 5024 Black - Lapinee ,Lapinee,8,Figi 5024 ZULA,Lapinee,8,Figi Lapinee 5024 Zula S-3XL,Lapinee,10
5903771881906, Figi Model Zula 5024 Black - Lapinee ,Lapinee,1,Figi 5024 ZULA,Lapinee,1,Figi Lapinee 5024 Zula S-3XL,Lapinee,8
5903771881913, Stringi Model Stella 5025 Beige - Lapinee ,Lapinee,9,Stringi 5025 STELLA,Lapinee,9,Stringi Lapinee 5025 Stella S-XL,Lapinee,9
5903771881920, Stringi Model Stella 5025 Beige - Lapinee ,Lapinee,7,Stringi 5025 STELLA,Lapinee,7,Stringi Lapinee 5025 Stella S-XL,Lapinee,8
5903771881937, Stringi Model Stella 5025 Beige - Lapinee ,Lapinee,10,Stringi 5025 STELLA,Lapinee,10,Stringi Lapinee 5025 Stella S-XL,Lapinee,8
5903771881944, Stringi Model Stella 5025 Beige - Lapinee ,Lapinee,8,Stringi 5025 STELLA,Lapinee,5,Stringi Lapinee 5025 Stella S-XL,Lapinee,7
5903771881975, Stringi Model Stella 5025 Black - Lapinee ,Lapinee,5,Stringi 5025 STELLA,Lapinee,4,Stringi Lapinee 5025 Stella S-XL,Lapinee,4
5903771881982, Stringi Model Stella 5025 Black - Lapinee ,Lapinee,6,Stringi 5025 STELLA,Lapinee,6,Stringi Lapinee 5025 Stella S-XL,Lapinee,1
5903771881999, Figi Model Camila 5026 Beige - Lapinee ,Lapinee,7,Figi 5026 CAMILA,Lapinee,6,Figi Lapinee 5026 Camila S-XL,Lapinee,6
5903771882002, Figi Model Camila 5026 Beige - Lapinee ,Lapinee,8,Figi 5026 CAMILA,Lapinee,8,Figi Lapinee 5026 Camila S-XL,Lapinee,13
5903771882019, Figi Model Camila 5026 Beige - Lapinee ,Lapinee,13,Figi 5026 CAMILA,Lapinee,12,Figi Lapinee 5026 Camila S-XL,Lapinee,7
5903771882026, Figi Model Camila 5026 Beige - Lapinee ,Lapinee,9,Figi 5026 CAMILA,Lapinee,6,Figi Lapinee 5026 Camila S-XL,Lapinee,8
5903771882040, Figi Model Camila 5026 Black - Lapinee ,Lapinee,16,Figi 5026 CAMILA,Lapinee,13,Figi Lapinee 5026 Camila S-XL,Lapinee,8
5903771882057, Figi Model Camila 5026 Black - Lapinee ,Lapinee,16,Figi 5026 CAMILA,Lapinee,16,Figi Lapinee 5026 Camila S-XL,Lapinee,10
5903771882064, Figi Model Camila 5026 Black - Lapinee ,Lapinee,8,Figi 5026 CAMILA,Lapinee,7,Figi Lapinee 5026 Camila S-XL,Lapinee,6
5903771882071, Figi Model Camila 5026 Black - Lapinee ,Lapinee,11,Figi 5026 CAMILA,Lapinee,8,Figi Lapinee 5026 Camila S-XL,Lapinee,10
5903771882095, Figi Model Kayla 5027 Beige - Lapinee ,Lapinee,9,Figi 5027 KAYLA,Lapinee,8,Figi Lapinee 5027 Kayla S-XL,Lapinee,11
5903771882101, Figi Model Kayla 5027 Beige - Lapinee ,Lapinee,10,Figi 5027 KAYLA,Lapinee,10,Figi Lapinee 5027 Kayla S-XL,Lapinee,2
5903771882118, Figi Model Kayla 5027 Beige - Lapinee ,Lapinee,7,Figi 5027 KAYLA,Lapinee,6,Figi Lapinee 5027 Kayla S-XL,Lapinee,8
5903771882125, Figi Model Kayla 5027 Beige - Lapinee ,Lapinee,7,Figi 5027 KAYLA,Lapinee,7,Figi Lapinee 5027 Kayla S-XL,Lapinee,18
5903771882132, Figi Model Kayla 5027 Black - Lapinee ,Lapinee,11,Figi 5027 KAYLA,Lapinee,9,Figi Lapinee 5027 Kayla S-XL,Lapinee,4
5903771882149, Figi Model Kayla 5027 Black - Lapinee ,Lapinee,8,Figi 5027 KAYLA,Lapinee,8,Figi Lapinee 5027 Kayla S-XL,Lapinee,3
5903771882156, Figi Model Kayla 5027 Black - Lapinee ,Lapinee,6,Figi 5027 KAYLA,Lapinee,6,Figi Lapinee 5027 Kayla S-XL,Lapinee,1
5903771882163, Figi Model Kayla 5027 Black - Lapinee ,Lapinee,10,Figi 5027 KAYLA,Lapinee,9,Figi Lapinee 5027 Kayla S-XL,Lapinee,8
5903771882170, Figi Model Pola 5013 White - Lapinee ,Lapinee,2,Figi 5013 POLA,Lapinee,5,Figi Lapinee 5013 Pola S-XL,Lapinee,3
5903771882187, Figi Model Pola 5013 White - Lapinee ,Lapinee,1,Figi 5013 POLA,Lapinee,6,Figi Lapinee 5013 Pola S-XL,Lapinee,8
5903771882194, Figi Model Pola 5013 White - Lapinee ,Lapinee,0,Figi 5013 POLA,Lapinee,8,Figi Lapinee 5013 Pola S-XL,Lapinee,17
5903771882200, Figi Model Pola 5013 White - Lapinee ,Lapinee,2,Figi 5013 POLA,Lapinee,6,Figi Lapinee 5013 Pola S-XL,Lapinee,13
5903771882217, Figi Model Pola 5013 White - Lapinee ,Lapinee,3,Figi 5013 POLA,Lapinee,7,Figi Lapinee 5013 Pola S-XL,Lapinee,5
5903771882224, Figi Model Brigitte 5028 Beige - Lapinee ,Lapinee,10,Figi 5028 BRIGITTE,Lapinee,6,Figi Lapinee 5028 Brigitte S-XL,Lapinee,3
5903771882231, Figi Model Brigitte 5028 Beige - Lapinee ,Lapinee,8,Figi 5028 BRIGITTE,Lapinee,8,Figi Lapinee 5028 Brigitte S-XL,Lapinee,10
5903771882248, Figi Model Brigitte 5028 Beige - Lapinee ,Lapinee,13,Figi 5028 BRIGITTE,Lapinee,12,Figi Lapinee 5028 Brigitte S-XL,Lapinee,9
5903771882255, Figi Model Brigitte 5028 Beige - Lapinee ,Lapinee,10,Figi 5028 BRIGITTE,Lapinee,7,Figi Lapinee 5028 Brigitte S-XL,Lapinee,4
5903771882262, Figi Model Brigitte 5028 Black - Lapinee ,Lapinee,10,Figi 5028 BRIGITTE,Lapinee,7,Figi Lapinee 5028 Brigitte S-XL,Lapinee,3
5903771882279, Figi Model Brigitte 5028 Black - Lapinee ,Lapinee,9,Figi 5028 BRIGITTE,Lapinee,8,Figi Lapinee 5028 Brigitte S-XL,Lapinee,3
5903771882286, Figi Model Brigitte 5028 Black - Lapinee ,Lapinee,10,Figi 5028 BRIGITTE,Lapinee,9,Figi Lapinee 5028 Brigitte S-XL,Lapinee,6
5903771882293, Figi Model Brigitte 5028 Black - Lapinee ,Lapinee,8,Figi 5028 BRIGITTE,Lapinee,7,Figi Lapinee 5028 Brigitte S-XL,Lapinee,7
5903771882309, Figi Model Frida 5029 Beige - Lapinee ,Lapinee,11,Figi 5029 FRIDA,Lapinee,7,Figi Lapinee 5029 Frida S-2XL,Lapinee,2
5903771882354, Figi Model Frida 5029 Black - Lapinee ,Lapinee,7,Figi 5029 FRIDA,Lapinee,7,Figi Lapinee 5029 Frida S-2XL,Lapinee,7
5903771882408, Stringi Model Lea 5030 Beige - Lapinee ,Lapinee,15,Stringi 5030 LEA,Lapinee,10,Stringi Lapinee 5030 Lea S-XL,Lapinee,22
5903771882415, Stringi Model Lea 5030 Beige - Lapinee ,Lapinee,9,Stringi 5030 LEA,Lapinee,9,Stringi Lapinee 5030 Lea S-XL,Lapinee,12
5903771882422, Stringi Model Lea 5030 Beige - Lapinee ,Lapinee,9,Stringi 5030 LEA,Lapinee,9,Stringi Lapinee 5030 Lea S-XL,Lapinee,19
5903771882439, Stringi Model Lea 5030 Beige - Lapinee ,Lapinee,4,Stringi 5030 LEA,Lapinee,2,Stringi Lapinee 5030 Lea S-XL,Lapinee,2
5903771882446, Stringi Model Lea 5030 Black - Lapinee ,Lapinee,13,Stringi 5030 LEA,Lapinee,12,Stringi Lapinee 5030 Lea S-XL,Lapinee,2
5903771882453, Stringi Model Lea 5030 Black - Lapinee ,Lapinee,18,Stringi 5030 LEA,Lapinee,17,Stringi Lapinee 5030 Lea S-XL,Lapinee,5
5903771882460, Stringi Model Lea 5030 Black - Lapinee ,Lapinee,13,Stringi 5030 LEA,Lapinee,12,Stringi Lapinee 5030 Lea S-XL,Lapinee,6
5903771882477, Stringi Model Lea 5030 Black - Lapinee ,Lapinee,8,Stringi 5030 LEA,Lapinee,7,Stringi Lapinee 5030 Lea S-XL,Lapinee,3
5903771882521, Figi Model Zula 5024 Beige - Lapinee ,Lapinee,0,Figi 5024 ZULA,Lapinee,9,Figi Lapinee 5024 Zula S-3XL,Lapinee,6
5903771882538, Figi Model Zula 5024 Beige - Lapinee ,Lapinee,0,Figi 5024 ZULA,Lapinee,13,Figi Lapinee 5024 Zula S-3XL,Lapinee,12
5903771882576, Figi Model Greta 5031 Beige - Lapinee ,Lapinee,13,Figi 5031 GRETA,Lapinee,9,Figi Lapinee 5031 Greta S-2XL,Lapinee,2
5903771882620, Figi Model Greta 5031 Black - Lapinee ,Lapinee,9,Figi 5031 GRETA,Lapinee,9,Figi Lapinee 5031 Greta S-2XL,Lapinee,1
5903771882712, Figi Model Taylor 5032 Beige - Lapinee ,Lapinee,3,Figi 5032 TAYLOR,Lapinee,0,Figi Lapinee 5032 Taylor Brazyliany S-2XL,Lapinee,2
5903771882804, Figi Model Risa 5033 Beige - Lapinee ,Lapinee,0,Figi 5033 RISA,Lapinee,0,Figi Lapinee 5033 Risa Brazyliany S-2XL,Lapinee,2
5903771882811, Figi Model Risa 5033 Beige - Lapinee ,Lapinee,2,Figi 5033 RISA,Lapinee,2,Figi Lapinee 5033 Risa Brazyliany S-2XL,Lapinee,1
5903771882873, Figi Model Meave 5034 Beige - Lapinee ,Lapinee,3,Figi 5034 MEAVE,Lapinee,11,Figi Lapinee 5034 Meave S-2XL,Lapinee,11
5903771882880, Figi Model Meave 5034 Beige - Lapinee ,Lapinee,0,Figi 5034 MEAVE,Lapinee,9,Figi Lapinee 5034 Meave S-2XL,Lapinee,14
5903771882897, Figi Model Meave 5034 Beige - Lapinee ,Lapinee,0,Figi 5034 MEAVE,Lapinee,7,Figi Lapinee 5034 Meave S-2XL,Lapinee,14
5903771882903, Figi Model Meave 5034 Beige - Lapinee ,Lapinee,0,Figi 5034 MEAVE,Lapinee,9,Figi Lapinee 5034 Meave S-2XL,Lapinee,7
5903771882910, Figi Model Meave 5034 Beige - Lapinee ,Lapinee,0,Figi 5034 MEAVE,Lapinee,7,Figi Lapinee 5034 Meave S-2XL,Lapinee,9
5903771882927, Figi Model Meave 5034 Black - Lapinee ,Lapinee,0,Figi 5034 MEAVE,Lapinee,7,Figi Lapinee 5034 Meave S-2XL,Lapinee,1
5903771882934, Figi Model Meave 5034 Black - Lapinee ,Lapinee,0,Figi 5034 MEAVE,Lapinee,14,Figi Lapinee 5034 Meave S-2XL,Lapinee,8
5903771882941, Figi Model Meave 5034 Black - Lapinee ,Lapinee,0,Figi 5034 MEAVE,Lapinee,2,Figi Lapinee 5034 Meave S-2XL,Lapinee,3
5903771882958, Figi Model Meave 5034 Black - Lapinee ,Lapinee,0,Figi 5034 MEAVE,Lapinee,2,Figi Lapinee 5034 Meave S-2XL,Lapinee,3
5903771882965, Figi Model Meave 5034 Black - Lapinee ,Lapinee,0,Figi 5034 MEAVE,Lapinee,4,Figi Lapinee 5034 Meave S-2XL,Lapinee,1
5903771882972, Figi Model Ruby 5035 Beige - Lapinee ,Lapinee,6,Figi 5035 RUBY,Lapinee,6,Figi Lapinee 5035 Ruby S-2XL,Lapinee,11
5903771882989, Figi Model Ruby 5035 Beige - Lapinee ,Lapinee,7,Figi 5035 RUBY,Lapinee,7,Figi Lapinee 5035 Ruby S-2XL,Lapinee,8
5903771882996, Figi Model Ruby 5035 Beige - Lapinee ,Lapinee,10,Figi 5035 RUBY,Lapinee,10,Figi Lapinee 5035 Ruby S-2XL,Lapinee,8
5903771883009, Figi Model Ruby 5035 Beige - Lapinee ,Lapinee,14,Figi 5035 RUBY,Lapinee,11,Figi Lapinee 5035 Ruby S-2XL,Lapinee,6
5903771883016, Figi Model Ruby 5035 Beige - Lapinee ,Lapinee,10,Figi 5035 RUBY,Lapinee,10,Figi Lapinee 5035 Ruby S-2XL,Lapinee,4
5903771883023, Figi Model Ruby 5035 Black - Lapinee ,Lapinee,11,Figi 5035 RUBY,Lapinee,8,Figi Lapinee 5035 Ruby S-2XL,Lapinee,5
5903771883030, Figi Model Ruby 5035 Black - Lapinee ,Lapinee,9,Figi 5035 RUBY,Lapinee,7,Figi Lapinee 5035 Ruby S-2XL,Lapinee,6
5903771883047, Figi Model Ruby 5035 Black - Lapinee ,Lapinee,10,Figi 5035 RUBY,Lapinee,10,Figi Lapinee 5035 Ruby S-2XL,Lapinee,5
5903771883054, Figi Model Ruby 5035 Black - Lapinee ,Lapinee,11,Figi 5035 RUBY,Lapinee,11,Figi Lapinee 5035 Ruby S-2XL,Lapinee,6
5903771883061, Figi Model Ruby 5035 Black - Lapinee ,Lapinee,12,Figi 5035 RUBY,Lapinee,12,Figi Lapinee 5035 Ruby S-2XL,Lapinee,3
5903771883078, Figi Model Giula 5036 Beige - Lapinee ,Lapinee,10,Figi 5036 GIULA,Lapinee,9,Figi Lapinee 5036 Giula S-2XL,Lapinee,2
5903771883085, Figi Model Giula 5036 Beige - Lapinee ,Lapinee,10,Figi 5036 GIULA,Lapinee,10,Figi Lapinee 5036 Giula S-2XL,Lapinee,10
5903771883092, Figi Model Giula 5036 Beige - Lapinee ,Lapinee,11,Figi 5036 GIULA,Lapinee,11,Figi Lapinee 5036 Giula S-2XL,Lapinee,6
5903771883108, Figi Model Giula 5036 Beige - Lapinee ,Lapinee,8,Figi 5036 GIULA,Lapinee,5,Figi Lapinee 5036 Giula S-2XL,Lapinee,6
5903771883115, Figi Model Giula 5036 Beige - Lapinee ,Lapinee,3,Figi 5036 GIULA,Lapinee,3,Figi Lapinee 5036 Giula S-2XL,Lapinee,5
5903771883122, Figi Model Giula 5036 Black - Lapinee ,Lapinee,12,Figi 5036 GIULA,Lapinee,9,Figi Lapinee 5036 Giula S-2XL,Lapinee,6
5903771883139, Figi Model Giula 5036 Black - Lapinee ,Lapinee,11,Figi 5036 GIULA,Lapinee,11,Figi Lapinee 5036 Giula S-2XL,Lapinee,8
5903771883146, Figi Model Giula 5036 Black - Lapinee ,Lapinee,10,Figi 5036 GIULA,Lapinee,10,Figi Lapinee 5036 Giula S-2XL,Lapinee,6
5903771883153, Figi Model Giula 5036 Black - Lapinee ,Lapinee,9,Figi 5036 GIULA,Lapinee,5,Figi Lapinee 5036 Giula S-2XL,Lapinee,9
5903771883160, Figi Model Giula 5036 Black - Lapinee ,Lapinee,6,Figi 5036 GIULA,Lapinee,5,Figi Lapinee 5036 Giula S-2XL,Lapinee,6
5903771883177, Figi Model Nita 7002 Beige - Lapinee ,Lapinee,0,Figi 7002 NITA,Lapinee,0,Figi Lapinee 7002 Nita S-2XL,Lapinee,1
5903771883184, Figi Model Nita 7002 Beige - Lapinee ,Lapinee,8,Figi 7002 NITA,Lapinee,8,Figi Lapinee 7002 Nita S-2XL,Lapinee,6
5903771883191, Figi Model Nita 7002 Beige - Lapinee ,Lapinee,7,Figi 7002 NITA,Lapinee,7,Figi Lapinee 7002 Nita S-2XL,Lapinee,9
5903771883207, Figi Model Nita 7002 Beige - Lapinee ,Lapinee,7,Figi 7002 NITA,Lapinee,7,Figi Lapinee 7002 Nita S-2XL,Lapinee,6
5903771883283, Figi Model Aya 5037 Black - Lapinee ,Lapinee,10,Figi 5037 AYA,Lapinee,10,Figi Lapinee 5037 Aya S-2XL,Lapinee,8
5903771883290, Figi Model Aya 5037 Black - Lapinee ,Lapinee,11,Figi 5037 AYA,Lapinee,11,Figi Lapinee 5037 Aya S-2XL,Lapinee,8
5903771883306, Figi Model Aya 5037 Black - Lapinee ,Lapinee,12,Figi 5037 AYA,Lapinee,12,Figi Lapinee 5037 Aya S-2XL,Lapinee,10
5903771883313, Figi Model Aya 5037 Black - Lapinee ,Lapinee,5,Figi 5037 AYA,Lapinee,5,Figi Lapinee 5037 Aya S-2XL,Lapinee,9
5903771883337, Figi Model Aya 5037 Beige - Lapinee ,Lapinee,7,Figi 5037 AYA,Lapinee,7,Figi Lapinee 5037 Aya S-2XL,Lapinee,16
5903771883344, Figi Model Aya 5037 Beige - Lapinee ,Lapinee,0,Figi 5037 AYA,Lapinee,0,Figi Lapinee 5037 Aya S-2XL,Lapinee,12
5903771883351, Figi Model Aya 5037 Beige - Lapinee ,Lapinee,0,Figi 5037 AYA,Lapinee,0,Figi Lapinee 5037 Aya S-2XL,Lapinee,8
5903771883382, Figi Model Molly 5038 Black - Lapinee ,Lapinee,12,Figi 5038 MOLLY,Lapinee,12,Figi Lapinee 5038 Molly S-2XL,Lapinee,7
5903771883399, Figi Model Molly 5038 Black - Lapinee ,Lapinee,8,Figi 5038 MOLLY,Lapinee,8,Figi Lapinee 5038 Molly S-2XL,Lapinee,9
5903771883405, Figi Model Molly 5038 Black - Lapinee ,Lapinee,11,Figi 5038 MOLLY,Lapinee,11,Figi Lapinee 5038 Molly S-2XL,Lapinee,7
5903771883412, Figi Model Molly 5038 Black - Lapinee ,Lapinee,11,Figi 5038 MOLLY,Lapinee,11,Figi Lapinee 5038 Molly S-2XL,Lapinee,7
5903771883429, Figi Model Molly 5038 Black - Lapinee ,Lapinee,5,Figi 5038 MOLLY,Lapinee,3,Figi Lapinee 5038 Molly S-2XL,Lapinee,8
5903771883436, Figi Model Molly 5038 Beige - Lapinee ,Lapinee,14,Figi 5038 MOLLY,Lapinee,11,Figi Lapinee 5038 Molly S-2XL,Lapinee,4
5903771883443, Figi Model Molly 5038 Beige - Lapinee ,Lapinee,8,Figi 5038 MOLLY,Lapinee,8,Figi Lapinee 5038 Molly S-2XL,Lapinee,14
5903771883450, Figi Model Molly 5038 Beige - Lapinee ,Lapinee,19,Figi 5038 MOLLY,Lapinee,16,Figi Lapinee 5038 Molly S-2XL,Lapinee,16
5903771883467, Figi Model Molly 5038 Beige - Lapinee ,Lapinee,14,Figi 5038 MOLLY,Lapinee,13,Figi Lapinee 5038 Molly S-2XL,Lapinee,18
5903771883474, Figi Model Molly 5038 Beige - Lapinee ,Lapinee,8,Figi 5038 MOLLY,Lapinee,7,Figi Lapinee 5038 Molly S-2XL,Lapinee,5
5903771883481, Stringi Model Elif 5039 Black - Lapinee ,Lapinee,12,Stringi 5039 ELIF,Lapinee,10,Figi Lapinee 5039 Elif S-2XL,Lapinee,8
5903771883498, Stringi Model Elif 5039 Black - Lapinee ,Lapinee,6,Stringi 5039 ELIF,Lapinee,6,Figi Lapinee 5039 Elif S-2XL,Lapinee,9
5903771883504, Stringi Model Elif 5039 Black - Lapinee ,Lapinee,9,Stringi 5039 ELIF,Lapinee,9,Figi Lapinee 5039 Elif S-2XL,Lapinee,7
5903771883511, Stringi Model Elif 5039 Black - Lapinee ,Lapinee,2,Stringi 5039 ELIF,Lapinee,2,Figi Lapinee 5039 Elif S-2XL,Lapinee,10
5903771883535, Stringi Model Elif 5039 Beige - Lapinee ,Lapinee,14,Stringi 5039 ELIF,Lapinee,11,Figi Lapinee 5039 Elif S-2XL,Lapinee,7
5903771883542, Stringi Model Elif 5039 Beige - Lapinee ,Lapinee,13,Stringi 5039 ELIF,Lapinee,11,Figi Lapinee 5039 Elif S-2XL,Lapinee,7
5903771883559, Stringi Model Elif 5039 Beige - Lapinee ,Lapinee,11,Stringi 5039 ELIF,Lapinee,10,Figi Lapinee 5039 Elif S-2XL,Lapinee,11
5903771883566, Stringi Model Elif 5039 Beige - Lapinee ,Lapinee,4,Stringi 5039 ELIF,Lapinee,4,Figi Lapinee 5039 Elif S-2XL,Lapinee,4
5903771883573, Stringi Model Elif 5039 Beige - Lapinee ,Lapinee,5,Stringi 5039 ELIF,Lapinee,5,Figi Lapinee 5039 Elif S-2XL,Lapinee,1
5903771883580, Koszulka nocna Koszulka Model Linda 8001 Black - Lapinee ,Lapinee,7,Koszulka 8001 LINDA,Lapinee,7,Koszulka Lapinee 8001 Linda w/r S-2XL,Lapinee,1
5903771883597, Koszulka nocna Koszulka Model Linda 8001 Black - Lapinee ,Lapinee,9,Koszulka 8001 LINDA,Lapinee,9,Koszulka Lapinee 8001 Linda w/r S-2XL,Lapinee,4
5903771883603, Koszulka nocna Koszulka Model Linda 8001 Black - Lapinee ,Lapinee,9,Koszulka 8001 LINDA,Lapinee,7,Koszulka Lapinee 8001 Linda w/r S-2XL,Lapinee,3
5903771883610, Koszulka nocna Koszulka Model Linda 8001 Black - Lapinee ,Lapinee,9,Koszulka 8001 LINDA,Lapinee,8,Koszulka Lapinee 8001 Linda w/r S-2XL,Lapinee,4
5903771883634, Koszulka nocna Koszulka Model Linda 8001 Beige - Lapinee ,Lapinee,7,Koszulka 8001 LINDA,Lapinee,7,Koszulka Lapinee 8001 Linda w/r S-2XL,Lapinee,6
5903771883641, Koszulka nocna Koszulka Model Linda 8001 Beige - Lapinee ,Lapinee,14,Koszulka 8001 LINDA,Lapinee,13,Koszulka Lapinee 8001 Linda w/r S-2XL,Lapinee,7
5903771883658, Koszulka nocna Koszulka Model Linda 8001 Beige - Lapinee ,Lapinee,7,Koszulka 8001 LINDA,Lapinee,6,Koszulka Lapinee 8001 Linda w/r S-2XL,Lapinee,6
5903771883665, Koszulka nocna Koszulka Model Linda 8001 Beige - Lapinee ,Lapinee,11,Koszulka 8001 LINDA,Lapinee,9,Koszulka Lapinee 8001 Linda w/r S-2XL,Lapinee,5
5903771883672, Koszulka nocna Koszulka Model Linda 8001 Beige - Lapinee ,Lapinee,6,Koszulka 8001 LINDA,Lapinee,4,Koszulka Lapinee 8001 Linda w/r S-2XL,Lapinee,2
5903771883719, Figi Brazyliany Model Tilly 5040 Beige - Lapinee ,Lapinee,11,Figi 5040 TILLY,Lapinee,7,Figi Lapinee 5040 Tilly S-2XL,Lapinee,12
5903771883726, Figi Brazyliany Model Tilly 5040 Beige - Lapinee ,Lapinee,16,Figi 5040 TILLY,Lapinee,10,Figi Lapinee 5040 Tilly S-2XL,Lapinee,24
5903771883733, Figi Brazyliany Model Tilly 5040 Beige - Lapinee ,Lapinee,20,Figi 5040 TILLY,Lapinee,16,Figi Lapinee 5040 Tilly S-2XL,Lapinee,20
5903771883740, Figi Brazyliany Model Tilly 5040 Beige - Lapinee ,Lapinee,8,Figi 5040 TILLY,Lapinee,3,Figi Lapinee 5040 Tilly S-2XL,Lapinee,17
5903771883757, Figi Brazyliany Model Tilly 5040 Beige - Lapinee ,Lapinee,8,Figi 5040 TILLY,Lapinee,3,Figi Lapinee 5040 Tilly S-2XL,Lapinee,8
5903771883764, Figi Brazyliany Model Tilly 5040 Black - Lapinee ,Lapinee,11,Figi 5040 TILLY,Lapinee,6,Figi Lapinee 5040 Tilly S-2XL,Lapinee,16
5903771883771, Figi Brazyliany Model Tilly 5040 Black - Lapinee ,Lapinee,9,Figi 5040 TILLY,Lapinee,5,Figi Lapinee 5040 Tilly S-2XL,Lapinee,18
5903771883788, Figi Brazyliany Model Tilly 5040 Black - Lapinee ,Lapinee,11,Figi 5040 TILLY,Lapinee,7,Figi Lapinee 5040 Tilly S-2XL,Lapinee,19
5903771883795, Figi Brazyliany Model Tilly 5040 Black - Lapinee ,Lapinee,11,Figi 5040 TILLY,Lapinee,7,Figi Lapinee 5040 Tilly S-2XL,Lapinee,17
5903771883801, Figi Brazyliany Model Tilly 5040 Black - Lapinee ,Lapinee,9,Figi 5040 TILLY,Lapinee,5,Figi Lapinee 5040 Tilly S-2XL,Lapinee,9
5903771883818, Figi Model Aurora 5041 Beige - Lapinee ,Lapinee,10,Figi 5041 AURORA,Lapinee,7,Figi Lapinee 5041 Aurora S-2XL,Lapinee,11
5903771883825, Figi Model Aurora 5041 Beige - Lapinee ,Lapinee,14,Figi 5041 AURORA,Lapinee,12,Figi Lapinee 5041 Aurora S-2XL,Lapinee,15
5903771883832, Figi Model Aurora 5041 Beige - Lapinee ,Lapinee,8,Figi 5041 AURORA,Lapinee,6,Figi Lapinee 5041 Aurora S-2XL,Lapinee,14
5903771883849, Figi Model Aurora 5041 Beige - Lapinee ,Lapinee,13,Figi 5041 AURORA,Lapinee,10,Figi Lapinee 5041 Aurora S-2XL,Lapinee,16
5903771883856, Figi Model Aurora 5041 Beige - Lapinee ,Lapinee,10,Figi 5041 AURORA,Lapinee,8,Figi Lapinee 5041 Aurora S-2XL,Lapinee,11
5903771883863, Figi Model Aurora 5041 Black - Lapinee ,Lapinee,13,Figi 5041 AURORA,Lapinee,10,Figi Lapinee 5041 Aurora S-2XL,Lapinee,10
5903771883870, Figi Model Aurora 5041 Black - Lapinee ,Lapinee,8,Figi 5041 AURORA,Lapinee,7,Figi Lapinee 5041 Aurora S-2XL,Lapinee,9
5903771883887, Figi Model Aurora 5041 Black - Lapinee ,Lapinee,7,Figi 5041 AURORA,Lapinee,7,Figi Lapinee 5041 Aurora S-2XL,Lapinee,8
5903771883894, Figi Model Aurora 5041 Black - Lapinee ,Lapinee,10,Figi 5041 AURORA,Lapinee,10,Figi Lapinee 5041 Aurora S-2XL,Lapinee,12
5903771883900, Figi Model Aurora 5041 Black - Lapinee ,Lapinee,5,Figi 5041 AURORA,Lapinee,4,Figi Lapinee 5041 Aurora S-2XL,Lapinee,8
5903771883917, Figi Model Evelyn 5042 Beige - Lapinee ,Lapinee,13,Figi 5042 EVELYN,Lapinee,8,Figi Lapinee 5042 Evelyn S-2XL,Lapinee,6
5903771883924, Figi Model Evelyn 5042 Beige - Lapinee ,Lapinee,13,Figi 5042 EVELYN,Lapinee,8,Figi Lapinee 5042 Evelyn S-2XL,Lapinee,13
5903771883931, Figi Model Evelyn 5042 Beige - Lapinee ,Lapinee,12,Figi 5042 EVELYN,Lapinee,7,Figi Lapinee 5042 Evelyn S-2XL,Lapinee,13
5903771883948, Figi Model Evelyn 5042 Beige - Lapinee ,Lapinee,12,Figi 5042 EVELYN,Lapinee,7,Figi Lapinee 5042 Evelyn S-2XL,Lapinee,8
5903771883955, Figi Model Evelyn 5042 Beige - Lapinee ,Lapinee,7,Figi 5042 EVELYN,Lapinee,2,Figi Lapinee 5042 Evelyn S-2XL,Lapinee,6
5903771883962, Figi Model Evelyn 5042 Black - Lapinee ,Lapinee,7,Figi 5042 EVELYN,Lapinee,5,Figi Lapinee 5042 Evelyn S-2XL,Lapinee,6
5903771883979, Figi Model Evelyn 5042 Black - Lapinee ,Lapinee,15,Figi 5042 EVELYN,Lapinee,11,Figi Lapinee 5042 Evelyn S-2XL,Lapinee,4
5903771883986, Figi Model Evelyn 5042 Black - Lapinee ,Lapinee,14,Figi 5042 EVELYN,Lapinee,9,Figi Lapinee 5042 Evelyn S-2XL,Lapinee,6
5903771883993, Figi Model Evelyn 5042 Black - Lapinee ,Lapinee,15,Figi 5042 EVELYN,Lapinee,10,Figi Lapinee 5042 Evelyn S-2XL,Lapinee,6
5903771884006, Figi Model Evelyn 5042 Black - Lapinee ,Lapinee,7,Figi 5042 EVELYN,Lapinee,2,Figi Lapinee 5042 Evelyn S-2XL,Lapinee,7
5903972278017, Figi Model Allysa 41330-80X Beige - Henderson ,Henderson,0,Figi 41330,Henderson,0,Figi Henderson Ladies 41330 Allysa S-XL,Henderson Ladies,1
5903972278024, Figi Model Allysa 41330-80X Beige - Henderson ,Henderson,4,Figi 41330,Henderson,4,Figi Henderson Ladies 41330 Allysa S-XL,Henderson Ladies,3
5903972332092, Szlafrok Damski Model Fudge 41948-80X Beige - Henderson ,Henderson,0,Szlafrok 41948,Henderson,3,Szlafrok Henderson Ladies 41948 Fudge S-XL,Henderson Ladies,2
5903972377284, Figi brazyliany Model Noche 42583-24X Brzoskwinia - Henderson ,Henderson,2,Figi 42583,Henderson,2,Figi Henderson Ladies 42583 Noche S-XL,Henderson Ladies,2
5903972377772, Piżama Damska Model Naturaleza 42660-07X Green - Henderson ,Henderson,0,Piżama 42660,Henderson,0,,,1
5903972379455,  Komplet Bokserki Model Shield 42588-MLC 2pack Navy - Henderson ,Henderson,0,Bokserki 42588,Henderson,0,Bokserki Henderson 42588 Shield A2 M-3XL,Henderson,1
5903972379523,  Komplet Bokserki Model Shield 2 42620 2pack Multicolor - Henderson ,Henderson,0,Bokserki 42620,Henderson,0,Bokserki Henderson 42620 Shield A2 M-3XL,Henderson,9
5903972380826,  Komplet Bokserki Model Domme 42827-99X 2pack Black - Henderson ,Henderson,2,Bokserki 42827,Henderson,2,Bokserki Henderson 42827 Domme A2 M-3XL,Henderson,2
5903972380956,  Kąpielówki Model Race 42640-59X Navy - Henderson ,Henderson,0,Szorty kąpielowe 42640,Henderson,0,Bokserki kąpielowe Henderson 42640 Race M-4XL,Henderson,4
5903972380994,  Kąpielówki Model Race 42640-59X Navy - Henderson ,Henderson,0,Szorty kąpielowe 42640,Henderson,0,Bokserki kąpielowe Henderson 42640 Race M-4XL,Henderson,1
5903972381014,  Kąpielówki Model Race 42640-99X Black - Henderson ,Henderson,3,Szorty kąpielowe 42640,Henderson,3,Bokserki kąpielowe Henderson 42640 Race M-4XL,Henderson,4
5903972381052,  Kąpielówki Model Race 42640-99X Black - Henderson ,Henderson,0,Szorty kąpielowe 42640,Henderson,0,Bokserki kąpielowe Henderson 42640 Race M-4XL,Henderson,1
5903972381199,  Kąpielówki Model Radon 42607-59X Navy - Henderson ,Henderson,0,Szorty kąpielowe 42607,Henderson,0,Bokserki kąpielowe Henderson 42607 Radon M-4XL,Henderson,4
5903972381229,  Kąpielówki Model Radon 42607-59X Navy - Henderson ,Henderson,0,Szorty kąpielowe 42607,Henderson,1,Bokserki kąpielowe Henderson 42607 Radon M-4XL,Henderson,2
5903972381236,  Kąpielówki Model Radon 42607-59X Navy - Henderson ,Henderson,0,Szorty kąpielowe 42607,Henderson,0,Bokserki kąpielowe Henderson 42607 Radon M-4XL,Henderson,1
5903972381250,  Kąpielówki Model Radon 42607-99X Black - Henderson ,Henderson,0,Szorty kąpielowe 42607,Henderson,0,Bokserki kąpielowe Henderson 42607 Radon M-4XL,Henderson,2
5903972381298,  Kąpielówki Model Radon 42607-99X Black - Henderson ,Henderson,0,Szorty kąpielowe 42607,Henderson,0,Bokserki kąpielowe Henderson 42607 Radon M-4XL,Henderson,2
5903972381656,  Kąpielówki Model Raven 42610-83X Bordo - Henderson ,Henderson,0,Szorty kąpielowe 42610,Henderson,0,Szorty kąpielowe Henderson 42610 Raven M-4XL,Henderson,4
5903972381663,  Kąpielówki Model Raven 42610-83X Bordo - Henderson ,Henderson,3,Szorty kąpielowe 42610,Henderson,0,Szorty kąpielowe Henderson 42610 Raven M-4XL,Henderson,3
5903972381793,  Kąpielówki Model Rav 42612-59X Navy - Henderson ,Henderson,1,Szorty kąpielowe 42612,Henderson,0,Szorty kąpielowe Henderson 42612 Raw M-4XL,Henderson,1
5903972381847,  Kąpielówki Model Rav 42612-59X Navy - Henderson ,Henderson,2,Szorty kąpielowe 42612,Henderson,0,Szorty kąpielowe Henderson 42612 Raw M-4XL,Henderson,4
5903972381915,  Kąpielówki Model React 42613-77X Green - Henderson ,Henderson,2,Szorty kąpielowe 42613,Henderson,0,Szorty kąpielowe Henderson 42613 React M-4XL,Henderson,5
5903972381939,  Kąpielówki Model React 42613-77X Green - Henderson ,Henderson,2,Szorty kąpielowe 42613,Henderson,0,Szorty kąpielowe Henderson 42613 React M-4XL,Henderson,1
5903972381953,  Kąpielówki Model React 42613-77X Green - Henderson ,Henderson,2,Szorty kąpielowe 42613,Henderson,0,Szorty kąpielowe Henderson 42613 React M-4XL,Henderson,1
5903972381960,  Kąpielówki Model React 42613-77X Green - Henderson ,Henderson,3,Szorty kąpielowe 42613,Henderson,0,Szorty kąpielowe Henderson 42613 React M-4XL,Henderson,7
5903972383971, Biustonosz Soft Model Bird 42849 Black - Henderson ,Henderson,4,Biustonosz 42849,Henderson,4,Biustonosz/Top Henderson Ladies 42849 Bird S-2XL,Henderson Ladies,5
5903972383988, Biustonosz Soft Model Bird 42849 Black - Henderson ,Henderson,3,Biustonosz 42849,Henderson,3,Biustonosz/Top Henderson Ladies 42849 Bird S-2XL,Henderson Ladies,3
5903972383995, Biustonosz Soft Model Bird 42849 Black - Henderson ,Henderson,1,Biustonosz 42849,Henderson,1,Biustonosz/Top Henderson Ladies 42849 Bird S-2XL,Henderson Ladies,9
5903972384039, Biustonosz Soft Model Bird 42849 Mocca - Henderson ,Henderson,5,Biustonosz 42849,Henderson,5,Biustonosz/Top Henderson Ladies 42849 Bird S-2XL,Henderson Ladies,5
5903972384046, Biustonosz Soft Model Bird 42849 Mocca - Henderson ,Henderson,4,Biustonosz 42849,Henderson,4,Biustonosz/Top Henderson Ladies 42849 Bird S-2XL,Henderson Ladies,5
5903972384053, Biustonosz Soft Model Bird 42849 Mocca - Henderson ,Henderson,3,Biustonosz 42849,Henderson,3,Biustonosz/Top Henderson Ladies 42849 Bird S-2XL,Henderson Ladies,6
5903972384060, Biustonosz push up Biustonosz Usztywniany Model Bake 42850-99X Black - Henderson ,Henderson,0,Biustonosz 42850,Henderson,0,Biustonosz/Top Henderson Ladies 42850 Bake S-XL,Henderson Ladies,8
5903972384077, Biustonosz push up Biustonosz Usztywniany Model Bake 42850-99X Black - Henderson ,Henderson,0,Biustonosz 42850,Henderson,0,Biustonosz/Top Henderson Ladies 42850 Bake S-XL,Henderson Ladies,7
5903972384084, Biustonosz push up Biustonosz Usztywniany Model Bake 42850-99X Black - Henderson ,Henderson,0,Biustonosz 42850,Henderson,0,Biustonosz/Top Henderson Ladies 42850 Bake S-XL,Henderson Ladies,7
5903972384091, Biustonosz push up Biustonosz Usztywniany Model Bake 42850-02X Wanilia - Henderson ,Henderson,0,Biustonosz 42850,Henderson,0,Biustonosz/Top Henderson Ladies 42850 Bake S-XL,Henderson Ladies,9
5903972384114, Biustonosz push up Biustonosz Usztywniany Model Bake 42850-02X Wanilia - Henderson ,Henderson,0,Biustonosz 42850,Henderson,0,Biustonosz/Top Henderson Ladies 42850 Bake S-XL,Henderson Ladies,13
5903972384121, Biustonosz push up Biustonosz Usztywniany Model Bake 42850-34X Dirty Pink - Henderson ,Henderson,0,Biustonosz 42850,Henderson,0,Biustonosz/Top Henderson Ladies 42850 Bake S-XL,Henderson Ladies,7
5903972384138, Biustonosz push up Biustonosz Usztywniany Model Bake 42850-34X Dirty Pink - Henderson ,Henderson,0,Biustonosz 42850,Henderson,0,Biustonosz/Top Henderson Ladies 42850 Bake S-XL,Henderson Ladies,4
5903972384145, Biustonosz push up Biustonosz Usztywniany Model Bake 42850-34X Dirty Pink - Henderson ,Henderson,0,Biustonosz 42850,Henderson,0,Biustonosz/Top Henderson Ladies 42850 Bake S-XL,Henderson Ladies,4
5903972384244," Gorsety, body, pasy Body Model Byte 42852 Black - Henderson ",Henderson,0,Body 42852,Henderson,0,Body Henderson Ladies 42852 Byte S-2XL,Henderson Ladies,3
5903972384251," Gorsety, body, pasy Body Model Byte 42852 Black - Henderson ",Henderson,0,Body 42852,Henderson,0,Body Henderson Ladies 42852 Byte S-2XL,Henderson Ladies,4
5903972384268," Gorsety, body, pasy Body Model Byte 42852 Black - Henderson ",Henderson,1,Body 42852,Henderson,1,Body Henderson Ladies 42852 Byte S-2XL,Henderson Ladies,4
5903972384275," Gorsety, body, pasy Body Model Byte 42852 Black - Henderson ",Henderson,1,Body 42852,Henderson,1,Body Henderson Ladies 42852 Byte S-2XL,Henderson Ladies,5
5903972384282," Gorsety, body, pasy Body Model Byte 42852 Nude - Henderson ",Henderson,3,Body 42852,Henderson,3,Body Henderson Ladies 42852 Byte S-2XL,Henderson Ladies,7
5903972384299," Gorsety, body, pasy Body Model Byte 42852 Nude - Henderson ",Henderson,0,Body 42852,Henderson,0,Body Henderson Ladies 42852 Byte S-2XL,Henderson Ladies,8
5903972384305," Gorsety, body, pasy Body Model Byte 42852 Nude - Henderson ",Henderson,0,Body 42852,Henderson,0,Body Henderson Ladies 42852 Byte S-2XL,Henderson Ladies,6
5903972384312," Gorsety, body, pasy Body Model Byte 42852 Nude - Henderson ",Henderson,0,Body 42852,Henderson,0,Body Henderson Ladies 42852 Byte S-2XL,Henderson Ladies,5
5903972384732, Komplet Figi Model Bait 1 42856-K001 Beige/Brown - Henderson ,Henderson,2,Figi 42856,Henderson,2,Figi Henderson Ladies 42856-K001 Bait 1 A2 S-2XL,Henderson Ladies,2
5903972384749, Komplet Figi Model Bait 1 42856-K001 Beige/Brown - Henderson ,Henderson,3,Figi 42856,Henderson,3,Figi Henderson Ladies 42856-K001 Bait 1 A2 S-2XL,Henderson Ladies,1
5903972384763, Komplet Figi Model Bait 1 42856-K002 Black/Cegła - Henderson ,Henderson,3,Figi 42856,Henderson,3,Figi Henderson Ladies 42856-K002 Bait 1 A2 S-XL,Henderson Ladies,1
5903972384770, Komplet Figi Model Bait 1 42856-K002 Black/Cegła - Henderson ,Henderson,1,Figi 42856,Henderson,1,Figi Henderson Ladies 42856-K002 Bait 1 A2 S-XL,Henderson Ladies,1
5903972384787, Komplet Figi Model Bait 1 42856-K002 Black/Cegła - Henderson ,Henderson,3,Figi 42856,Henderson,3,Figi Henderson Ladies 42856-K002 Bait 1 A2 S-XL,Henderson Ladies,1
5903972392720,  Piżama Męska Model Mic 43035-05X Blue - Henderson ,Henderson,0,Piżama 43035,Henderson,0,Piżama Henderson 43035 Mic dł/r M-2XL rozpinana,Henderson,2
5903972399262,  Piżama Męska Model Deli 42635-07X Light Green - Henderson ,Henderson,1,Piżama 42635,Henderson,1,Piżama Henderson Premium 42635 Deli kr/r M-3XL,Henderson,12
5903972399316,  Piżama Męska Model Deli 42635-28X Orange - Henderson ,Henderson,1,Piżama 42635,Henderson,1,Piżama Henderson Premium 42635 Deli kr/r M-3XL,Henderson,4
5903972399927,  Piżama Męska Model Surf 42598-59X Navyy - Henderson ,Henderson,0,Piżama 42598,Henderson,0,Piżama Henderson Core 42598 Surf kr/r M-2XL,Henderson,4
5903972547908, Piżama Damska Model Nilsa 42780-84X Brown - Henderson ,Henderson,2,Piżama 42780,Henderson,0,,,1
5903972574072,  Komplet Bokserki Model Main 42971-K001 Black - Henderson ,Henderson,2,Bokserki 42971 K001,Henderson,2,Bokserki Henderson 42971 Main K001 A3 M-3XL,Henderson,2
5903972574096,  Komplet Bokserki Model Main 42971-K001 Black - Henderson ,Henderson,2,Bokserki 42971 K001,Henderson,2,Bokserki Henderson 42971 Main K001 A3 M-3XL,Henderson,1
5903972574119,  Komplet Bokserki Model Main 42971-K001 Black - Henderson ,Henderson,3,Bokserki 42971 K001,Henderson,3,Bokserki Henderson 42971 Main K001 A3 M-3XL,Henderson,2
5903972574270,  Komplet Bokserki Model Main 42971-K005 Black/White/Grey - Henderson ,Henderson,2,Bokserki 42971 K005,Henderson,2,Bokserki Henderson 42971 Main K005 A3 M-3XL,Henderson,1
5903972574287,  Komplet Bokserki Model Main 42971-K005 Black/White/Grey - Henderson ,Henderson,4,Bokserki 42971 K005,Henderson,4,Bokserki Henderson 42971 Main K005 A3 M-3XL,Henderson,1
5903972574294,  Komplet Bokserki Model Main 42971-K005 Black/White/Grey - Henderson ,Henderson,2,Bokserki 42971 K005,Henderson,2,Bokserki Henderson 42971 Main K005 A3 M-3XL,Henderson,1
5903972574300,  Komplet Bokserki Model Main 42971-K005 Black/White/Grey - Henderson ,Henderson,3,Bokserki 42971 K005,Henderson,3,Bokserki Henderson 42971 Main K005 A3 M-3XL,Henderson,2
5903972574317,  Komplet Bokserki Model Main 42971-K005 Black/White/Grey - Henderson ,Henderson,3,Bokserki 42971 K005,Henderson,3,Bokserki Henderson 42971 Main K005 A3 M-3XL,Henderson,2
5903972574638,  Podkoszulek Model Move 42978-99X 2pack Black - Henderson ,Henderson,3,Podkoszulek 42978,Henderson,3,Koszulka Henderson 42978 Move 10 sz/r A2 M-2XL,Henderson,2
5903972574645,  Podkoszulek Model Move 42978-99X 2pack Black - Henderson ,Henderson,2,Podkoszulek 42978,Henderson,2,Koszulka Henderson 42978 Move 10 sz/r A2 M-2XL,Henderson,2
5903972574676,  Komplet Podkoszulek Model Move 42979-MLC White/Grafit - Henderson ,Henderson,1,Podkoszulek 42979,Henderson,1,Koszulka Henderson 42979 Move 11 dł/r M-2XL A2,Henderson,3
5903972574683,  Komplet Podkoszulek Model Move 42979-MLC White/Grafit - Henderson ,Henderson,3,Podkoszulek 42979,Henderson,3,Koszulka Henderson 42979 Move 11 dł/r M-2XL A2,Henderson,6
5903972574690,  Komplet Podkoszulek Model Move 42979-MLC White/Grafit - Henderson ,Henderson,3,Podkoszulek 42979,Henderson,3,Koszulka Henderson 42979 Move 11 dł/r M-2XL A2,Henderson,4
5903972574713,  Komplet Podkoszulek Model Move 42979-MLC White/Grafit - Henderson ,Henderson,4,Podkoszulek 42979,Henderson,4,Koszulka Henderson 42979 Move 11 dł/r M-2XL A2,Henderson,5
5903972574720,  Komplet Podkoszulek Model Move 43000 Black - Henderson ,Henderson,2,Podkoszulek 43000,Henderson,2,Koszulka Henderson 43000 Move 12 dł/r M-2XL A2,Henderson,1
5903972574737,  Komplet Podkoszulek Model Move 43000 Black - Henderson ,Henderson,3,Podkoszulek 43000,Henderson,3,Koszulka Henderson 43000 Move 12 dł/r M-2XL A2,Henderson,2
5903972574744,  Komplet Podkoszulek Model Move 43000 Black - Henderson ,Henderson,3,Podkoszulek 43000,Henderson,3,Koszulka Henderson 43000 Move 12 dł/r M-2XL A2,Henderson,3
5903972574768,  Komplet Podkoszulek Model Move 43000 Black - Henderson ,Henderson,2,Podkoszulek 43000,Henderson,2,Koszulka Henderson 43000 Move 12 dł/r M-2XL A2,Henderson,3
5903972575550,  Komplet Bokserki Model Domme 42827-59X 2pack Navy - Henderson ,Henderson,3,Bokserki 42827,Henderson,3,Bokserki Henderson 42827 Domme A2 M-3XL,Henderson,3
5903972584378," Gorsety, body, pasy Body Model Byte 42852 Black - Henderson ",Henderson,0,Body 42852,Henderson,0,Body Henderson Ladies 42852 Byte S-2XL,Henderson Ladies,4
5903972584385," Gorsety, body, pasy Body Model Byte 42852 Nude - Henderson ",Henderson,1,Body 42852,Henderson,1,Body Henderson Ladies 42852 Byte S-2XL,Henderson Ladies,2
5903972606070, Biustonosz push up Biustonosz Push-up Model Colette 43907 Dirty Pink - Henderson ,Henderson,3,Biustonosz 43907,Henderson,3,Biustonosz push-up Henderson Ladies 43907 Collette,Henderson Ladies,1
5903972606087, Biustonosz push up Biustonosz Push-up Model Colette 43907 Dirty Pink - Henderson ,Henderson,0,Biustonosz 43907,Henderson,0,Biustonosz push-up Henderson Ladies 43907 Collette,Henderson Ladies,4
5903972606094, Biustonosz push up Biustonosz Push-up Model Colette 43907 Dirty Pink - Henderson ,Henderson,3,Biustonosz 43907,Henderson,3,Biustonosz push-up Henderson Ladies 43907 Collette,Henderson Ladies,2
5903972606100, Biustonosz push up Biustonosz Push-up Model Colette 43907 Dirty Pink - Henderson ,Henderson,4,Biustonosz 43907,Henderson,4,Biustonosz push-up Henderson Ladies 43907 Collette,Henderson Ladies,3
5903972606117, Biustonosz push up Biustonosz Push-up Model Colette 43907 Dirty Pink - Henderson ,Henderson,0,Biustonosz 43907,Henderson,0,Biustonosz push-up Henderson Ladies 43907 Collette,Henderson Ladies,2
5903972606124, Biustonosz push up Biustonosz Push-up Model Colette 43907 Dirty Pink - Henderson ,Henderson,0,Biustonosz 43907,Henderson,0,Biustonosz push-up Henderson Ladies 43907 Collette,Henderson Ladies,1
5903972606148, Biustonosz push up Biustonosz Push-up Model Colette 43907 Dirty Pink - Henderson ,Henderson,1,Biustonosz 43907,Henderson,1,Biustonosz push-up Henderson Ladies 43907 Collette,Henderson Ladies,3
5903972606155, Biustonosz push up Biustonosz Push-up Model Colette 43907 Dirty Pink - Henderson ,Henderson,2,Biustonosz 43907,Henderson,2,Biustonosz push-up Henderson Ladies 43907 Collette,Henderson Ladies,3
5903972606162, Biustonosz push up Biustonosz Push-up Model Colette 43907 Dirty Pink - Henderson ,Henderson,3,Biustonosz 43907,Henderson,3,Biustonosz push-up Henderson Ladies 43907 Collette,Henderson Ladies,3
5903972607060, Biustonosz Soft Komplet Biustonosz Model Arleen 44180 2-pack Beige/Black - Henderson ,Henderson,2,Biustonosz 44180,Henderson,2,Biustonosz bez fiszbin Henderson Ladies 44180 Arleen 2 A2 S-2XL,Henderson Ladies,2
5903972607077, Biustonosz Soft Komplet Biustonosz Model Arleen 44180 2-pack Beige/Black - Henderson ,Henderson,2,Biustonosz 44180,Henderson,2,Biustonosz bez fiszbin Henderson Ladies 44180 Arleen 2 A2 S-2XL,Henderson Ladies,4
5903972607084, Biustonosz Soft Komplet Biustonosz Model Arleen 44180 2-pack Beige/Black - Henderson ,Henderson,2,Biustonosz 44180,Henderson,2,Biustonosz bez fiszbin Henderson Ladies 44180 Arleen 2 A2 S-2XL,Henderson Ladies,3
5903972607091, Biustonosz Soft Komplet Biustonosz Model Arleen 44180 2-pack Beige/Black - Henderson ,Henderson,4,Biustonosz 44180,Henderson,4,Biustonosz bez fiszbin Henderson Ladies 44180 Arleen 2 A2 S-2XL,Henderson Ladies,3
5903972607183, Komplet Figi Model Arleen 44182 2pak Black/Beige - Henderson ,Henderson,2,Figi 44182,Henderson,2,Figi Henderson Ladies 44182 Arleen A2 S-2XL,Henderson Ladies,1
5903972607190, Komplet Figi Model Arleen 44182 2pak Black/Beige - Henderson ,Henderson,1,Figi 44182,Henderson,1,Figi Henderson Ladies 44182 Arleen A2 S-2XL,Henderson Ladies,2
5903972607206, Komplet Figi Model Arleen 44182 2pak Black/Beige - Henderson ,Henderson,2,Figi 44182,Henderson,2,Figi Henderson Ladies 44182 Arleen A2 S-2XL,Henderson Ladies,3
5903972607213, Komplet Figi Model Arleen 44182 2pak Black/Beige - Henderson ,Henderson,2,Figi 44182,Henderson,2,Figi Henderson Ladies 44182 Arleen A2 S-2XL,Henderson Ladies,3
5903972618851, Biustonosz Soft Biustonosz Top Model Brew 43970-88X Brown - Henderson ,Henderson,0,Biustonosz 43970,Henderson,0,Biustonosz/Top Henderson Ladies 43970 Brew S-XL,Henderson Ladies,3
5903972618868, Biustonosz Soft Biustonosz Top Model Brew 43970-88X Brown - Henderson ,Henderson,0,Biustonosz 43970,Henderson,0,Biustonosz/Top Henderson Ladies 43970 Brew S-XL,Henderson Ladies,5
5903972618875, Biustonosz Soft Biustonosz Top Model Brew 43970-88X Brown - Henderson ,Henderson,1,Biustonosz 43970,Henderson,0,Biustonosz/Top Henderson Ladies 43970 Brew S-XL,Henderson Ladies,3
5903972618882, Biustonosz Soft Biustonosz Top Model Brew 43970-88X Brown - Henderson ,Henderson,2,Biustonosz 43970,Henderson,2,Biustonosz/Top Henderson Ladies 43970 Brew S-XL,Henderson Ladies,2
5903972618950, Biustonosz Soft Biustonosz Top Model Brew 43970-02X Nude - Henderson ,Henderson,0,Biustonosz 43970,Henderson,0,Biustonosz/Top Henderson Ladies 43970 Brew S-XL,Henderson Ladies,6
5903972618967, Biustonosz Soft Biustonosz Top Model Brew 43970-02X Nude - Henderson ,Henderson,0,Biustonosz 43970,Henderson,0,Biustonosz/Top Henderson Ladies 43970 Brew S-XL,Henderson Ladies,3
5903972618974, Biustonosz Soft Biustonosz Top Model Brew 43970-02X Nude - Henderson ,Henderson,0,Biustonosz 43970,Henderson,0,Biustonosz/Top Henderson Ladies 43970 Brew S-XL,Henderson Ladies,4
5903972618981, Biustonosz Soft Biustonosz Top Model Brew 43970-02X Nude - Henderson ,Henderson,1,Biustonosz 43970,Henderson,1,Biustonosz/Top Henderson Ladies 43970 Brew S-XL,Henderson Ladies,7
5903972619155, Biustonosz Soft Komplet Biustonosz Model Arleen 44180 2-pack Beige/Black - Henderson ,Henderson,1,Biustonosz 44180,Henderson,1,Biustonosz bez fiszbin Henderson Ladies 44180 Arleen 2 A2 S-2XL,Henderson Ladies,2
5903972619186, Komplet Figi Model Arleen 44182 2pak Black/Beige - Henderson ,Henderson,2,Figi 44182,Henderson,2,Figi Henderson Ladies 44182 Arleen A2 S-2XL,Henderson Ladies,2
5903972656884,  Piżama Męska Model Nori 43453 Blue - Henderson ,Henderson,1,Piżama 43453,Henderson,1,Piżama Henderson 43453 Nori kr/r M-3XL,Henderson,5
5903972656891,  Piżama Męska Model Nori 43453 Blue - Henderson ,Henderson,1,Piżama 43453,Henderson,1,Piżama Henderson 43453 Nori kr/r M-3XL,Henderson,1
5903972656907,  Piżama Męska Model Nori 43453 Blue - Henderson ,Henderson,0,Piżama 43453,Henderson,0,Piżama Henderson 43453 Nori kr/r M-3XL,Henderson,4
5903972656921,  Piżama Męska Model Nori 43453 Blue - Henderson ,Henderson,0,Piżama 43453,Henderson,0,Piżama Henderson 43453 Nori kr/r M-3XL,Henderson,7
5903972658697, Piżama Damska Model Denise 43664 Brzoskwinia/Orange - Henderson ,Henderson,2,Piżama 43664,Henderson,2,Piżama Henderson 43664 Denise S-3XL,Henderson Ladies,2
5903972658703, Piżama Damska Model Denise 43664 Brzoskwinia/Orange - Henderson ,Henderson,1,Piżama 43664,Henderson,0,Piżama Henderson 43664 Denise S-3XL,Henderson Ladies,3
5903972658710, Piżama Damska Model Denise 43664 Brzoskwinia/Orange - Henderson ,Henderson,1,Piżama 43664,Henderson,1,Piżama Henderson 43664 Denise S-3XL,Henderson Ladies,4
5903972658727, Piżama Damska Model Denise 43664 Brzoskwinia/Orange - Henderson ,Henderson,2,Piżama 43664,Henderson,2,Piżama Henderson 43664 Denise S-3XL,Henderson Ladies,2
5903972658734, Piżama Damska Model Denise 43664 Brzoskwinia/Orange - Henderson ,Henderson,2,Piżama 43664,Henderson,2,Piżama Henderson 43664 Denise S-3XL,Henderson Ladies,2
5903972658741, Piżama Damska Model Denise 43671 Ecru - Henderson ,Henderson,1,Piżama 43671,Henderson,1,Piżama Henderson Ladies 43671 Denise 3/4 S-3XL,Henderson Ladies,2
5903972658758, Piżama Damska Model Denise 43671 Ecru - Henderson ,Henderson,2,Piżama 43671,Henderson,2,Piżama Henderson Ladies 43671 Denise 3/4 S-3XL,Henderson Ladies,2
5903972658765, Piżama Damska Model Denise 43671 Ecru - Henderson ,Henderson,3,Piżama 43671,Henderson,3,Piżama Henderson Ladies 43671 Denise 3/4 S-3XL,Henderson Ladies,3
5903972658772, Piżama Damska Model Denise 43671 Ecru - Henderson ,Henderson,2,Piżama 43671,Henderson,2,Piżama Henderson Ladies 43671 Denise 3/4 S-3XL,Henderson Ladies,2
5903972658789, Piżama Damska Model Denise 43671 Ecru - Henderson ,Henderson,1,Piżama 43671,Henderson,1,Piżama Henderson Ladies 43671 Denise 3/4 S-3XL,Henderson Ladies,2
5903972658796, Piżama Damska Model Denise 43671 Ecru - Henderson ,Henderson,0,Piżama 43671,Henderson,0,Piżama Henderson Ladies 43671 Denise 3/4 S-3XL,Henderson Ladies,2
5903972659496, Piżama Damska Model Dessie 43724 Navy - Henderson ,Henderson,2,Piżama 43724,Henderson,2,Piżama Henderson 43724 Dessie S-3XL,Henderson Ladies,4
5903972659502, Piżama Damska Model Dessie 43724 Navy - Henderson ,Henderson,3,Piżama 43724,Henderson,3,Piżama Henderson 43724 Dessie S-3XL,Henderson Ladies,5
5903972659519, Piżama Damska Model Dessie 43724 Navy - Henderson ,Henderson,4,Piżama 43724,Henderson,4,Piżama Henderson 43724 Dessie S-3XL,Henderson Ladies,4
5903972659526, Piżama Damska Model Dessie 43724 Navy - Henderson ,Henderson,4,Piżama 43724,Henderson,4,Piżama Henderson 43724 Dessie S-3XL,Henderson Ladies,5
5903972659533, Piżama Damska Model Dessie 43724 Navy - Henderson ,Henderson,0,Piżama 43724,Henderson,0,Piżama Henderson 43724 Dessie S-3XL,Henderson Ladies,2
5903972659557, Piżama Damska Model Dessie 43724 Green - Henderson ,Henderson,0,Piżama 43724,Henderson,0,Piżama Henderson 43724 Dessie S-3XL,Henderson Ladies,5
5903972659571, Piżama Damska Model Dessie 43724 Green - Henderson ,Henderson,0,Piżama 43724,Henderson,0,Piżama Henderson 43724 Dessie S-3XL,Henderson Ladies,10
5903972659588, Piżama Damska Model Dessie 43724 Green - Henderson ,Henderson,2,Piżama 43724,Henderson,2,Piżama Henderson 43724 Dessie S-3XL,Henderson Ladies,8
5903972660133,  Komplet Bokserki Męskie Model Lap 43385 2pack Navy/Green - Henderson ,Henderson,0,Bokserki 43385,Henderson,0,Bokserki Henderson 43385 Lap A2 M-3XL,Henderson,1
5903972660157,  Komplet Bokserki Męskie Model Lap 43385 2pack Navy/Green - Henderson ,Henderson,0,Bokserki 43385,Henderson,0,Bokserki Henderson 43385 Lap A2 M-3XL,Henderson,4
5903972660171,  Komplet Bokserki Męskie Model Lap 43385 2pack Navy/Green - Henderson ,Henderson,1,Bokserki 43385,Henderson,1,Bokserki Henderson 43385 Lap A2 M-3XL,Henderson,4
5903972661864, Piżama Damska Model Delanie 43701 Ecru/Pink - Henderson ,Henderson,1,Piżama 43701,Henderson,1,Piżama Henderson Ladies 43701 Delanie dł/r S-3XL,Henderson Ladies,1
5903972662373, Koszulka nocna Koszula Nocna Model Dessie 43726 Navy - Henderson ,Henderson,2,Koszula nocna 43726,Henderson,2,Koszula Henderson Ladies 43726 Dessie kr/r S-2XL,Henderson Ladies,5
5903972662397, Koszulka nocna Koszula Nocna Model Dessie 43726 Navy - Henderson ,Henderson,0,Koszula nocna 43726,Henderson,0,Koszula Henderson Ladies 43726 Dessie kr/r S-2XL,Henderson Ladies,2
5903972662403, Koszulka nocna Koszula Nocna Model Dessie 43726 Navy - Henderson ,Henderson,0,Koszula nocna 43726,Henderson,0,Koszula Henderson Ladies 43726 Dessie kr/r S-2XL,Henderson Ladies,4
5903972663264,  Komplet Bokserki Model Nice 43793 2pack Beige/Black - Henderson ,Henderson,1,Bokserki 43793,Henderson,1,Bokserki Henderson Premium 43793 Nice A2 M-3XL,Henderson,2
5903972663912, Szlafrok Damski Model Darlan 43599-01X Ecru - Henderson ,Henderson,0,Szlafrok 43599,Henderson,0,Szlafrok Henderson Ladies 43599 Darlan S-2XL,Henderson Ladies,5
5903972663929, Szlafrok Damski Model Darlan 43599-01X Ecru - Henderson ,Henderson,0,Szlafrok 43599,Henderson,0,Szlafrok Henderson Ladies 43599 Darlan S-2XL,Henderson Ladies,5
5903972663936, Szlafrok Damski Model Dionne 43600-01X Ecru - Henderson ,Henderson,0,Szlafrok 43600,Henderson,0,Szlafrok Henderson Ladies 43600 Dionne S-2XL,Henderson Ladies,1
5903972663950, Szlafrok Damski Model Dionne 43600-01X Ecru - Henderson ,Henderson,0,Szlafrok 43600,Henderson,0,Szlafrok Henderson Ladies 43600 Dionne S-2XL,Henderson Ladies,2
5903972663967, Szlafrok Damski Model Dionne 43600-01X Ecru - Henderson ,Henderson,0,Szlafrok 43600,Henderson,0,Szlafrok Henderson Ladies 43600 Dionne S-2XL,Henderson Ladies,2
5903972663974, Szlafrok Damski Model Daryl 43612-39X Dirty Pink - Henderson ,Henderson,0,Szlafrok 43612,Henderson,0,Szlafrok Henderson Ladies 43612 Daryl S-2XL,Henderson Ladies,2
5903972664032, Szlafrok Damski Model Daryl 43612-01X Ecru - Henderson ,Henderson,0,Szlafrok 43612,Henderson,0,Szlafrok Henderson Ladies 43612 Daryl S-2XL,Henderson Ladies,2
5903972689332, Piżama Damska Model Dairoku 43727-99X Black - Henderson ,Henderson,2,Piżama 43727,Henderson,2,Piżama Henderson Ladies 43727 Dairoku dł/r S-3XL,Henderson Ladies,3
5903972689356, Piżama Damska Model Dairoku 43727-99X Black - Henderson ,Henderson,2,Piżama 43727,Henderson,2,Piżama Henderson Ladies 43727 Dairoku dł/r S-3XL,Henderson Ladies,1
5903972689363, Piżama Damska Model Dairoku 43728 Black - Henderson ,Henderson,1,Piżama 43728,Henderson,0,Piżama Henderson Ladies 43728 Dairoku kr/r S-3XL,Henderson Ladies,2
5903972707579, Piżama Damska Model Danna 43686 Ecru Cream - Henderson ,Henderson,0,Piżama 43686,Henderson,0,Piżama Henderson Ladies 43686 Danna dł/r S-3XL,Henderson Ladies,1
5903972707586, Piżama Damska Model Danna 43686 Ecru Cream - Henderson ,Henderson,0,Piżama 43686,Henderson,0,Piżama Henderson Ladies 43686 Danna dł/r S-3XL,Henderson Ladies,1
5903972707593, Piżama Damska Model Danna 43686 Ecru Cream - Henderson ,Henderson,0,Piżama 43686,Henderson,0,Piżama Henderson Ladies 43686 Danna dł/r S-3XL,Henderson Ladies,2
5903972707609, Piżama Damska Model Danna 43686 Ecru Cream - Henderson ,Henderson,0,Piżama 43686,Henderson,0,Piżama Henderson Ladies 43686 Danna dł/r S-3XL,Henderson Ladies,1
5903972708071, Szlafrok Damski Model Daryl 43612-39X Dirty Pink - Henderson ,Henderson,0,Szlafrok 43612,Henderson,0,Szlafrok Henderson Ladies 43612 Daryl S-2XL,Henderson Ladies,1
5903972708088, Szlafrok Damski Model Daryl 43612-01X Ecru - Henderson ,Henderson,0,Szlafrok 43612,Henderson,0,Szlafrok Henderson Ladies 43612 Daryl S-2XL,Henderson Ladies,3
5903972715673, Komplet Figi Model Polly 44418 2pack Beige/Coffe - Henderson ,Henderson,2,Figi 44418,Henderson,2,Figi Henderson Ladies 44418 K-001 Polly A2 S-2XL,Henderson Ladies,2
5903972715680, Komplet Figi Model Polly 44418 2pack Beige/Coffe - Henderson ,Henderson,0,Figi 44418,Henderson,0,Figi Henderson Ladies 44418 K-001 Polly A2 S-2XL,Henderson Ladies,1
5903972715697, Komplet Figi Model Polly 44418 2pack Beige/Coffe - Henderson ,Henderson,2,Figi 44418,Henderson,2,Figi Henderson Ladies 44418 K-001 Polly A2 S-2XL,Henderson Ladies,1
5903972715703, Komplet Figi Model Polly 44418 2pack Beige/Coffe - Henderson ,Henderson,4,Figi 44418,Henderson,4,Figi Henderson Ladies 44418 K-001 Polly A2 S-2XL,Henderson Ladies,3
5903972715710, Komplet Figi Model Polly 44418 2pack Beige/Coffe - Henderson ,Henderson,2,Figi 44418,Henderson,2,Figi Henderson Ladies 44418 K-001 Polly A2 S-2XL,Henderson Ladies,5
5903972731819,  Komplet Bokserki Męskie Model Blank 44521 2pack Green - Henderson ,Henderson,0,Bokserki 44521,Henderson,0,Bokserki Henderson 44521 Blank A2 M-3XL,Henderson,2
5903972731833,  Komplet Bokserki Męskie Model Blank 44521 2pack Green - Henderson ,Henderson,1,Bokserki 44521,Henderson,1,Bokserki Henderson 44521 Blank A2 M-3XL,Henderson,1
5903972731864,  Komplet Bokserki Męskie Model Blank 44522 2pack Green - Henderson ,Henderson,0,Bokserki 44522,Henderson,0,Bokserki Henderson Core 44522 Blank A2 M-3XL,Henderson,2
5903972731888,  Komplet Bokserki Męskie Model Blank 44522 2pack Green - Henderson ,Henderson,4,Bokserki 44522,Henderson,4,Bokserki Henderson Core 44522 Blank A2 M-3XL,Henderson,2
5903972732113,  Komplet Bokserki Męskie Model Bow 44527 2pack Navy/Blue - Henderson ,Henderson,0,Bokserki 44527,Henderson,0,Bokserki Henderson Core 44527 Bow A2 M-4XL,Henderson,1
5903972732120,  Komplet Bokserki Męskie Model Bow 44527 2pack Navy/Blue - Henderson ,Henderson,1,Bokserki 44527,Henderson,1,Bokserki Henderson Core 44527 Bow A2 M-4XL,Henderson,1
5903972732137,  Komplet Bokserki Męskie Model Bow 44527 2pack Navy/Blue - Henderson ,Henderson,0,Bokserki 44527,Henderson,0,Bokserki Henderson Core 44527 Bow A2 M-4XL,Henderson,3
5903972733295,  Komplet Bokserki Model Bee 44555 Black - Henderson ,Henderson,0,Bokserki 44555,Henderson,0,Bokserki Henderson 44555 Bee A2 M-4XL,Henderson,1
5903972733332,  Komplet Bokserki Model Bee 44555 Black - Henderson ,Henderson,0,Bokserki 44555,Henderson,0,Bokserki Henderson 44555 Bee A2 M-4XL,Henderson,3
5903972764916, Piżama Damska Model Eluna 44466 Beige - Henderson ,Henderson,1,Piżama 44466,Henderson,1,Piżama Henderon Ladies 44466 Eluna kr/r S-3XL,Henderson Ladies,2
5903972764923, Piżama Damska Model Eluna 44466 Beige - Henderson ,Henderson,2,Piżama 44466,Henderson,2,Piżama Henderon Ladies 44466 Eluna kr/r S-3XL,Henderson Ladies,2
5903972764930, Piżama Damska Model Eluna 44466 Beige - Henderson ,Henderson,2,Piżama 44466,Henderson,2,Piżama Henderon Ladies 44466 Eluna kr/r S-3XL,Henderson Ladies,1
5903972765029, Koszulka nocna Koszula Nocna Model Eluna 44468 Coffee - Henderson ,Henderson,0,Koszula nocna 44468,Henderson,0,Koszula Henderson Ladies 44468 Eluna kr/r S-2XL,Henderson Ladies,2
5903972765159, Piżama Damska Model Evika 44474 Powder Pink - Henderson ,Henderson,0,Piżama 44474,Henderson,0,Piżama Henderson Ladies 44474 Evika kr/r S-3XL,Henderson Ladies,2
5903972765166, Piżama Damska Model Evika 44474 Powder Pink - Henderson ,Henderson,0,Piżama 44474,Henderson,0,Piżama Henderson Ladies 44474 Evika kr/r S-3XL,Henderson Ladies,8
5903972765173, Piżama Damska Model Evika 44474 Powder Pink - Henderson ,Henderson,2,Piżama 44474,Henderson,2,Piżama Henderson Ladies 44474 Evika kr/r S-3XL,Henderson Ladies,11
5903972765180, Piżama Damska Model Evika 44474 Powder Pink - Henderson ,Henderson,0,Piżama 44474,Henderson,0,Piżama Henderson Ladies 44474 Evika kr/r S-3XL,Henderson Ladies,1
5903972765197, Piżama Damska Model Evika 44474 Powder Pink - Henderson ,Henderson,0,Piżama 44474,Henderson,0,Piżama Henderson Ladies 44474 Evika kr/r S-3XL,Henderson Ladies,5
5903972765326, Piżama Damska Model Evika 44465 Ecru - Henderson ,Henderson,0,Piżama 44465,Henderson,0,Piżama Henderson Ladies 44465 Evika kr/r S-XL,Henderson Ladies,2
5903972765340, Piżama Damska Model Evika 44465 Ecru - Henderson ,Henderson,0,Piżama 44465,Henderson,0,Piżama Henderson Ladies 44465 Evika kr/r S-XL,Henderson Ladies,1
5903972765357, Piżama Damska Model Evika 44465 Ecru - Henderson ,Henderson,0,Piżama 44465,Henderson,0,Piżama Henderson Ladies 44465 Evika kr/r S-XL,Henderson Ladies,1
5903972765500, Koszulka nocna Koszula Nocna Model Edris 44477 Blue - Henderson ,Henderson,0,Koszula nocna 44477,Henderson,0,Koszula Henderson Ladies 44477 Edris kr/r S-3XL,Henderson Ladies,3
5903972765517, Koszulka nocna Koszula Nocna Model Edris 44477 Blue - Henderson ,Henderson,0,Koszula nocna 44477,Henderson,0,Koszula Henderson Ladies 44477 Edris kr/r S-3XL,Henderson Ladies,1
5903972765524, Koszulka nocna Koszula Nocna Model Edris 44477 Blue - Henderson ,Henderson,0,Koszula nocna 44477,Henderson,0,Koszula Henderson Ladies 44477 Edris kr/r S-3XL,Henderson Ladies,1
5903972765531, Koszulka nocna Koszula Nocna Model Edris 44477 Blue - Henderson ,Henderson,0,Koszula nocna 44477,Henderson,0,Koszula Henderson Ladies 44477 Edris kr/r S-3XL,Henderson Ladies,1
5903972765623, Koszulka nocna Koszula Nocna Model Edris 44478 Blue - Henderson ,Henderson,2,Koszula nocna 44478,Henderson,2,Koszula Henderson Ladies 44478 Edris kr/r S-3XL,Henderson Ladies,1
5903972765654, Koszulka nocna Koszula Nocna Model Edris 44478 Blue - Henderson ,Henderson,0,Koszula nocna 44478,Henderson,0,Koszula Henderson Ladies 44478 Edris kr/r S-3XL,Henderson Ladies,3
5903972765982, Piżama Damska Model Estes 44482 Blue - Henderson ,Henderson,0,Piżama 44482,Henderson,0,Piżama Henderson Ladies 44482 Estes kr/r S-3XL rozpinana,Henderson Ladies,1
5903972766002, Piżama Damska Model Estes 44482 Blue - Henderson ,Henderson,0,Piżama 44482,Henderson,0,Piżama Henderson Ladies 44482 Estes kr/r S-3XL rozpinana,Henderson Ladies,2
5903972766040, Szlafrok Damski Model Estes 44483 Blue - Henderson ,Henderson,3,Szlafrok 44483,Henderson,3,Szlafrok Henderson Ladies 44483 Estes 3/4 S-XL,Henderson Ladies,3
5903972766057, Szlafrok Damski Model Estes 44483 Blue - Henderson ,Henderson,1,Szlafrok 44483,Henderson,1,Szlafrok Henderson Ladies 44483 Estes 3/4 S-XL,Henderson Ladies,1
5903972766064, Szlafrok Damski Model Estes 44483 Blue - Henderson ,Henderson,1,Szlafrok 44483,Henderson,1,Szlafrok Henderson Ladies 44483 Estes 3/4 S-XL,Henderson Ladies,2
5903972766194, Piżama Damska Model Emela 44487 Brzoskwinia/Orange - Henderson ,Henderson,2,Piżama 44487,Henderson,2,Piżama Henderson Ladies 44487 Emela kr/r S-3XL,Henderson Ladies,4
5903972766200, Piżama Damska Model Emela 44487 Brzoskwinia/Orange - Henderson ,Henderson,2,Piżama 44487,Henderson,2,Piżama Henderson Ladies 44487 Emela kr/r S-3XL,Henderson Ladies,6
5903972766217, Piżama Damska Model Emela 44487 Brzoskwinia/Orange - Henderson ,Henderson,2,Piżama 44487,Henderson,2,Piżama Henderson Ladies 44487 Emela kr/r S-3XL,Henderson Ladies,5
5903972766224, Piżama Damska Model Emela 44487 Brzoskwinia/Orange - Henderson ,Henderson,1,Piżama 44487,Henderson,1,Piżama Henderson Ladies 44487 Emela kr/r S-3XL,Henderson Ladies,2
5903972766255, Koszulka nocna Koszula Nocna Model Emela 44490 Dirty Pink - Henderson ,Henderson,0,Koszula nocna 44490,Henderson,0,Koszula Henderson Ladies 44490 Emela kr/r S-3XL,Henderson Ladies,5
5903972766262, Koszulka nocna Koszula Nocna Model Emela 44490 Dirty Pink - Henderson ,Henderson,1,Koszula nocna 44490,Henderson,1,Koszula Henderson Ladies 44490 Emela kr/r S-3XL,Henderson Ladies,3
5903972766279, Koszulka nocna Koszula Nocna Model Emela 44490 Dirty Pink - Henderson ,Henderson,0,Koszula nocna 44490,Henderson,0,Koszula Henderson Ladies 44490 Emela kr/r S-3XL,Henderson Ladies,2
5903972766514, Piżama Damska Model Elai 44498 Pastel Pink - Henderson ,Henderson,0,Piżama 44498,Henderson,0,Piżama Henderson Ladies 44498 Elain kr/r S-3XL,Henderson Ladies,7
5903972766521, Piżama Damska Model Elai 44498 Pastel Pink - Henderson ,Henderson,0,Piżama 44498,Henderson,0,Piżama Henderson Ladies 44498 Elain kr/r S-3XL,Henderson Ladies,8
5903972767054,  Piżama Męska Model Brad 44520 Indygo - Henderson ,Henderson,0,Piżama 44520,Henderson,0,Piżama Henderson 44520 Brad kr/r M-3XL,Henderson,1
5903972767061,  Piżama Męska Model Brad 44520 Indygo - Henderson ,Henderson,1,Piżama 44520,Henderson,0,Piżama Henderson 44520 Brad kr/r M-3XL,Henderson,1
5903972767108,  Piżama Męska Model Brad 44520 Pink - Henderson ,Henderson,0,Piżama 44520,Henderson,0,Piżama Henderson 44520 Brad kr/r M-3XL,Henderson,4
5903972767146,  Piżama Męska Model Brad 44520 Pink - Henderson ,Henderson,0,Piżama 44520,Henderson,0,Piżama Henderson 44520 Brad kr/r M-3XL,Henderson,4
5903972767603,  Piżama Męska Model Break 44507 Light Green - Henderson ,Henderson,1,Piżama 44507,Henderson,1,Piżama Henderson 44507 Break kr/r M-3XL,Henderson,5
5903972767610,  Piżama Męska Model Break 44507 Light Green - Henderson ,Henderson,1,Piżama 44507,Henderson,1,Piżama Henderson 44507 Break kr/r M-3XL,Henderson,2
5903972767627,  Piżama Męska Model Break 44507 Light Green - Henderson ,Henderson,1,Piżama 44507,Henderson,1,Piżama Henderson 44507 Break kr/r M-3XL,Henderson,1
5903972767634,  Piżama Męska Model Break 44507 Light Green - Henderson ,Henderson,2,Piżama 44507,Henderson,2,Piżama Henderson 44507 Break kr/r M-3XL,Henderson,3
5903972767641,  Piżama Męska Model Break 44507 Light Green - Henderson ,Henderson,1,Piżama 44507,Henderson,1,Piżama Henderson 44507 Break kr/r M-3XL,Henderson,4
5903972767665,  Piżama Męska Model Park 44604 Light Green - Henderson ,Henderson,1,Piżama 44604,Henderson,1,Piżama Henderson 44604 Park kr/r M-3XL,Henderson,1
5903972767689,  Piżama Męska Model Park 44604 Light Green - Henderson ,Henderson,1,Piżama 44604,Henderson,1,Piżama Henderson 44604 Park kr/r M-3XL,Henderson,1
5903972767696,  Piżama Męska Model Park 44604 Light Green - Henderson ,Henderson,0,Piżama 44604,Henderson,0,Piżama Henderson 44604 Park kr/r M-3XL,Henderson,3
5903972767702,  Piżama Męska Model Park 44604 Light Green - Henderson ,Henderson,0,Piżama 44604,Henderson,0,Piżama Henderson 44604 Park kr/r M-3XL,Henderson,2
5903972767719,  Piżama Męska Model Park 44604 Beige - Henderson ,Henderson,0,Piżama 44604,Henderson,0,Piżama Henderson 44604 Park kr/r M-3XL,Henderson,2
5903972767726,  Piżama Męska Model Park 44604 Beige - Henderson ,Henderson,2,Piżama 44604,Henderson,2,Piżama Henderson 44604 Park kr/r M-3XL,Henderson,2
5903972767740,  Piżama Męska Model Park 44604 Beige - Henderson ,Henderson,0,Piżama 44604,Henderson,0,Piżama Henderson 44604 Park kr/r M-3XL,Henderson,1
5903972767757,  Piżama Męska Model Park 44604 Beige - Henderson ,Henderson,1,Piżama 44604,Henderson,1,Piżama Henderson 44604 Park kr/r M-3XL,Henderson,2
5903972768006,  Piżama Męska Model Post 44608 Indygo - Henderson ,Henderson,1,Piżama 44608,Henderson,1,Piżama Henderson 44608 Post kr/r M-3XL,Henderson,3
5903972770245, Piżama Damska Model Edris 44479 Blue - Henderson ,Henderson,0,Piżama 44479,Henderson,0,Piżama Henderson Ladies 44479 Edris kr/r S-,Henderson Ladies,5
5903972770252, Piżama Damska Model Edris 44479 Blue - Henderson ,Henderson,1,Piżama 44479,Henderson,1,Piżama Henderson Ladies 44479 Edris kr/r S-,Henderson Ladies,5
5903972770269, Piżama Damska Model Edris 44479 Blue - Henderson ,Henderson,2,Piżama 44479,Henderson,2,Piżama Henderson Ladies 44479 Edris kr/r S-,Henderson Ladies,6
5903972770276, Piżama Damska Model Edris 44479 Blue - Henderson ,Henderson,3,Piżama 44479,Henderson,3,Piżama Henderson Ladies 44479 Edris kr/r S-,Henderson Ladies,5
5903972770290, Piżama Damska Model Edris 44479 Blue - Henderson ,Henderson,1,Piżama 44479,Henderson,1,Piżama Henderson Ladies 44479 Edris kr/r S-,Henderson Ladies,2
5903972773505, Koszulka nocna Koszula Nocna Model Evika 45304 Powder Pink - Henderson ,Henderson,0,Koszula nocna 45304,Henderson,0,Koszula Henderson Ladies 45304  Evika kr/r S-XL,Henderson Ladies,5
5903972773512, Koszulka nocna Koszula Nocna Model Evika 45304 Powder Pink - Henderson ,Henderson,0,Koszula nocna 45304,Henderson,0,Koszula Henderson Ladies 45304  Evika kr/r S-XL,Henderson Ladies,4
5903972773529, Koszulka nocna Koszula Nocna Model Evika 45304 Powder Pink - Henderson ,Henderson,0,Koszula nocna 45304,Henderson,0,Koszula Henderson Ladies 45304  Evika kr/r S-XL,Henderson Ladies,3
5903972773536, Koszulka nocna Koszula Nocna Model Evika 45304 Powder Pink - Henderson ,Henderson,0,Koszula nocna 45304,Henderson,0,Koszula Henderson Ladies 45304  Evika kr/r S-XL,Henderson Ladies,1
5903972777138, Koszulka nocna Koszula Nocna Model Eulana 45314 Navy - Henderson ,Henderson,0,Koszula nocna 45314,Henderson,0,,,1
5903972777176, Piżama Damska Model Eulana 45316 Navy - Henderson ,Henderson,2,Piżama 45316,Henderson,2,Piżama Henderson Ladies 45316 Eulana kr/r S-3XL,Henderson Ladies,3
5903972777183, Piżama Damska Model Eulana 45316 Navy - Henderson ,Henderson,2,Piżama 45316,Henderson,2,Piżama Henderson Ladies 45316 Eulana kr/r S-3XL,Henderson Ladies,5
5903972777190, Piżama Damska Model Eulana 45316 Navy - Henderson ,Henderson,2,Piżama 45316,Henderson,2,Piżama Henderson Ladies 45316 Eulana kr/r S-3XL,Henderson Ladies,5
5903972777206, Piżama Damska Model Eulana 45316 Navy - Henderson ,Henderson,2,Piżama 45316,Henderson,2,Piżama Henderson Ladies 45316 Eulana kr/r S-3XL,Henderson Ladies,7
5903972777220, Piżama Damska Model Eulana 45316 Navy - Henderson ,Henderson,0,Piżama 45316,Henderson,0,Piżama Henderson Ladies 45316 Eulana kr/r S-3XL,Henderson Ladies,3
5903972778555, Koszulka nocna Koszula Nocna Model Evika 45184 Violet - Henderson ,Henderson,0,Koszula nocna 45184,Henderson,0,,,1
5903972782286,  Komplet Slipy Model Bow 45320 2pack Navy/Blue - Henderson ,Henderson,0,Slipy 45320,Henderson,0,Slipy Henderson Core 45320 Bow A2 M-4XL,Henderson,4
5903972816486, Piżama Damska Model Esaina 45358 White - Henderson ,Henderson,2,Piżama 45358,Henderson,2,Piżama Henderson Ladies 45358 Esaina kr/r S-2XL,Henderson Ladies,7
5903972816493, Piżama Damska Model Esaina 45358 White - Henderson ,Henderson,2,Piżama 45358,Henderson,2,Piżama Henderson Ladies 45358 Esaina kr/r S-2XL,Henderson Ladies,4
5903972816509, Piżama Damska Model Esaina 45358 White - Henderson ,Henderson,1,Piżama 45358,Henderson,1,Piżama Henderson Ladies 45358 Esaina kr/r S-2XL,Henderson Ladies,5
5903972818978, Piżama Damska Model Elani 44493 Pink - Henderson ,Henderson,0,Piżama 44493,Henderson,0,Piżama Henderson Ladies 44493 Eleni dł/r S-3XL Muślin rozpinana,Henderson Ladies,1
5903972818985, Piżama Damska Model Elani 44493 Pink - Henderson ,Henderson,0,Piżama 44493,Henderson,0,Piżama Henderson Ladies 44493 Eleni dł/r S-3XL Muślin rozpinana,Henderson Ladies,1
5903972819012, Piżama Damska Model Elani 44493 Pink - Henderson ,Henderson,2,Piżama 44493,Henderson,2,Piżama Henderson Ladies 44493 Eleni dł/r S-3XL Muślin rozpinana,Henderson Ladies,1
5904031401759,  Piżama Męska Model Kacper 1747 Stal - M-Max ,M-Max,1,Piżama KACPER 1747,M-max,1,Piżama Hotberg 1747 Kacper kr/r M-XL,Hotberg,1
5904031401902,  Piżama Męska Model Karol 1751 Stal - M-Max ,M-Max,1,Piżama KAROL 1751,M-max,1,Piżama Hotberg 1751 Karol kr/r M-2XL,Hotberg,2
5904031401919,  Piżama Męska Model Karol 1751 Stal - M-Max ,M-Max,3,Piżama KAROL 1751,M-max,3,Piżama Hotberg 1751 Karol kr/r M-2XL,Hotberg,2
5904031401926,  Piżama Męska Model Karol 1751 Stal - M-Max ,M-Max,1,Piżama KAROL 1751,M-max,1,Piżama Hotberg 1751 Karol kr/r M-2XL,Hotberg,1
5904031401933,  Piżama Męska Model Karol 1751 Stal - M-Max ,M-Max,2,Piżama KAROL 1751,M-max,2,Piżama Hotberg 1751 Karol kr/r M-2XL,Hotberg,1
5904086240747,  Podkoszulek Męski Model George 1495 J1 White - Henderson ,Henderson,29,Podkoszulek 1495,Henderson,29,Koszulka Henderson 1495 BT-100 M-3XL,Henderson,41
5904086240754,  Podkoszulek Męski Model George 1495 J1 White - Henderson ,Henderson,37,Podkoszulek 1495,Henderson,37,Koszulka Henderson 1495 BT-100 M-3XL,Henderson,65
5904086240761,  Podkoszulek Męski Model George 1495 J1 White - Henderson ,Henderson,35,Podkoszulek 1495,Henderson,35,Koszulka Henderson 1495 BT-100 M-3XL,Henderson,38
5904086240778,  Podkoszulek Męski Model George 1495 J1 White - Henderson ,Henderson,27,Podkoszulek 1495,Henderson,27,Koszulka Henderson 1495 BT-100 M-3XL,Henderson,27
5904086285281,  Podkoszulek Model 1480 J1 White - Henderson ,Henderson,40,Podkoszulek 1480,Henderson,43,Koszulka Henderson 1480 M-100 M-4XL,Henderson,170
5904086285298,  Podkoszulek Model 1480 J1 White - Henderson ,Henderson,40,Podkoszulek 1480,Henderson,74,Koszulka Henderson 1480 M-100 M-4XL,Henderson,235
5904086285304,  Podkoszulek Model 1480 J1 White - Henderson ,Henderson,21,Podkoszulek 1480,Henderson,21,Koszulka Henderson 1480 M-100 M-4XL,Henderson,249
5904086285311,  Podkoszulek Model 1480 J1 White - Henderson ,Henderson,35,Podkoszulek 1480,Henderson,35,Koszulka Henderson 1480 M-100 M-4XL,Henderson,224
5904086285342,  Podkoszulek Model 1480 J27 Popiel - Henderson ,Henderson,18,Podkoszulek 1480,Henderson,18,Koszulka Henderson 1480 M-100 M-4XL,Henderson,47
5904086285359,  Podkoszulek Model 1480 J27 Popiel - Henderson ,Henderson,28,Podkoszulek 1480,Henderson,28,Koszulka Henderson 1480 M-100 M-4XL,Henderson,40
5904086285366,  Podkoszulek Model 1480 J27 Popiel - Henderson ,Henderson,24,Podkoszulek 1480,Henderson,24,Koszulka Henderson 1480 M-100 M-4XL,Henderson,51
5904086285373,  Podkoszulek Model 1480 J27 Popiel - Henderson ,Henderson,17,Podkoszulek 1480,Henderson,17,Koszulka Henderson 1480 M-100 M-4XL,Henderson,29
5904086285403,  Podkoszulek Model 1480 J41 Black - Henderson ,Henderson,25,Podkoszulek 1480,Henderson,25,Koszulka Henderson 1480 M-100 M-4XL,Henderson,40
5904086285410,  Podkoszulek Model 1480 J41 Black - Henderson ,Henderson,21,Podkoszulek 1480,Henderson,21,Koszulka Henderson 1480 M-100 M-4XL,Henderson,38
5904086285427,  Podkoszulek Model 1480 J41 Black - Henderson ,Henderson,29,Podkoszulek 1480,Henderson,29,Koszulka Henderson 1480 M-100 M-4XL,Henderson,38
5904086285434,  Podkoszulek Model 1480 J41 Black - Henderson ,Henderson,16,Podkoszulek 1480,Henderson,16,Koszulka Henderson 1480 M-100 M-4XL,Henderson,38
5904086584650,  Podkoszulek Męski Model George 1495 J41 Black - Henderson ,Henderson,17,Podkoszulek 1495,Henderson,17,Koszulka Henderson 1495 BT-100 M-3XL,Henderson,37
5904086584667,  Podkoszulek Męski Model George 1495 J41 Black - Henderson ,Henderson,23,Podkoszulek 1495,Henderson,23,Koszulka Henderson 1495 BT-100 M-3XL,Henderson,30
5904086584674,  Podkoszulek Męski Model George 1495 J41 Black - Henderson ,Henderson,23,Podkoszulek 1495,Henderson,23,Koszulka Henderson 1495 BT-100 M-3XL,Henderson,45
5904086584681,  Podkoszulek Męski Model George 1495 J41 Black - Henderson ,Henderson,16,Podkoszulek 1495,Henderson,16,Koszulka Henderson 1495 BT-100 M-3XL,Henderson,15
5905172670646, Figi Model Simple Maxi Beige - Julimex ,Julimex,25,Figi SIMPLE MAXI,Julimex,24,Figi Julimex Simple Maxi S-XL,Julimex,113
5905172670653, Figi Model Simple Maxi Beige - Julimex ,Julimex,15,Figi SIMPLE MAXI,Julimex,14,Figi Julimex Simple Maxi S-XL,Julimex,48
5905172670660, Figi Model Simple Maxi Beige - Julimex ,Julimex,17,Figi SIMPLE MAXI,Julimex,16,Figi Julimex Simple Maxi S-XL,Julimex,51
5905172670677, Figi Model Simple Maxi Beige - Julimex ,Julimex,26,Figi SIMPLE MAXI,Julimex,25,Figi Julimex Simple Maxi S-XL,Julimex,45
5905172670929, Figi Model Simple Maxi Black - Julimex ,Julimex,13,Figi SIMPLE MAXI,Julimex,13,Figi Julimex Simple Maxi S-XL,Julimex,36
5905172670936, Figi Model Simple Maxi Black - Julimex ,Julimex,6,Figi SIMPLE MAXI,Julimex,6,Figi Julimex Simple Maxi S-XL,Julimex,25
5905172670943, Figi Model Simple Maxi Black - Julimex ,Julimex,13,Figi SIMPLE MAXI,Julimex,12,Figi Julimex Simple Maxi S-XL,Julimex,41
5905172670950, Figi Model Simple Maxi Black - Julimex ,Julimex,15,Figi SIMPLE MAXI,Julimex,15,Figi Julimex Simple Maxi S-XL,Julimex,34
5905172670967, Figi Model Avia Beige - Julimex ,Julimex,18,Figi AVIA,Julimex,6,Figi Julimex Avia Classic S-XL,Julimex,13
5905172670974, Figi Model Avia Beige - Julimex ,Julimex,14,Figi AVIA,Julimex,10,Figi Julimex Avia Classic S-XL,Julimex,15
5905172670981, Figi Model Avia Beige - Julimex ,Julimex,9,Figi AVIA,Julimex,1,Figi Julimex Avia Classic S-XL,Julimex,5
5905172670998, Figi Model Avia Beige - Julimex ,Julimex,21,Figi AVIA,Julimex,15,Figi Julimex Avia Classic S-XL,Julimex,10
5905172671018, Stringi Model Maxi 200 Beige - Julimex ,Julimex,28,Stringi STRING MAXI,Julimex,28,Stringi Julimex Maxi S-XL,Julimex,51
5905172671025, Stringi Model Maxi 200 Beige - Julimex ,Julimex,23,Stringi STRING MAXI,Julimex,22,Stringi Julimex Maxi S-XL,Julimex,44
5905172671032, Stringi Model Maxi 200 Beige - Julimex ,Julimex,13,Stringi STRING MAXI,Julimex,12,Stringi Julimex Maxi S-XL,Julimex,41
5905172671049, Stringi Model Maxi 200 Beige - Julimex ,Julimex,20,Stringi STRING MAXI,Julimex,20,Stringi Julimex Maxi S-XL,Julimex,57
5905172671056, Stringi Model Maxi 199 Black - Julimex ,Julimex,13,Stringi STRING MAXI,Julimex,13,Stringi Julimex Maxi S-XL,Julimex,20
5905172671063, Stringi Model Maxi 199 Black - Julimex ,Julimex,17,Stringi STRING MAXI,Julimex,17,Stringi Julimex Maxi S-XL,Julimex,32
5905172671070, Stringi Model Maxi 199 Black - Julimex ,Julimex,12,Stringi STRING MAXI,Julimex,12,Stringi Julimex Maxi S-XL,Julimex,20
5905172671124, Stringi Model Maxi 199 Black - Julimex ,Julimex,13,Stringi STRING MAXI,Julimex,13,Stringi Julimex Maxi S-XL,Julimex,19
5905172671131, Figi Model Avia Black - Julimex ,Julimex,9,Figi AVIA,Julimex,6,Figi Julimex Avia Classic S-XL,Julimex,17
5905172671148, Figi Model Avia Black - Julimex ,Julimex,10,Figi AVIA,Julimex,10,Figi Julimex Avia Classic S-XL,Julimex,11
5905172671155, Figi Model Avia Black - Julimex ,Julimex,12,Figi AVIA,Julimex,7,Figi Julimex Avia Classic S-XL,Julimex,17
5905172671162, Figi Model Avia Black - Julimex ,Julimex,12,Figi AVIA,Julimex,5,Figi Julimex Avia Classic S-XL,Julimex,28
5905172671216, Figi Model Avia Maxi Black - Julimex ,Julimex,7,Figi AVIA MAXI,Julimex,6,Figi Julimex Avia Maxi S-XL,Julimex,9
5905172671223, Figi Model Avia Maxi Black - Julimex ,Julimex,5,Figi AVIA MAXI,Julimex,3,Figi Julimex Avia Maxi S-XL,Julimex,21
5905172671230, Figi Model Avia Maxi Black - Julimex ,Julimex,7,Figi AVIA MAXI,Julimex,7,Figi Julimex Avia Maxi S-XL,Julimex,7
5905172671247, Figi Model Avia Maxi Black - Julimex ,Julimex,12,Figi AVIA MAXI,Julimex,2,Figi Julimex Avia Maxi S-XL,Julimex,12
5905172671254, Figi brazyliany Model Brasil Maxi 200 Beige - Julimex ,Julimex,23,Figi BRASIL MAXI,Julimex,21,Figi Julimex Brasil Maxi S-XL,Julimex,86
5905172671261, Figi brazyliany Model Brasil Maxi 200 Beige - Julimex ,Julimex,21,Figi BRASIL MAXI,Julimex,21,Figi Julimex Brasil Maxi S-XL,Julimex,100
5905172671278, Figi brazyliany Model Brasil Maxi 200 Beige - Julimex ,Julimex,17,Figi BRASIL MAXI,Julimex,17,Figi Julimex Brasil Maxi S-XL,Julimex,55
5905172672008, Figi brazyliany Model Brasil Maxi 200 Beige - Julimex ,Julimex,19,Figi BRASIL MAXI,Julimex,19,Figi Julimex Brasil Maxi S-XL,Julimex,30
5905172672015, Figi braziliany Model Brasil Maxi 199 Black - Julimex ,Julimex,23,Figi BRASIL MAXI,Julimex,21,Figi Julimex Brasil Maxi S-XL,Julimex,65
5905172672022, Figi braziliany Model Brasil Maxi 199 Black - Julimex ,Julimex,19,Figi BRASIL MAXI,Julimex,19,Figi Julimex Brasil Maxi S-XL,Julimex,46
5905172672039, Figi braziliany Model Brasil Maxi 199 Black - Julimex ,Julimex,13,Figi BRASIL MAXI,Julimex,13,Figi Julimex Brasil Maxi S-XL,Julimex,29
5905172672046, Figi braziliany Model Brasil Maxi 199 Black - Julimex ,Julimex,13,Figi BRASIL MAXI,Julimex,13,Figi Julimex Brasil Maxi S-XL,Julimex,30
5905172673128, Figi Model Salsa Beige - Julimex ,Julimex,6,Figi SALSA,Julimex,6,Figi Julimex Salsa S-XL,Julimex,9
5905172673906, Figi Model Amber Maxi Beige - Julimex ,Julimex,2,Figi AMBER MAXI,Julimex,2,Figi Julimex Amber Maxi S-2XL,Julimex,31
5905172673913, Figi Model Amber Maxi Beige - Julimex ,Julimex,3,Figi AMBER MAXI,Julimex,3,Figi Julimex Amber Maxi S-2XL,Julimex,43
5905172673920, Figi Model Amber Maxi Beige - Julimex ,Julimex,15,Figi AMBER MAXI,Julimex,15,Figi Julimex Amber Maxi S-2XL,Julimex,72
5905172673937, Figi Model Amber Maxi Beige - Julimex ,Julimex,19,Figi AMBER MAXI,Julimex,13,Figi Julimex Amber Maxi S-2XL,Julimex,30
5905172673944, Figi Model Amber Maxi Beige - Julimex ,Julimex,3,Figi AMBER MAXI,Julimex,3,Figi Julimex Amber Maxi S-2XL,Julimex,58
5905172673951, Figi Model Amber Maxi Black - Julimex ,Julimex,10,Figi AMBER MAXI,Julimex,4,Figi Julimex Amber Maxi S-2XL,Julimex,12
5905172673968, Figi Model Amber Maxi Black - Julimex ,Julimex,24,Figi AMBER MAXI,Julimex,11,Figi Julimex Amber Maxi S-2XL,Julimex,15
5905172673975, Figi Model Amber Maxi Black - Julimex ,Julimex,19,Figi AMBER MAXI,Julimex,5,Figi Julimex Amber Maxi S-2XL,Julimex,19
5905172673982, Figi Model Amber Maxi Black - Julimex ,Julimex,18,Figi AMBER MAXI,Julimex,9,Figi Julimex Amber Maxi S-2XL,Julimex,8
5905172673999, Figi Model Amber Maxi Black - Julimex ,Julimex,22,Figi AMBER MAXI,Julimex,13,Figi Julimex Amber Maxi S-2XL,Julimex,15
5905172674002, Figi Model Amber Maxi High Beige - Julimex ,Julimex,9,Figi AMBER MAXI HIGH,Julimex,9,Figi Julimex Amber Maxi High S-2XL,Julimex,13
5905172674019, Figi Model Amber Maxi High Beige - Julimex ,Julimex,12,Figi AMBER MAXI HIGH,Julimex,11,Figi Julimex Amber Maxi High S-2XL,Julimex,33
5905172674026, Figi Model Amber Maxi High Beige - Julimex ,Julimex,9,Figi AMBER MAXI HIGH,Julimex,7,Figi Julimex Amber Maxi High S-2XL,Julimex,27
5905172674033, Figi Model Amber Maxi High Beige - Julimex ,Julimex,8,Figi AMBER MAXI HIGH,Julimex,6,Figi Julimex Amber Maxi High S-2XL,Julimex,25
5905172674040, Figi Model Amber Maxi High Beige - Julimex ,Julimex,14,Figi AMBER MAXI HIGH,Julimex,14,Figi Julimex Amber Maxi High S-2XL,Julimex,33
5905172674057, Figi Model Amber Maxi High Black - Julimex ,Julimex,10,Figi AMBER MAXI HIGH,Julimex,6,Figi Julimex Amber Maxi High S-2XL,Julimex,6
5905172674064, Figi Model Amber Maxi High Black - Julimex ,Julimex,26,Figi AMBER MAXI HIGH,Julimex,13,Figi Julimex Amber Maxi High S-2XL,Julimex,22
5905172674071, Figi Model Amber Maxi High Black - Julimex ,Julimex,18,Figi AMBER MAXI HIGH,Julimex,14,Figi Julimex Amber Maxi High S-2XL,Julimex,9
5905172674088, Figi Model Amber Maxi High Black - Julimex ,Julimex,9,Figi AMBER MAXI HIGH,Julimex,6,Figi Julimex Amber Maxi High S-2XL,Julimex,8
5905172674095, Figi Model Amber Maxi High Black - Julimex ,Julimex,12,Figi AMBER MAXI HIGH,Julimex,12,Figi Julimex Amber Maxi High S-2XL,Julimex,12
5905172675405, Biustonosz Soft Model Bamboo Bralette Beige - Julimex ,Julimex,6,Biustonosz BAMBOO BRALETTE,Julimex,6,Biustonosz top Julimex Bamboo Bralette S-2XL,Julimex,4
5905172675412, Biustonosz Soft Model Bamboo Bralette Beige - Julimex ,Julimex,4,Biustonosz BAMBOO BRALETTE,Julimex,4,Biustonosz top Julimex Bamboo Bralette S-2XL,Julimex,4
5905172675429, Biustonosz Soft Model Bamboo Bralette Beige - Julimex ,Julimex,6,Biustonosz BAMBOO BRALETTE,Julimex,6,Biustonosz top Julimex Bamboo Bralette S-2XL,Julimex,9
5905172675436, Biustonosz Soft Model Bamboo Bralette Beige - Julimex ,Julimex,5,Biustonosz BAMBOO BRALETTE,Julimex,5,Biustonosz top Julimex Bamboo Bralette S-2XL,Julimex,3
5905172675443, Biustonosz Soft Model Bamboo Bralette Beige - Julimex ,Julimex,6,Biustonosz BAMBOO BRALETTE,Julimex,6,Biustonosz top Julimex Bamboo Bralette S-2XL,Julimex,6
5905172675450, Biustonosz Soft Model Bamboo Bralette Black - Julimex ,Julimex,11,Biustonosz BAMBOO BRALETTE,Julimex,7,Biustonosz top Julimex Bamboo Bralette S-2XL,Julimex,5
5905172675467, Biustonosz Soft Model Bamboo Bralette Black - Julimex ,Julimex,3,Biustonosz BAMBOO BRALETTE,Julimex,3,Biustonosz top Julimex Bamboo Bralette S-2XL,Julimex,4
5905172675474, Biustonosz Soft Model Bamboo Bralette Black - Julimex ,Julimex,6,Biustonosz BAMBOO BRALETTE,Julimex,6,Biustonosz top Julimex Bamboo Bralette S-2XL,Julimex,9
5905172675481, Biustonosz Soft Model Bamboo Bralette Black - Julimex ,Julimex,7,Biustonosz BAMBOO BRALETTE,Julimex,7,Biustonosz top Julimex Bamboo Bralette S-2XL,Julimex,7
5905172675498, Biustonosz Soft Model Bamboo Bralette Black - Julimex ,Julimex,9,Biustonosz BAMBOO BRALETTE,Julimex,7,Biustonosz top Julimex Bamboo Bralette S-2XL,Julimex,5
5905172675504, Koszulka nocna Koszulka Model Bamboo Cami Beige - Julimex ,Julimex,2,Koszulka BAMBOO CAMI,Julimex,2,Koszulka Julimex Bamboo Cami S-2XL,Julimex,2
5905172675511, Koszulka nocna Koszulka Model Bamboo Cami Beige - Julimex ,Julimex,4,Koszulka BAMBOO CAMI,Julimex,4,Koszulka Julimex Bamboo Cami S-2XL,Julimex,7
5905172675528, Koszulka nocna Koszulka Model Bamboo Cami Beige - Julimex ,Julimex,4,Koszulka BAMBOO CAMI,Julimex,4,Koszulka Julimex Bamboo Cami S-2XL,Julimex,9
5905172675535, Koszulka nocna Koszulka Model Bamboo Cami Beige - Julimex ,Julimex,2,Koszulka BAMBOO CAMI,Julimex,2,Koszulka Julimex Bamboo Cami S-2XL,Julimex,4
5905172675542, Koszulka nocna Koszulka Model Bamboo Cami Beige - Julimex ,Julimex,4,Koszulka BAMBOO CAMI,Julimex,4,Koszulka Julimex Bamboo Cami S-2XL,Julimex,4
5905172675559, Koszulka nocna Koszulka Model Bamboo Cami Black - Julimex ,Julimex,3,Koszulka BAMBOO CAMI,Julimex,3,Koszulka Julimex Bamboo Cami S-2XL,Julimex,2
5905172675566, Koszulka nocna Koszulka Model Bamboo Cami Black - Julimex ,Julimex,4,Koszulka BAMBOO CAMI,Julimex,4,Koszulka Julimex Bamboo Cami S-2XL,Julimex,2
5905172675573, Koszulka nocna Koszulka Model Bamboo Cami Black - Julimex ,Julimex,4,Koszulka BAMBOO CAMI,Julimex,4,Koszulka Julimex Bamboo Cami S-2XL,Julimex,5
5905172675580, Koszulka nocna Koszulka Model Bamboo Cami Black - Julimex ,Julimex,2,Koszulka BAMBOO CAMI,Julimex,2,Koszulka Julimex Bamboo Cami S-2XL,Julimex,1
5905172675597, Koszulka nocna Koszulka Model Bamboo Cami Black - Julimex ,Julimex,3,Koszulka BAMBOO CAMI,Julimex,2,Koszulka Julimex Bamboo Cami S-2XL,Julimex,4
5905172675603, Figi Model Bamboo Bikini Beige - Julimex ,Julimex,8,Figi BAMBOO BIKINI,Julimex,8,Figi Julimex Bamboo Bikini S-2XL,Julimex,18
5905172675610, Figi Model Bamboo Bikini Beige - Julimex ,Julimex,12,Figi BAMBOO BIKINI,Julimex,12,Figi Julimex Bamboo Bikini S-2XL,Julimex,12
5905172675627, Figi Model Bamboo Bikini Beige - Julimex ,Julimex,6,Figi BAMBOO BIKINI,Julimex,6,Figi Julimex Bamboo Bikini S-2XL,Julimex,13
5905172675634, Figi Model Bamboo Bikini Beige - Julimex ,Julimex,6,Figi BAMBOO BIKINI,Julimex,6,Figi Julimex Bamboo Bikini S-2XL,Julimex,9
5905172675641, Figi Model Bamboo Bikini Beige - Julimex ,Julimex,4,Figi BAMBOO BIKINI,Julimex,4,Figi Julimex Bamboo Bikini S-2XL,Julimex,6
5905172675658, Figi Model Bamboo Bikini Black - Julimex ,Julimex,8,Figi BAMBOO BIKINI,Julimex,8,Figi Julimex Bamboo Bikini S-2XL,Julimex,4
5905172675665, Figi Model Bamboo Bikini Black - Julimex ,Julimex,14,Figi BAMBOO BIKINI,Julimex,14,Figi Julimex Bamboo Bikini S-2XL,Julimex,9
5905172675672, Figi Model Bamboo Bikini Black - Julimex ,Julimex,12,Figi BAMBOO BIKINI,Julimex,12,Figi Julimex Bamboo Bikini S-2XL,Julimex,12
5905172675689, Figi Model Bamboo Bikini Black - Julimex ,Julimex,5,Figi BAMBOO BIKINI,Julimex,5,Figi Julimex Bamboo Bikini S-2XL,Julimex,8
5905172675696, Figi Model Bamboo Bikini Black - Julimex ,Julimex,21,Figi BAMBOO BIKINI,Julimex,21,Figi Julimex Bamboo Bikini S-2XL,Julimex,9
5905172675702, Figi Model Infinity Boyshorts Maxi Beige - Julimex ,Julimex,11,Figi INFINITI BOYSHORTS MAXI,Julimex,9,Figi Julimex Infinity Boyshort Maxi S-XL,Julimex,27
5905172675719, Figi Model Infinity Boyshorts Maxi Beige - Julimex ,Julimex,2,Figi INFINITI BOYSHORTS MAXI,Julimex,1,Figi Julimex Infinity Boyshort Maxi S-XL,Julimex,34
5905172675726, Figi Model Infinity Boyshorts Maxi Beige - Julimex ,Julimex,4,Figi INFINITI BOYSHORTS MAXI,Julimex,3,Figi Julimex Infinity Boyshort Maxi S-XL,Julimex,9
5905172675733, Figi Model Infinity Boyshorts Maxi Beige - Julimex ,Julimex,5,Figi INFINITI BOYSHORTS MAXI,Julimex,4,Figi Julimex Infinity Boyshort Maxi S-XL,Julimex,12
5905172675740, Figi Model Infinity Boyshorts Maxi Black - Julimex ,Julimex,14,Figi INFINITI BOYSHORTS MAXI,Julimex,14,Figi Julimex Infinity Boyshort Maxi S-XL,Julimex,7
5905172675757, Figi Model Infinity Boyshorts Maxi Black - Julimex ,Julimex,10,Figi INFINITI BOYSHORTS MAXI,Julimex,10,Figi Julimex Infinity Boyshort Maxi S-XL,Julimex,5
5905172675764, Figi Model Infinity Boyshorts Maxi Black - Julimex ,Julimex,6,Figi INFINITI BOYSHORTS MAXI,Julimex,6,Figi Julimex Infinity Boyshort Maxi S-XL,Julimex,9
5905172675771, Figi Model Infinity Boyshorts Maxi Black - Julimex ,Julimex,4,Figi INFINITI BOYSHORTS MAXI,Julimex,4,Figi Julimex Infinity Boyshort Maxi S-XL,Julimex,13
5905172675788, Figi Model Infinity Maxi Beige - Julimex ,Julimex,9,Figi INFINITI MAXI,Julimex,9,Figi Julimex Infinity Maxi S-XL,Julimex,82
5905172675795, Figi Model Infinity Maxi Beige - Julimex ,Julimex,7,Figi INFINITI MAXI,Julimex,7,Figi Julimex Infinity Maxi S-XL,Julimex,84
5905172675801, Figi Model Infinity Maxi Beige - Julimex ,Julimex,5,Figi INFINITI MAXI,Julimex,5,Figi Julimex Infinity Maxi S-XL,Julimex,51
5905172675818, Figi Model Infinity Maxi Beige - Julimex ,Julimex,3,Figi INFINITI MAXI,Julimex,3,Figi Julimex Infinity Maxi S-XL,Julimex,63
5905172675825, Figi Model Infinity Maxi Black - Julimex ,Julimex,10,Figi INFINITI MAXI,Julimex,10,Figi Julimex Infinity Maxi S-XL,Julimex,51
5905172675832, Figi Model Infinity Maxi Black - Julimex ,Julimex,9,Figi INFINITI MAXI,Julimex,9,Figi Julimex Infinity Maxi S-XL,Julimex,49
5905172675849, Figi Model Infinity Maxi Black - Julimex ,Julimex,5,Figi INFINITI MAXI,Julimex,5,Figi Julimex Infinity Maxi S-XL,Julimex,46
5905172675856, Figi Model Infinity Maxi Black - Julimex ,Julimex,9,Figi INFINITI MAXI,Julimex,9,Figi Julimex Infinity Maxi S-XL,Julimex,24
5905172675863, Biustonosz Soft Model Infinity Soft Bra Beige - Julimex ,Julimex,4,Biustonosz INFINITI SOFT BRA,Julimex,3,Top biustonosz Julimex Soft Infinity Bra S-XL,Julimex,2
5905172675870, Biustonosz Soft Model Infinity Soft Bra Beige - Julimex ,Julimex,3,Biustonosz INFINITI SOFT BRA,Julimex,2,Top biustonosz Julimex Soft Infinity Bra S-XL,Julimex,7
5905172675887, Biustonosz Soft Model Infinity Soft Bra Beige - Julimex ,Julimex,0,Biustonosz INFINITI SOFT BRA,Julimex,0,Top biustonosz Julimex Soft Infinity Bra S-XL,Julimex,8
5905172675894, Biustonosz Soft Model Infinity Soft Bra Beige - Julimex ,Julimex,2,Biustonosz INFINITI SOFT BRA,Julimex,1,Top biustonosz Julimex Soft Infinity Bra S-XL,Julimex,16
5905172675948, Biustonosz Soft Model Infinity Top Beige - Julimex ,Julimex,16,Biustonosz INFINITI TOP,Julimex,16,Top Julimex Infinity S-XL,Julimex,14
5905172675955, Biustonosz Soft Model Infinity Top Beige - Julimex ,Julimex,18,Biustonosz INFINITI TOP,Julimex,18,Top Julimex Infinity S-XL,Julimex,8
5905172675962, Biustonosz Soft Model Infinity Top Beige - Julimex ,Julimex,2,Biustonosz INFINITI TOP,Julimex,2,Top Julimex Infinity S-XL,Julimex,6
5905172675979, Biustonosz Soft Model Infinity Top Beige - Julimex ,Julimex,13,Biustonosz INFINITI TOP,Julimex,13,Top Julimex Infinity S-XL,Julimex,10
5905172675986, Biustonosz Soft Model Infinity Top Black - Julimex ,Julimex,3,Biustonosz INFINITI TOP,Julimex,3,Top Julimex Infinity S-XL,Julimex,12
5905172675993, Biustonosz Soft Model Infinity Top Black - Julimex ,Julimex,2,Biustonosz INFINITI TOP,Julimex,2,Top Julimex Infinity S-XL,Julimex,13
5905172676006, Biustonosz Soft Model Infinity Top Black - Julimex ,Julimex,4,Biustonosz INFINITI TOP,Julimex,4,Top Julimex Infinity S-XL,Julimex,10
5905172676013, Biustonosz Soft Model Infinity Top Black - Julimex ,Julimex,4,Biustonosz INFINITI TOP,Julimex,3,Top Julimex Infinity S-XL,Julimex,8
5905172676020, Biustonosz Soft Model Simple t-shirt Bra Beige - Julimex ,Julimex,2,Biustonosz SIMPLE T SHIRT BRA,Julimex,2,Biustonosz soft Julimex Simple T-Shirt Bra S-XL,Julimex,26
5905172676037, Biustonosz Soft Model Simple t-shirt Bra Beige - Julimex ,Julimex,4,Biustonosz SIMPLE T SHIRT BRA,Julimex,3,Biustonosz soft Julimex Simple T-Shirt Bra S-XL,Julimex,12
5905172676044, Biustonosz Soft Model Simple t-shirt Bra Beige - Julimex ,Julimex,3,Biustonosz SIMPLE T SHIRT BRA,Julimex,2,Biustonosz soft Julimex Simple T-Shirt Bra S-XL,Julimex,12
5905172676051, Biustonosz Soft Model Simple t-shirt Bra Beige - Julimex ,Julimex,3,Biustonosz SIMPLE T SHIRT BRA,Julimex,3,Biustonosz soft Julimex Simple T-Shirt Bra S-XL,Julimex,15
5905172676068, Biustonosz Soft Model Simple t-shirt Bra Black - Julimex ,Julimex,3,Biustonosz SIMPLE T SHIRT BRA,Julimex,3,Biustonosz soft Julimex Simple T-Shirt Bra S-XL,Julimex,3
5905172676075, Biustonosz Soft Model Simple t-shirt Bra Black - Julimex ,Julimex,3,Biustonosz SIMPLE T SHIRT BRA,Julimex,2,Biustonosz soft Julimex Simple T-Shirt Bra S-XL,Julimex,10
5905172676082, Biustonosz Soft Model Simple t-shirt Bra Black - Julimex ,Julimex,1,Biustonosz SIMPLE T SHIRT BRA,Julimex,1,Biustonosz soft Julimex Simple T-Shirt Bra S-XL,Julimex,1
5905172676099, Biustonosz Soft Model Simple t-shirt Bra Black - Julimex ,Julimex,3,Biustonosz SIMPLE T SHIRT BRA,Julimex,3,Biustonosz soft Julimex Simple T-Shirt Bra S-XL,Julimex,4
5905172677478, Biustonosz Soft Model Bamboo Lounge Nude - Julimex ,Julimex,0,Biustonosz BAMBOO LOUNGE BRA,Julimex,3,Biustonosz/Top Julimex Bamboo Lounge Bra S-2XL,Julimex,12
5905172677485, Biustonosz Soft Model Bamboo Lounge Nude - Julimex ,Julimex,0,Biustonosz BAMBOO LOUNGE BRA,Julimex,0,Biustonosz/Top Julimex Bamboo Lounge Bra S-2XL,Julimex,1
5905172677508, Biustonosz Soft Model Bamboo Lounge Nude - Julimex ,Julimex,0,Biustonosz BAMBOO LOUNGE BRA,Julimex,4,Biustonosz/Top Julimex Bamboo Lounge Bra S-2XL,Julimex,12
5905172677515, Biustonosz Soft Model Bamboo Lounge Black - Julimex ,Julimex,0,Biustonosz BAMBOO LOUNGE BRA,Julimex,3,Biustonosz/Top Julimex Bamboo Lounge Bra S-2XL,Julimex,7
5905172677522, Biustonosz Soft Model Bamboo Lounge Black - Julimex ,Julimex,0,Biustonosz BAMBOO LOUNGE BRA,Julimex,3,Biustonosz/Top Julimex Bamboo Lounge Bra S-2XL,Julimex,10
5905172677539, Biustonosz Soft Model Bamboo Lounge Black - Julimex ,Julimex,0,Biustonosz BAMBOO LOUNGE BRA,Julimex,3,Biustonosz/Top Julimex Bamboo Lounge Bra S-2XL,Julimex,9
5905172677546, Biustonosz Soft Model Bamboo Lounge Black - Julimex ,Julimex,0,Biustonosz BAMBOO LOUNGE BRA,Julimex,2,Biustonosz/Top Julimex Bamboo Lounge Bra S-2XL,Julimex,1
5905172677553, Biustonosz Soft Model Bamboo Lounge Black - Julimex ,Julimex,2,Biustonosz BAMBOO LOUNGE BRA,Julimex,0,Biustonosz/Top Julimex Bamboo Lounge Bra S-2XL,Julimex,7
5905172677560, Szorty Model Bamboo Boyshorts Nude - Julimex ,Julimex,0,Szorty BAMBOO BOYSHORTS,Julimex,4,Szorty Julimex Bamboo Boyshorts S-2XL,Julimex,10
5905172677577, Szorty Model Bamboo Boyshorts Nude - Julimex ,Julimex,0,Szorty BAMBOO BOYSHORTS,Julimex,1,Szorty Julimex Bamboo Boyshorts S-2XL,Julimex,12
5905172677584, Szorty Model Bamboo Boyshorts Nude - Julimex ,Julimex,0,Szorty BAMBOO BOYSHORTS,Julimex,0,Szorty Julimex Bamboo Boyshorts S-2XL,Julimex,22
5905172677607, Szorty Model Bamboo Boyshorts Nude - Julimex ,Julimex,0,Szorty BAMBOO BOYSHORTS,Julimex,0,Szorty Julimex Bamboo Boyshorts S-2XL,Julimex,10
5905172677614, Szorty Model Bamboo Boyshorts Black - Julimex ,Julimex,0,Szorty BAMBOO BOYSHORTS,Julimex,5,Szorty Julimex Bamboo Boyshorts S-2XL,Julimex,9
5905172677621, Szorty Model Bamboo Boyshorts Black - Julimex ,Julimex,0,Szorty BAMBOO BOYSHORTS,Julimex,6,Szorty Julimex Bamboo Boyshorts S-2XL,Julimex,19
5905172677645, Szorty Model Bamboo Boyshorts Black - Julimex ,Julimex,0,Szorty BAMBOO BOYSHORTS,Julimex,3,Szorty Julimex Bamboo Boyshorts S-2XL,Julimex,19
5905172677652, Szorty Model Bamboo Boyshorts Black - Julimex ,Julimex,1,Szorty BAMBOO BOYSHORTS,Julimex,4,Szorty Julimex Bamboo Boyshorts S-2XL,Julimex,13
5905172677669, Biustonosz Soft Model Bamboo Lounge Nude - Julimex ,Julimex,0,Biustonosz BAMBOO LOUNGE BRA,Julimex,19,Biustonosz/Top Julimex Bamboo Lounge Bra S-2XL,Julimex,2
5905172677966, Koszulka nocna T-shirt Model Simple Longsleeve Beige - Julimex ,Julimex,4,Koszulka SIMPLE LONGSLEEVE,Julimex,4,Koszulka Julimex Simle Longsleeve dł/r S-XL,Julimex,14
5905172678000," Gorsety, body, pasy Body Model Bamboo Beige - Julimex ",Julimex,2,Body BAMBOO,Julimex,1,Body Julimex Bamboo S-2XL,Julimex,9
5905172678017," Gorsety, body, pasy Body Model Bamboo Beige - Julimex ",Julimex,3,Body BAMBOO,Julimex,3,Body Julimex Bamboo S-2XL,Julimex,10
5905172678024," Gorsety, body, pasy Body Model Bamboo Beige - Julimex ",Julimex,1,Body BAMBOO,Julimex,1,Body Julimex Bamboo S-2XL,Julimex,7
5905172678031," Gorsety, body, pasy Body Model Bamboo Beige - Julimex ",Julimex,1,Body BAMBOO,Julimex,1,Body Julimex Bamboo S-2XL,Julimex,8
5905172678048," Gorsety, body, pasy Body Model Bamboo Beige - Julimex ",Julimex,1,Body BAMBOO,Julimex,1,Body Julimex Bamboo S-2XL,Julimex,10
5905172678055," Gorsety, body, pasy Body Model Bamboo Black - Julimex ",Julimex,4,Body BAMBOO,Julimex,4,Body Julimex Bamboo S-2XL,Julimex,9
5905172678062," Gorsety, body, pasy Body Model Bamboo Black - Julimex ",Julimex,5,Body BAMBOO,Julimex,5,Body Julimex Bamboo S-2XL,Julimex,10
5905172678079," Gorsety, body, pasy Body Model Bamboo Black - Julimex ",Julimex,4,Body BAMBOO,Julimex,4,Body Julimex Bamboo S-2XL,Julimex,11
5905172678086," Gorsety, body, pasy Body Model Bamboo Black - Julimex ",Julimex,8,Body BAMBOO,Julimex,8,Body Julimex Bamboo S-2XL,Julimex,7
5905172678093," Gorsety, body, pasy Body Model Bamboo Black - Julimex ",Julimex,3,Body BAMBOO,Julimex,3,Body Julimex Bamboo S-2XL,Julimex,8
5905172678116, Koszulka nocna T-shirt Model Simple Longsleeve Beige - Julimex ,Julimex,2,Koszulka SIMPLE LONGSLEEVE,Julimex,2,Koszulka Julimex Simle Longsleeve dł/r S-XL,Julimex,14
5905172678130, Koszulka nocna T-shirt Model Simple Longsleeve Beige - Julimex ,Julimex,1,Koszulka SIMPLE LONGSLEEVE,Julimex,1,Koszulka Julimex Simle Longsleeve dł/r S-XL,Julimex,2
5905172678147, Koszulka nocna T-shirt Model Simple Longsleeve Beige - Julimex ,Julimex,6,Koszulka SIMPLE LONGSLEEVE,Julimex,6,Koszulka Julimex Simle Longsleeve dł/r S-XL,Julimex,14
5905172678154, Koszulka nocna T-shirt Model Simple Longsleeve Black - Julimex ,Julimex,4,Koszulka SIMPLE LONGSLEEVE,Julimex,4,Koszulka Julimex Simle Longsleeve dł/r S-XL,Julimex,12
5905172678161, Koszulka nocna T-shirt Model Simple Longsleeve Black - Julimex ,Julimex,2,Koszulka SIMPLE LONGSLEEVE,Julimex,2,Koszulka Julimex Simle Longsleeve dł/r S-XL,Julimex,12
5905172678178, Koszulka nocna T-shirt Model Simple Longsleeve Black - Julimex ,Julimex,2,Koszulka SIMPLE LONGSLEEVE,Julimex,2,Koszulka Julimex Simle Longsleeve dł/r S-XL,Julimex,10
5905172678185, Koszulka nocna T-shirt Model Simple Longsleeve Black - Julimex ,Julimex,6,Koszulka SIMPLE LONGSLEEVE,Julimex,6,Koszulka Julimex Simle Longsleeve dł/r S-XL,Julimex,10
5905172678192, Figi Model Joy Brasil Maxi Beige - Julimex ,Julimex,0,Figi JOY BRASIL MAXI,Julimex,0,Figi Julimex Joy Brasil Maxi S-2XL,Julimex,15
5905172678208, Figi Model Joy Brasil Maxi Beige - Julimex ,Julimex,0,Figi JOY BRASIL MAXI,Julimex,0,Figi Julimex Joy Brasil Maxi S-2XL,Julimex,2
5905172678215, Figi Model Joy Brasil Maxi Beige - Julimex ,Julimex,0,Figi JOY BRASIL MAXI,Julimex,0,Figi Julimex Joy Brasil Maxi S-2XL,Julimex,40
5905172678222, Figi Model Joy Brasil Maxi Beige - Julimex ,Julimex,13,Figi JOY BRASIL MAXI,Julimex,13,Figi Julimex Joy Brasil Maxi S-2XL,Julimex,42
5905172678239, Figi Model Joy Brasil Maxi Beige - Julimex ,Julimex,1,Figi JOY BRASIL MAXI,Julimex,1,Figi Julimex Joy Brasil Maxi S-2XL,Julimex,39
5905172678246, Figi Model Joy Brasil Maxi Black - Julimex ,Julimex,5,Figi JOY BRASIL MAXI,Julimex,5,Figi Julimex Joy Brasil Maxi S-2XL,Julimex,23
5905172678253, Figi Model Joy Brasil Maxi Black - Julimex ,Julimex,0,Figi JOY BRASIL MAXI,Julimex,0,Figi Julimex Joy Brasil Maxi S-2XL,Julimex,26
5905172678260, Figi Model Joy Brasil Maxi Black - Julimex ,Julimex,22,Figi JOY BRASIL MAXI,Julimex,22,Figi Julimex Joy Brasil Maxi S-2XL,Julimex,45
5905172678277, Figi Model Joy Brasil Maxi Black - Julimex ,Julimex,10,Figi JOY BRASIL MAXI,Julimex,10,Figi Julimex Joy Brasil Maxi S-2XL,Julimex,15
5905172678284, Figi Model Joy Brasil Maxi Black - Julimex ,Julimex,17,Figi JOY BRASIL MAXI,Julimex,17,Figi Julimex Joy Brasil Maxi S-2XL,Julimex,21
5905172678383, Figi Model Love Vibes Brasil Pink - Julimex ,Julimex,1,Figi LOVE VIBES BRASIL,Julimex,1,Figi Julimex Love Vibes Simple Brasil S-XL,Julimex,24
5905172678567, Figi Model Kiss Me Brasil Black - Julimex ,Julimex,3,Figi KISS ME BRASIL,Julimex,3,Figi Julimex Kiss Me Simple Brasil S-XL,Julimex,24
5905172678697, Figi brazyliany Model Kiss Me Tanga Brasil Black - Julimex ,Julimex,10,Figi KISS ME TANGA BRASIL,Julimex,10,Figi Julimex Kiss Me Tanga Brasil S-XL,Julimex,38
5906713250464,  Figi Model Hipster panty Beige - Julimex Lingerie ,Julimex Lingerie,15,Figi HIPSTER PANTY,Julimex,15,Figi Julimex Hipster Panty S-XL,Julimex,37
5906713250488,  Figi Model Hipster panty Beige - Julimex Lingerie ,Julimex Lingerie,11,Figi HIPSTER PANTY,Julimex,11,Figi Julimex Hipster Panty S-XL,Julimex,37
5906713250556,  Biustonosz samonośny materiałowy Model BS02 Naturalny Beige - Julimex ,Julimex,6,Biustonosz BS02,Julimex,5,Biustonosz Julimex BS 02 samonośny Push Up,Julimex,10
5906713250563,  Biustonosz samonośny materiałowy Model BS02 Naturalny Beige - Julimex ,Julimex,15,Biustonosz BS02,Julimex,13,Biustonosz Julimex BS 02 samonośny Push Up,Julimex,20
5906713250570,  Biustonosz samonośny materiałowy Model BS02 Naturalny Beige - Julimex ,Julimex,10,Biustonosz BS02,Julimex,8,Biustonosz Julimex BS 02 samonośny Push Up,Julimex,9
5906713250839,  Figi Model Tanga panty Beige - Julimex Lingerie ,Julimex Lingerie,7,Figi TANGA PANTY,Julimex,7,Figi Julimex Tanga Panty S-XL,Julimex,27
5906713250846,  Figi Model Tanga panty Beige - Julimex Lingerie ,Julimex Lingerie,12,Figi TANGA PANTY,Julimex,12,Figi Julimex Tanga Panty S-XL,Julimex,55
5906713250853,  Figi Model Tanga panty Beige - Julimex Lingerie ,Julimex Lingerie,5,Figi TANGA PANTY,Julimex,5,Figi Julimex Tanga Panty S-XL,Julimex,57
5906713250860,  Figi Model Tanga panty Beige - Julimex Lingerie ,Julimex Lingerie,8,Figi TANGA PANTY,Julimex,8,Figi Julimex Tanga Panty S-XL,Julimex,27
5906713250877,  Figi Model Tanga panty White - Julimex Lingerie ,Julimex Lingerie,0,Figi TANGA PANTY,Julimex,0,Figi Julimex Tanga Panty S-XL,Julimex,1
5906713250921,  Figi Model Tanga panty White - Julimex Lingerie ,Julimex Lingerie,5,Figi TANGA PANTY,Julimex,5,Figi Julimex Tanga Panty S-XL,Julimex,10
5906713251287,  Figi Model Tanga panty Black - Julimex Lingerie ,Julimex Lingerie,10,Figi TANGA PANTY,Julimex,10,Figi Julimex Tanga Panty S-XL,Julimex,47
5906713251294,  Figi Model Tanga panty Black - Julimex Lingerie ,Julimex Lingerie,12,Figi TANGA PANTY,Julimex,12,Figi Julimex Tanga Panty S-XL,Julimex,37
5906713251300,  Figi Model Tanga panty Black - Julimex Lingerie ,Julimex Lingerie,6,Figi TANGA PANTY,Julimex,6,Figi Julimex Tanga Panty S-XL,Julimex,20
5906713251621,  Biustonosz Model BS-04 Transparentny - Julimex ,Julimex,9,Biustonosz BS04,Julimex,7,Biustonosz Julimex BS 04 samonośny z ramiączkami,Julimex,7
5906713251638,  Biustonosz Model BS-04 Transparentny - Julimex ,Julimex,12,Biustonosz BS04,Julimex,10,Biustonosz Julimex BS 04 samonośny z ramiączkami,Julimex,50
5906713251645,  Biustonosz Model BS-04 Transparentny - Julimex ,Julimex,14,Biustonosz BS04,Julimex,14,Biustonosz Julimex BS 04 samonośny z ramiączkami,Julimex,45
5906713251652,  Biustonosz Model BS-04 Transparentny - Julimex ,Julimex,5,Biustonosz BS04,Julimex,5,Biustonosz Julimex BS 04 samonośny z ramiączkami,Julimex,36
5906713252758, Koszulka nocna Halka Model SoftSmooth Naturalny - Julimex Lingerie ,Julimex Lingerie,2,Halka SOFT & SMOOTH,Julimex,2,Halka Julimex Soft & Smooth S-2XL,Julimex,10
5906713252765, Koszulka nocna Halka Model SoftSmooth Naturalny - Julimex Lingerie ,Julimex Lingerie,7,Halka SOFT & SMOOTH,Julimex,7,Halka Julimex Soft & Smooth S-2XL,Julimex,34
5906713252772, Koszulka nocna Halka Model SoftSmooth Naturalny - Julimex Lingerie ,Julimex Lingerie,4,Halka SOFT & SMOOTH,Julimex,4,Halka Julimex Soft & Smooth S-2XL,Julimex,36
5906713252789, Koszulka nocna Halka Model SoftSmooth Naturalny - Julimex Lingerie ,Julimex Lingerie,3,Halka SOFT & SMOOTH,Julimex,3,Halka Julimex Soft & Smooth S-2XL,Julimex,32
5906713252796, Koszulka nocna Halka Model SoftSmooth Naturalny - Julimex Lingerie ,Julimex Lingerie,5,Halka SOFT & SMOOTH,Julimex,5,Halka Julimex Soft & Smooth S-2XL,Julimex,28
5906713252994,  Body wyszczuplające Model 219 Black - Julimex Shapewear ,Julimex Shapewear,7,Body pod biust 219,Julimex,7,Body Julimex Shapewear Pod Biust 219 S-3XL,Julimex,3
5906713253007,  Body wyszczuplające Model 219 Black - Julimex Shapewear ,Julimex Shapewear,11,Body pod biust 219,Julimex,11,Body Julimex Shapewear Pod Biust 219 S-3XL,Julimex,9
5906713253021,  Body wyszczuplające Model 219 Black - Julimex Shapewear ,Julimex Shapewear,7,Body pod biust 219,Julimex,7,Body Julimex Shapewear Pod Biust 219 S-3XL,Julimex,9
5906713253038,  Body wyszczuplające Model 219 Black - Julimex Shapewear ,Julimex Shapewear,3,Body pod biust 219,Julimex,3,Body Julimex Shapewear Pod Biust 219 S-3XL,Julimex,5
5906713253052, Figi Model Cheekie Panty Beige - Julimex ,Julimex,7,Figi CHEEKIE PANTY,Julimex,7,Figi Julimex Cheekie Panty S-XL,Julimex,12
5906713253069, Figi Model Cheekie Panty Beige - Julimex ,Julimex,12,Figi CHEEKIE PANTY,Julimex,12,Figi Julimex Cheekie Panty S-XL,Julimex,40
5906713253076, Figi Model Cheekie Panty Beige - Julimex ,Julimex,10,Figi CHEEKIE PANTY,Julimex,10,Figi Julimex Cheekie Panty S-XL,Julimex,30
5906713253083, Figi Model Cheekie Panty Beige - Julimex ,Julimex,7,Figi CHEEKIE PANTY,Julimex,7,Figi Julimex Cheekie Panty S-XL,Julimex,10
5906713255575,  Figi modelujące Model 271 Biege - Julimex Shapewear ,Julimex Shapewear,3,Figi 271 MODELUJĄCE,Julimex,3,Figi Julimex Shapewear 271 modelujące S-2XL,Julimex,40
5906713255599,  Figi modelujące Model 271 Biege - Julimex Shapewear ,Julimex Shapewear,3,Figi 271 MODELUJĄCE,Julimex,3,Figi Julimex Shapewear 271 modelujące S-2XL,Julimex,46
5906713255698,  Figi modelujące Model 271 Biege - Julimex Shapewear ,Julimex Shapewear,3,Figi 271 MODELUJĄCE,Julimex,2,Figi Julimex Shapewear 271 modelujące S-2XL,Julimex,29
5906713255704,  Figi modelujące Model 271 Biege - Julimex Shapewear ,Julimex Shapewear,4,Figi 271 MODELUJĄCE,Julimex,4,Figi Julimex Shapewear 271 modelujące S-2XL,Julimex,35
5906713255728,  Figi modelujące Model 271 Biege - Julimex Shapewear ,Julimex Shapewear,0,Figi 271 MODELUJĄCE,Julimex,0,Figi Julimex Shapewear 271 modelujące S-2XL,Julimex,11
5906713256299,  Wyszczuplająca półhalka Model 220 Naturalna - Julimex Shapewear ,Julimex Shapewear,7,Półhalka 220,Julimex,7,Półhalka Julimex Shapewear 220 Skirt S-2XL,Julimex,6
5906713256305,  Wyszczuplająca półhalka Model 220 Naturalna - Julimex Shapewear ,Julimex Shapewear,4,Półhalka 220,Julimex,4,Półhalka Julimex Shapewear 220 Skirt S-2XL,Julimex,7
5906713256312,  Wyszczuplająca półhalka Model 220 Naturalna - Julimex Shapewear ,Julimex Shapewear,2,Półhalka 220,Julimex,2,Półhalka Julimex Shapewear 220 Skirt S-2XL,Julimex,2
5906713256329,  Wyszczuplająca półhalka Model 220 Naturalna - Julimex Shapewear ,Julimex Shapewear,7,Półhalka 220,Julimex,7,Półhalka Julimex Shapewear 220 Skirt S-2XL,Julimex,4
5906713256428,  Wyszczuplająca półhalka Model 220 Naturalna - Julimex Shapewear ,Julimex Shapewear,6,Półhalka 220,Julimex,6,Półhalka Julimex Shapewear 220 Skirt S-2XL,Julimex,3
5906713256749,  Biustonosz samonośny materiałowy Model BS02 Naturalny Beige - Julimex ,Julimex,2,Biustonosz BS02,Julimex,2,Biustonosz Julimex BS 02 samonośny Push Up,Julimex,1
5906713259733,  Body wyszczuplające Model 219 Naturalny - Julimex Shapewear ,Julimex Shapewear,4,Body pod biust 219,Julimex,4,Body Julimex Shapewear Pod Biust 219 S-3XL,Julimex,18
5906713259740,  Body wyszczuplające Model 219 Naturalny - Julimex Shapewear ,Julimex Shapewear,10,Body pod biust 219,Julimex,10,Body Julimex Shapewear Pod Biust 219 S-3XL,Julimex,70
5906713259757,  Body wyszczuplające Model 219 Naturalny - Julimex Shapewear ,Julimex Shapewear,12,Body pod biust 219,Julimex,11,Body Julimex Shapewear Pod Biust 219 S-3XL,Julimex,61
5906713259764,  Body wyszczuplające Model 219 Naturalny - Julimex Shapewear ,Julimex Shapewear,7,Body pod biust 219,Julimex,7,Body Julimex Shapewear Pod Biust 219 S-3XL,Julimex,75
5906713259788,  Figi wyszczuplające Model 241 Naturalny - Julimex Shapewear ,Julimex Shapewear,3,Figi 241 WYSOKA TALIA,Julimex,3,Figi Julimex Shapewear Wysoka Talia 241 XS-2XL,Julimex,8
5906713259795,  Figi wyszczuplające Model 241 Naturalny - Julimex Shapewear ,Julimex Shapewear,15,Figi 241 WYSOKA TALIA,Julimex,15,Figi Julimex Shapewear Wysoka Talia 241 XS-2XL,Julimex,30
5906713259801,  Figi wyszczuplające Model 241 Naturalny - Julimex Shapewear ,Julimex Shapewear,6,Figi 241 WYSOKA TALIA,Julimex,6,Figi Julimex Shapewear Wysoka Talia 241 XS-2XL,Julimex,38
5906713259818,  Figi wyszczuplające Model 241 Naturalny - Julimex Shapewear ,Julimex Shapewear,4,Figi 241 WYSOKA TALIA,Julimex,3,Figi Julimex Shapewear Wysoka Talia 241 XS-2XL,Julimex,28
5906713259825,  Figi wyszczuplające Model 241 Naturalny - Julimex Shapewear ,Julimex Shapewear,4,Figi 241 WYSOKA TALIA,Julimex,4,Figi Julimex Shapewear Wysoka Talia 241 XS-2XL,Julimex,22
5906713259849,  Body wyszczuplające Model 219 Naturalny - Julimex Shapewear ,Julimex Shapewear,4,Body pod biust 219,Julimex,3,Body Julimex Shapewear Pod Biust 219 S-3XL,Julimex,34
5906733340336,  Rajstopy Model Shira 1242 Nero - Gabriella ,Gabriella,7,Rajstopy 1242 SHIRA,GABRIELLA,7,Rajstopy Gabriella 1242 Shira 20 den 2-4,Gabriella,3
5906733340343,  Rajstopy Model Shira 1242 Nero - Gabriella ,Gabriella,14,Rajstopy 1242 SHIRA,GABRIELLA,14,Rajstopy Gabriella 1242 Shira 20 den 2-4,Gabriella,8
5906733340350,  Rajstopy Model Shira 1242 Nero - Gabriella ,Gabriella,10,Rajstopy 1242 SHIRA,GABRIELLA,10,Rajstopy Gabriella 1242 Shira 20 den 2-4,Gabriella,8
5906733342569,  Rajstopy Model Shira 1242 Beige - Gabriella ,Gabriella,4,Rajstopy 1242 SHIRA,GABRIELLA,4,Rajstopy Gabriella 1242 Shira 20 den 2-4,Gabriella,2
5906733342576,  Rajstopy Model Shira 1242 Beige - Gabriella ,Gabriella,5,Rajstopy 1242 SHIRA,GABRIELLA,5,Rajstopy Gabriella 1242 Shira 20 den 2-4,Gabriella,5
5906733342583,  Rajstopy Model Shira 1242 Beige - Gabriella ,Gabriella,6,Rajstopy 1242 SHIRA,GABRIELLA,6,Rajstopy Gabriella 1242 Shira 20 den 2-4,Gabriella,6
5906733342590,  Rajstopy Model Shira 1242 Beige - Gabriella ,Gabriella,2,Rajstopy 1242 SHIRA,GABRIELLA,2,Rajstopy Gabriella 1242 Shira 20 den 5-XL,Gabriella,1
5906733342606,  Rajstopy Model Doris 1243 Nero - Gabriella ,Gabriella,13,Rajstopy 1243 DORIS,GABRIELLA,13,Rajstopy Gabriella 1243 Doris 30 den 2-4,Gabriella,9
5906733342637,  Rajstopy Model Doris 1243 Nero - Gabriella ,Gabriella,9,Rajstopy 1243 DORIS,GABRIELLA,9,Rajstopy Gabriella 1243 Doris 30 den 5-XL,Gabriella,4
5906733364103,  Podkolanówki Model Agna 1247 Nero - Gabriella ,Gabriella,12,Podkolanówki 1247 AGNA,GABRIELLA,11,Podkolanówki Gabriella 1247 Agna 20 den,Gabriella,18
5906733364141,  Skarpety Model Savi 1249 Nero - Gabriella ,Gabriella,15,Skarpety 1249 SAVI,GABRIELLA,15,Skarpetki Gabriella 1249 Savi 20 den,Gabriella,40
5906733364158,  Skarpety Model Savi 1249 Nocciola - Gabriella ,Gabriella,8,Skarpety 1249 SAVI,GABRIELLA,8,Skarpetki Gabriella 1249 Savi 20 den,Gabriella,30
5906733364165,  Skarpety Model Arya 1250 Beige - Gabriella ,Gabriella,8,Skarpety 1250 ARYA,GABRIELLA,6,,,2
5906733364172,  Skarpety Model Arya 1250 Nero - Gabriella ,Gabriella,4,Skarpety 1250 ARYA,GABRIELLA,1,,,6
5906746930340, Biustonosz Soft Biustonosz Semi-Soft Model Inessa 2102 Maxi Beige - Ava ,Ava,1,Biustonosz 2102 MAXI BEI,Ava,1,Biustonosz semi soft Ava 2102 Maxi,Ava,2
5906746930357, Biustonosz Soft Biustonosz Semi-Soft Model Inessa 2102 Maxi Beige - Ava ,Ava,2,Biustonosz 2102 MAXI BEI,Ava,2,Biustonosz semi soft Ava 2102 Maxi,Ava,2
5906746930371, Biustonosz Soft Biustonosz Semi-Soft Model Inessa 2102 Maxi Beige - Ava ,Ava,1,Biustonosz 2102 MAXI BEI,Ava,1,Biustonosz semi soft Ava 2102 Maxi,Ava,2
5906746930388, Biustonosz Soft Biustonosz Semi-Soft Model Inessa 2102 Maxi Beige - Ava ,Ava,0,Biustonosz 2102 MAXI BEI,Ava,0,Biustonosz semi soft Ava 2102 Maxi,Ava,1
5906746930395, Biustonosz Soft Biustonosz Semi-Soft Model Inessa 2102 Maxi Beige - Ava ,Ava,0,Biustonosz 2102 MAXI BEI,Ava,0,Biustonosz semi soft Ava 2102 Maxi,Ava,3
5906746930401, Biustonosz Soft Biustonosz Semi-Soft Model Inessa 2102 Maxi Beige - Ava ,Ava,2,Biustonosz 2102 MAXI BEI,Ava,2,Biustonosz semi soft Ava 2102 Maxi,Ava,1
5906746930418, Biustonosz Soft Biustonosz Semi-Soft Model Inessa 2102 Maxi Beige - Ava ,Ava,1,Biustonosz 2102 MAXI BEI,Ava,1,Biustonosz semi soft Ava 2102 Maxi,Ava,1
5906746930425, Biustonosz Soft Biustonosz Semi-Soft Model Inessa 2102 Maxi Beige - Ava ,Ava,2,Biustonosz 2102 MAXI BEI,Ava,2,Biustonosz semi soft Ava 2102 Maxi,Ava,2
5906746930432, Biustonosz Soft Biustonosz Semi-Soft Model Inessa 2102 Maxi Beige - Ava ,Ava,1,Biustonosz 2102 MAXI BEI,Ava,1,Biustonosz semi soft Ava 2102 Maxi,Ava,3
5906746930449, Biustonosz Soft Biustonosz Semi-Soft Model Inessa 2102 Maxi Beige - Ava ,Ava,1,Biustonosz 2102 MAXI BEI,Ava,1,Biustonosz semi soft Ava 2102 Maxi,Ava,2
5906746930456, Biustonosz Soft Biustonosz Semi-Soft Model Inessa 2102 Maxi Beige - Ava ,Ava,1,Biustonosz 2102 MAXI BEI,Ava,1,Biustonosz semi soft Ava 2102 Maxi,Ava,6
5906746930463, Biustonosz Soft Biustonosz Semi-Soft Model Inessa 2102 Maxi Beige - Ava ,Ava,1,Biustonosz 2102 MAXI BEI,Ava,1,Biustonosz semi soft Ava 2102 Maxi,Ava,4
5906746930494, Biustonosz Soft Biustonosz Semi-Soft Model Inessa 2102 Maxi Beige - Ava ,Ava,1,Biustonosz 2102 MAXI BEI,Ava,1,Biustonosz semi soft Ava 2102 Maxi,Ava,1
5906746930524, Biustonosz Soft Biustonosz Semi-Soft Model Inessa 2102 Maxi Beige - Ava ,Ava,1,Biustonosz 2102 MAXI BEI,Ava,0,Biustonosz semi soft Ava 2102 Maxi,Ava,2
5906746930531, Biustonosz Soft Biustonosz Semi-Soft Model Inessa 2102 Maxi Beige - Ava ,Ava,1,Biustonosz 2102 MAXI BEI,Ava,1,Biustonosz semi soft Ava 2102 Maxi,Ava,4
5906746930753, Biustonosz Soft Model Bei 2103 Beige - Ava ,Ava,1,Biustonosz 2103 BEI,Ava,1,Biustonosz soft Ava 2103,Ava,6
5906746930760, Biustonosz Soft Model Bei 2103 Beige - Ava ,Ava,2,Biustonosz 2103 BEI,Ava,2,Biustonosz soft Ava 2103,Ava,8
5906746930777, Biustonosz Soft Model Bei 2103 Beige - Ava ,Ava,1,Biustonosz 2103 BEI,Ava,1,Biustonosz soft Ava 2103,Ava,7
5906746930784, Biustonosz Soft Model Bei 2103 Beige - Ava ,Ava,1,Biustonosz 2103 BEI,Ava,1,Biustonosz soft Ava 2103,Ava,1
5906746930791, Biustonosz Soft Model Bei 2103 Beige - Ava ,Ava,0,Biustonosz 2103 BEI,Ava,0,Biustonosz soft Ava 2103,Ava,4
5906746930838, Biustonosz Soft Model Bei 2103 Beige - Ava ,Ava,0,Biustonosz 2103 BEI,Ava,0,Biustonosz soft Ava 2103,Ava,2
5906746930845, Biustonosz Soft Model Bei 2103 Beige - Ava ,Ava,0,Biustonosz 2103 BEI,Ava,0,Biustonosz soft Ava 2103,Ava,3
5906746930852, Biustonosz Soft Model Bei 2103 Beige - Ava ,Ava,2,Biustonosz 2103 BEI,Ava,2,Biustonosz soft Ava 2103,Ava,4
5906746930869, Biustonosz Soft Model Bei 2103 Beige - Ava ,Ava,1,Biustonosz 2103 BEI,Ava,1,Biustonosz soft Ava 2103,Ava,4
5906746930883, Biustonosz Soft Model Bei 2103 Beige - Ava ,Ava,2,Biustonosz 2103 BEI,Ava,2,Biustonosz soft Ava 2103,Ava,1
5906746930890, Biustonosz Soft Model Bei 2103 Beige - Ava ,Ava,2,Biustonosz 2103 BEI,Ava,2,Biustonosz soft Ava 2103,Ava,1
5906746930906, Biustonosz Soft Model Bei 2103 Beige - Ava ,Ava,1,Biustonosz 2103 BEI,Ava,1,Biustonosz soft Ava 2103,Ava,4
5906746930913, Biustonosz Soft Model Bei 2103 Beige - Ava ,Ava,2,Biustonosz 2103 BEI,Ava,2,Biustonosz soft Ava 2103,Ava,4
5906746930920, Biustonosz Soft Model Bei 2103 Beige - Ava ,Ava,3,Biustonosz 2103 BEI,Ava,3,Biustonosz soft Ava 2103,Ava,9
5906746930937, Biustonosz Soft Model Bei 2103 Beige - Ava ,Ava,2,Biustonosz 2103 BEI,Ava,2,Biustonosz soft Ava 2103,Ava,12
5906746930944, Biustonosz Soft Model Bei 2103 Beige - Ava ,Ava,2,Biustonosz 2103 BEI,Ava,2,Biustonosz soft Ava 2103,Ava,11
5906746930951, Biustonosz Soft Model Bei 2103 Beige - Ava ,Ava,0,Biustonosz 2103 BEI,Ava,0,Biustonosz soft Ava 2103,Ava,2
5906746930968, Biustonosz Soft Model Bei 2103 Beige - Ava ,Ava,2,Biustonosz 2103 BEI,Ava,2,Biustonosz soft Ava 2103,Ava,2
5906746930975, Biustonosz Soft Model Bei 2103 Beige - Ava ,Ava,0,Biustonosz 2103 BEI,Ava,0,Biustonosz soft Ava 2103,Ava,3
5906746930982, Biustonosz Soft Model Bei 2103 Beige - Ava ,Ava,0,Biustonosz 2103 BEI,Ava,0,Biustonosz soft Ava 2103,Ava,3
5906746930999, Biustonosz Soft Model Bei 2103 Beige - Ava ,Ava,2,Biustonosz 2103 BEI,Ava,2,Biustonosz soft Ava 2103,Ava,7
5906746931002, Biustonosz Soft Model Bei 2103 Beige - Ava ,Ava,1,Biustonosz 2103 BEI,Ava,1,Biustonosz soft Ava 2103,Ava,2
5906746931019, Biustonosz Soft Model Bei 2103 Beige - Ava ,Ava,0,Biustonosz 2103 BEI,Ava,0,Biustonosz soft Ava 2103,Ava,8
5906746931026, Biustonosz Soft Model Bei 2103 Beige - Ava ,Ava,1,Biustonosz 2103 BEI,Ava,1,Biustonosz soft Ava 2103,Ava,5
5906746931033, Biustonosz Soft Model Bei 2103 Beige - Ava ,Ava,0,Biustonosz 2103 BEI,Ava,0,Biustonosz soft Ava 2103,Ava,4
5906746931040, Biustonosz Soft Model Bei 2103 Beige - Ava ,Ava,1,Biustonosz 2103 BEI,Ava,1,Biustonosz soft Ava 2103,Ava,5
5906746931057, Biustonosz Soft Model Bei 2103 Beige - Ava ,Ava,0,Biustonosz 2103 BEI,Ava,0,Biustonosz soft Ava 2103,Ava,4
5906746931064, Biustonosz Soft Model Bei 2103 Beige - Ava ,Ava,0,Biustonosz 2103 BEI,Ava,0,Biustonosz soft Ava 2103,Ava,1
5906746931071, Biustonosz Soft Model Bei 2103 Beige - Ava ,Ava,1,Biustonosz 2103 BEI,Ava,1,Biustonosz soft Ava 2103,Ava,1
5906746931088, Biustonosz Soft Model Bei 2103 Beige - Ava ,Ava,1,Biustonosz 2103 BEI,Ava,1,Biustonosz soft Ava 2103,Ava,5
5906746931095, Biustonosz Soft Model Bei 2103 Beige - Ava ,Ava,0,Biustonosz 2103 BEI,Ava,0,Biustonosz soft Ava 2103,Ava,4
5906746931101, Biustonosz Soft Model Bei 2103 Beige - Ava ,Ava,1,Biustonosz 2103 BEI,Ava,1,Biustonosz soft Ava 2103,Ava,4
5906746931170, Biustonosz Soft Model Bei 2103 Maxi Beige - Ava ,Ava,0,Biustonosz 2103 MAXI BEI,Ava,0,Biustonosz soft Ava 2103 Maxi,Ava,1
5906746931187, Biustonosz Soft Model Bei 2103 Maxi Beige - Ava ,Ava,2,Biustonosz 2103 MAXI BEI,Ava,2,Biustonosz soft Ava 2103 Maxi,Ava,1
5906746931224, Biustonosz Soft Model Bei 2103 Maxi Beige - Ava ,Ava,2,Biustonosz 2103 MAXI BEI,Ava,2,Biustonosz soft Ava 2103 Maxi,Ava,3
5906746931231, Biustonosz Soft Model Bei 2103 Maxi Beige - Ava ,Ava,1,Biustonosz 2103 MAXI BEI,Ava,1,Biustonosz soft Ava 2103 Maxi,Ava,4
5906746931255, Biustonosz Soft Model Bei 2103 Maxi Beige - Ava ,Ava,1,Biustonosz 2103 MAXI BEI,Ava,1,Biustonosz soft Ava 2103 Maxi,Ava,3
5906746931262, Biustonosz Soft Model Bei 2103 Maxi Beige - Ava ,Ava,1,Biustonosz 2103 MAXI BEI,Ava,1,Biustonosz soft Ava 2103 Maxi,Ava,4
5906746931286, Biustonosz Soft Model Bei 2103 Maxi Beige - Ava ,Ava,2,Biustonosz 2103 MAXI BEI,Ava,2,Biustonosz soft Ava 2103 Maxi,Ava,2
5906746931316, Biustonosz Soft Model Bei 2103 Maxi Beige - Ava ,Ava,1,Biustonosz 2103 MAXI BEI,Ava,1,Biustonosz soft Ava 2103 Maxi,Ava,3
5906746931330, Biustonosz Soft Model Bei 2103 Maxi Beige - Ava ,Ava,1,Biustonosz 2103 MAXI BEI,Ava,1,Biustonosz soft Ava 2103 Maxi,Ava,4
5906746931347, Biustonosz Soft Model Bei 2103 Maxi Beige - Ava ,Ava,2,Biustonosz 2103 MAXI BEI,Ava,2,Biustonosz soft Ava 2103 Maxi,Ava,7
5906746931354, Biustonosz Soft Model Bei 2103 Maxi Beige - Ava ,Ava,1,Biustonosz 2103 MAXI BEI,Ava,1,Biustonosz soft Ava 2103 Maxi,Ava,5
5906746932108, Biustonosz Soft Biustonosz Semi-Soft Model Innesa Bla 2102 Black - Ava ,Ava,2,Biustonosz 2102 BLA,Ava,2,Biustonosz semi soft Ava 2102,Ava,1
5906746932177, Biustonosz Soft Biustonosz Semi-Soft Model Innesa Bla 2102 Black - Ava ,Ava,0,Biustonosz 2102 BLA,Ava,0,Biustonosz semi soft Ava 2102,Ava,3
5906746932184, Biustonosz Soft Biustonosz Semi-Soft Model Innesa Bla 2102 Black - Ava ,Ava,2,Biustonosz 2102 BLA,Ava,2,Biustonosz semi soft Ava 2102,Ava,3
5906746932191, Biustonosz Soft Biustonosz Semi-Soft Model Innesa Bla 2102 Black - Ava ,Ava,4,Biustonosz 2102 BLA,Ava,4,Biustonosz semi soft Ava 2102,Ava,10
5906746932207, Biustonosz Soft Biustonosz Semi-Soft Model Innesa Bla 2102 Black - Ava ,Ava,4,Biustonosz 2102 BLA,Ava,4,Biustonosz semi soft Ava 2102,Ava,1
5906746932214, Biustonosz Soft Biustonosz Semi-Soft Model Innesa Bla 2102 Black - Ava ,Ava,5,Biustonosz 2102 BLA,Ava,5,Biustonosz semi soft Ava 2102,Ava,4
5906746932221, Biustonosz Soft Biustonosz Semi-Soft Model Innesa Bla 2102 Black - Ava ,Ava,3,Biustonosz 2102 BLA,Ava,3,Biustonosz semi soft Ava 2102,Ava,4
5906746932238, Biustonosz Soft Biustonosz Semi-Soft Model Innesa Bla 2102 Black - Ava ,Ava,2,Biustonosz 2102 BLA,Ava,2,Biustonosz semi soft Ava 2102,Ava,1
5906746932245, Biustonosz Soft Biustonosz Semi-Soft Model Innesa Bla 2102 Black - Ava ,Ava,4,Biustonosz 2102 BLA,Ava,4,Biustonosz semi soft Ava 2102,Ava,2
5906746932252, Biustonosz Soft Biustonosz Semi-Soft Model Innesa Bla 2102 Black - Ava ,Ava,3,Biustonosz 2102 BLA,Ava,3,Biustonosz semi soft Ava 2102,Ava,1
5906746932269, Biustonosz Soft Biustonosz Semi-Soft Model Innesa Bla 2102 Black - Ava ,Ava,5,Biustonosz 2102 BLA,Ava,5,Biustonosz semi soft Ava 2102,Ava,2
5906746932276, Biustonosz Soft Biustonosz Semi-Soft Model Innesa Bla 2102 Black - Ava ,Ava,4,Biustonosz 2102 BLA,Ava,4,Biustonosz semi soft Ava 2102,Ava,4
5906746932283, Biustonosz Soft Biustonosz Semi-Soft Model Innesa Bla 2102 Black - Ava ,Ava,3,Biustonosz 2102 BLA,Ava,3,Biustonosz semi soft Ava 2102,Ava,1
5906746932290, Biustonosz Soft Biustonosz Semi-Soft Model Innesa Bla 2102 Black - Ava ,Ava,1,Biustonosz 2102 BLA,Ava,1,Biustonosz semi soft Ava 2102,Ava,3
5906746932306, Biustonosz Soft Biustonosz Semi-Soft Model Innesa Bla 2102 Black - Ava ,Ava,2,Biustonosz 2102 BLA,Ava,2,Biustonosz semi soft Ava 2102,Ava,5
5906746932313, Biustonosz Soft Biustonosz Semi-Soft Model Innesa Bla 2102 Black - Ava ,Ava,1,Biustonosz 2102 BLA,Ava,1,Biustonosz semi soft Ava 2102,Ava,2
5906746932337, Biustonosz Soft Biustonosz Semi-Soft Model Innesa Bla 2102 Black - Ava ,Ava,5,Biustonosz 2102 BLA,Ava,5,Biustonosz semi soft Ava 2102,Ava,1
5906746932344, Biustonosz Soft Biustonosz Semi-Soft Model Innesa Bla 2102 Black - Ava ,Ava,5,Biustonosz 2102 BLA,Ava,5,Biustonosz semi soft Ava 2102,Ava,1
5906746932351, Biustonosz Soft Biustonosz Semi-Soft Model Innesa Bla 2102 Black - Ava ,Ava,0,Biustonosz 2102 BLA,Ava,0,Biustonosz semi soft Ava 2102,Ava,3
5906746932368, Biustonosz Soft Biustonosz Semi-Soft Model Innesa Bla 2102 Black - Ava ,Ava,3,Biustonosz 2102 BLA,Ava,3,Biustonosz semi soft Ava 2102,Ava,2
5906746932375, Biustonosz Soft Biustonosz Semi-Soft Model Innesa Bla 2102 Black - Ava ,Ava,5,Biustonosz 2102 BLA,Ava,5,Biustonosz semi soft Ava 2102,Ava,1
5906746932405, Biustonosz Soft Biustonosz Semi-Soft Model Innesa Bla 2102 Black - Ava ,Ava,0,Biustonosz 2102 BLA,Ava,0,Biustonosz semi soft Ava 2102,Ava,1
5906746932412, Biustonosz Soft Biustonosz Semi-Soft Model Innesa Bla 2102 Black - Ava ,Ava,0,Biustonosz 2102 BLA,Ava,0,Biustonosz semi soft Ava 2102,Ava,1
5906746932429, Biustonosz Soft Biustonosz Semi-Soft Model Innesa Bla 2102 Black - Ava ,Ava,1,Biustonosz 2102 BLA,Ava,1,Biustonosz semi soft Ava 2102,Ava,3
5906746932436, Biustonosz Soft Biustonosz Semi-Soft Model Innesa Bla 2102 Black - Ava ,Ava,0,Biustonosz 2102 BLA,Ava,0,Biustonosz semi soft Ava 2102,Ava,2
5906746932856, Biustonosz Soft Model Bralette 2103 Black - Ava ,Ava,3,Biustonosz 2103 BLA,Ava,3,Biustonosz soft Ava 2103,Ava,2
5906746932863, Biustonosz Soft Model Bralette 2103 Black - Ava ,Ava,2,Biustonosz 2103 BLA,Ava,2,Biustonosz soft Ava 2103,Ava,2
5906746932870, Biustonosz Soft Model Bralette 2103 Black - Ava ,Ava,2,Biustonosz 2103 BLA,Ava,2,Biustonosz soft Ava 2103,Ava,5
5906746932887, Biustonosz Soft Model Bralette 2103 Black - Ava ,Ava,2,Biustonosz 2103 BLA,Ava,2,Biustonosz soft Ava 2103,Ava,2
5906746932894, Biustonosz Soft Model Bralette 2103 Black - Ava ,Ava,2,Biustonosz 2103 BLA,Ava,2,Biustonosz soft Ava 2103,Ava,2
5906746932931, Biustonosz Soft Model Bralette 2103 Black - Ava ,Ava,1,Biustonosz 2103 BLA,Ava,1,Biustonosz soft Ava 2103,Ava,2
5906746932948, Biustonosz Soft Model Bralette 2103 Black - Ava ,Ava,4,Biustonosz 2103 BLA,Ava,4,Biustonosz soft Ava 2103,Ava,2
5906746932955, Biustonosz Soft Model Bralette 2103 Black - Ava ,Ava,5,Biustonosz 2103 BLA,Ava,5,Biustonosz soft Ava 2103,Ava,4
5906746932962, Biustonosz Soft Model Bralette 2103 Black - Ava ,Ava,2,Biustonosz 2103 BLA,Ava,2,Biustonosz soft Ava 2103,Ava,4
5906746932979, Biustonosz Soft Model Bralette 2103 Black - Ava ,Ava,2,Biustonosz 2103 BLA,Ava,2,Biustonosz soft Ava 2103,Ava,3
5906746933006, Biustonosz Soft Model Bralette 2103 Black - Ava ,Ava,1,Biustonosz 2103 BLA,Ava,1,Biustonosz soft Ava 2103,Ava,4
5906746933013, Biustonosz Soft Model Bralette 2103 Black - Ava ,Ava,3,Biustonosz 2103 BLA,Ava,3,Biustonosz soft Ava 2103,Ava,2
5906746933020, Biustonosz Soft Model Bralette 2103 Black - Ava ,Ava,2,Biustonosz 2103 BLA,Ava,2,Biustonosz soft Ava 2103,Ava,25
5906746933037, Biustonosz Soft Model Bralette 2103 Black - Ava ,Ava,5,Biustonosz 2103 BLA,Ava,5,Biustonosz soft Ava 2103,Ava,21
5906746933044, Biustonosz Soft Model Bralette 2103 Black - Ava ,Ava,2,Biustonosz 2103 BLA,Ava,2,Biustonosz soft Ava 2103,Ava,18
5906746933051, Biustonosz Soft Model Bralette 2103 Black - Ava ,Ava,1,Biustonosz 2103 BLA,Ava,1,Biustonosz soft Ava 2103,Ava,13
5906746933075, Biustonosz Soft Model Bralette 2103 Black - Ava ,Ava,2,Biustonosz 2103 BLA,Ava,2,Biustonosz soft Ava 2103,Ava,2
5906746933082, Biustonosz Soft Model Bralette 2103 Black - Ava ,Ava,2,Biustonosz 2103 BLA,Ava,2,Biustonosz soft Ava 2103,Ava,2
5906746933099, Biustonosz Soft Model Bralette 2103 Black - Ava ,Ava,4,Biustonosz 2103 BLA,Ava,4,Biustonosz soft Ava 2103,Ava,8
5906746933112, Biustonosz Soft Model Bralette 2103 Black - Ava ,Ava,0,Biustonosz 2103 BLA,Ava,0,Biustonosz soft Ava 2103,Ava,13
5906746933129, Biustonosz Soft Model Bralette 2103 Black - Ava ,Ava,2,Biustonosz 2103 BLA,Ava,2,Biustonosz soft Ava 2103,Ava,1
5906746933136, Biustonosz Soft Model Bralette 2103 Black - Ava ,Ava,2,Biustonosz 2103 BLA,Ava,2,Biustonosz soft Ava 2103,Ava,3
5906746933143, Biustonosz Soft Model Bralette 2103 Black - Ava ,Ava,3,Biustonosz 2103 BLA,Ava,3,Biustonosz soft Ava 2103,Ava,5
5906746933198, Biustonosz Soft Model Bralette 2103 Black - Ava ,Ava,2,Biustonosz 2103 BLA,Ava,2,Biustonosz soft Ava 2103,Ava,6
5906746933228, Biustonosz Soft Model Bralette 2103 Black - Ava ,Ava,1,Biustonosz 2103 BLA,Ava,1,Biustonosz soft Ava 2103,Ava,2
5906746933235, Biustonosz Soft Model Bralette 2103 Black - Ava ,Ava,1,Biustonosz 2103 BLA,Ava,1,Biustonosz soft Ava 2103,Ava,2
5906746933242, Biustonosz Soft Model Bralette 2103 Black - Ava ,Ava,2,Biustonosz 2103 BLA,Ava,2,Biustonosz soft Ava 2103,Ava,1
5906746933259, Biustonosz Soft Model Bralette 2103 Black - Ava ,Ava,3,Biustonosz 2103 BLA,Ava,3,Biustonosz soft Ava 2103,Ava,1
5906746933266, Biustonosz Soft Model Bralette 2103 Black - Ava ,Ava,1,Biustonosz 2103 BLA,Ava,1,Biustonosz soft Ava 2103,Ava,2
5906746933310, Biustonosz Soft Biustonosz Bralette Soft Model 2103 Maxi Black - Ava ,Ava,1,Biustonosz 2103 MAXI BLA,Ava,1,Biustonosz soft Ava 2103 Maxi,Ava,2
5906746933327, Biustonosz Soft Biustonosz Bralette Soft Model 2103 Maxi Black - Ava ,Ava,0,Biustonosz 2103 MAXI BLA,Ava,0,Biustonosz soft Ava 2103 Maxi,Ava,3
5906746933334, Biustonosz Soft Biustonosz Bralette Soft Model 2103 Maxi Black - Ava ,Ava,0,Biustonosz 2103 MAXI BLA,Ava,0,Biustonosz soft Ava 2103 Maxi,Ava,2
5906746933341, Biustonosz Soft Biustonosz Bralette Soft Model 2103 Maxi Black - Ava ,Ava,3,Biustonosz 2103 MAXI BLA,Ava,3,Biustonosz soft Ava 2103 Maxi,Ava,4
5906746933358, Biustonosz Soft Biustonosz Bralette Soft Model 2103 Maxi Black - Ava ,Ava,0,Biustonosz 2103 MAXI BLA,Ava,0,Biustonosz soft Ava 2103 Maxi,Ava,4
5906746933372, Biustonosz Soft Biustonosz Bralette Soft Model 2103 Maxi Black - Ava ,Ava,0,Biustonosz 2103 MAXI BLA,Ava,0,Biustonosz soft Ava 2103 Maxi,Ava,2
5906746933419, Biustonosz Soft Biustonosz Bralette Soft Model 2103 Maxi Black - Ava ,Ava,2,Biustonosz 2103 MAXI BLA,Ava,2,Biustonosz soft Ava 2103 Maxi,Ava,1
5906746933433, Biustonosz Soft Biustonosz Bralette Soft Model 2103 Maxi Black - Ava ,Ava,1,Biustonosz 2103 MAXI BLA,Ava,1,Biustonosz soft Ava 2103 Maxi,Ava,2
5906746933457, Biustonosz Soft Biustonosz Bralette Soft Model 2103 Maxi Black - Ava ,Ava,0,Biustonosz 2103 MAXI BLA,Ava,0,Biustonosz soft Ava 2103 Maxi,Ava,3
5906746933761, Biustonosz push up Biustonosz Push-up Model Yasemin 2104 Ecru - Ava ,Ava,2,Biustonosz 2104 ECR,Ava,2,Biustonosz push-up Ava 2104,Ava,1
5906746933778, Biustonosz push up Biustonosz Push-up Model Yasemin 2104 Ecru - Ava ,Ava,2,Biustonosz 2104 ECR,Ava,2,Biustonosz push-up Ava 2104,Ava,3
5906746933815, Biustonosz push up Biustonosz Push-up Model Yasemin 2104 Ecru - Ava ,Ava,4,Biustonosz 2104 ECR,Ava,4,Biustonosz push-up Ava 2104,Ava,4
5906746933822, Biustonosz push up Biustonosz Push-up Model Yasemin 2104 Ecru - Ava ,Ava,2,Biustonosz 2104 ECR,Ava,2,Biustonosz push-up Ava 2104,Ava,1
5906746933839, Biustonosz push up Biustonosz Push-up Model Yasemin 2104 Ecru - Ava ,Ava,0,Biustonosz 2104 ECR,Ava,0,Biustonosz push-up Ava 2104,Ava,4
5906746933846, Biustonosz push up Biustonosz Push-up Model Yasemin 2104 Ecru - Ava ,Ava,1,Biustonosz 2104 ECR,Ava,1,Biustonosz push-up Ava 2104,Ava,9
5906746933853, Biustonosz push up Biustonosz Push-up Model Yasemin 2104 Ecru - Ava ,Ava,2,Biustonosz 2104 ECR,Ava,2,Biustonosz push-up Ava 2104,Ava,3
5906746933877, Biustonosz push up Biustonosz Push-up Model Yasemin 2104 Ecru - Ava ,Ava,4,Biustonosz 2104 ECR,Ava,4,Biustonosz push-up Ava 2104,Ava,1
5906746933884, Biustonosz push up Biustonosz Push-up Model Yasemin 2104 Ecru - Ava ,Ava,6,Biustonosz 2104 ECR,Ava,6,Biustonosz push-up Ava 2104,Ava,3
5906746933945, Biustonosz push up Biustonosz Push-up Model Yasemin 2104 Ecru - Ava ,Ava,1,Biustonosz 2104 ECR,Ava,1,Biustonosz push-up Ava 2104,Ava,2
5906746934218, Biustonosz push up Biustonosz Push-up Model 2104 Beige - Ava ,Ava,2,Biustonosz 2104 BEI,Ava,2,Biustonosz push-up Ava 2104,Ava,5
5906746934225, Biustonosz push up Biustonosz Push-up Model 2104 Beige - Ava ,Ava,3,Biustonosz 2104 BEI,Ava,3,Biustonosz push-up Ava 2104,Ava,8
5906746934232, Biustonosz push up Biustonosz Push-up Model 2104 Beige - Ava ,Ava,3,Biustonosz 2104 BEI,Ava,3,Biustonosz push-up Ava 2104,Ava,7
5906746934249, Biustonosz push up Biustonosz Push-up Model 2104 Beige - Ava ,Ava,3,Biustonosz 2104 BEI,Ava,3,Biustonosz push-up Ava 2104,Ava,1
5906746934256, Biustonosz push up Biustonosz Push-up Model 2104 Beige - Ava ,Ava,1,Biustonosz 2104 BEI,Ava,1,Biustonosz push-up Ava 2104,Ava,10
5906746934270, Biustonosz push up Biustonosz Push-up Model 2104 Beige - Ava ,Ava,2,Biustonosz 2104 BEI,Ava,2,Biustonosz push-up Ava 2104,Ava,1
5906746934287, Biustonosz push up Biustonosz Push-up Model 2104 Beige - Ava ,Ava,2,Biustonosz 2104 BEI,Ava,2,Biustonosz push-up Ava 2104,Ava,4
5906746934294, Biustonosz push up Biustonosz Push-up Model 2104 Beige - Ava ,Ava,3,Biustonosz 2104 BEI,Ava,3,Biustonosz push-up Ava 2104,Ava,12
5906746934300, Biustonosz push up Biustonosz Push-up Model 2104 Beige - Ava ,Ava,10,Biustonosz 2104 BEI,Ava,10,Biustonosz push-up Ava 2104,Ava,11
5906746934317, Biustonosz push up Biustonosz Push-up Model 2104 Beige - Ava ,Ava,2,Biustonosz 2104 BEI,Ava,2,Biustonosz push-up Ava 2104,Ava,10
5906746934324, Biustonosz push up Biustonosz Push-up Model 2104 Beige - Ava ,Ava,3,Biustonosz 2104 BEI,Ava,3,Biustonosz push-up Ava 2104,Ava,8
5906746934331, Biustonosz push up Biustonosz Push-up Model 2104 Beige - Ava ,Ava,4,Biustonosz 2104 BEI,Ava,4,Biustonosz push-up Ava 2104,Ava,9
5906746934348, Biustonosz push up Biustonosz Push-up Model 2104 Beige - Ava ,Ava,3,Biustonosz 2104 BEI,Ava,3,Biustonosz push-up Ava 2104,Ava,5
5906746934355, Biustonosz push up Biustonosz Push-up Model 2104 Beige - Ava ,Ava,1,Biustonosz 2104 BEI,Ava,1,Biustonosz push-up Ava 2104,Ava,2
5906746934362, Biustonosz push up Biustonosz Push-up Model 2104 Beige - Ava ,Ava,4,Biustonosz 2104 BEI,Ava,4,Biustonosz push-up Ava 2104,Ava,6
5906746934379, Biustonosz push up Biustonosz Push-up Model 2104 Beige - Ava ,Ava,2,Biustonosz 2104 BEI,Ava,2,Biustonosz push-up Ava 2104,Ava,4
5906746934386, Biustonosz push up Biustonosz Push-up Model 2104 Beige - Ava ,Ava,3,Biustonosz 2104 BEI,Ava,3,Biustonosz push-up Ava 2104,Ava,5
5906746934393, Biustonosz push up Biustonosz Push-up Model 2104 Beige - Ava ,Ava,1,Biustonosz 2104 BEI,Ava,1,Biustonosz push-up Ava 2104,Ava,7
5906746934409, Biustonosz push up Biustonosz Push-up Model 2104 Beige - Ava ,Ava,2,Biustonosz 2104 BEI,Ava,2,Biustonosz push-up Ava 2104,Ava,1
5906746934416, Biustonosz push up Biustonosz Push-up Model 2104 Beige - Ava ,Ava,4,Biustonosz 2104 BEI,Ava,4,Biustonosz push-up Ava 2104,Ava,2
5906746934683, Biustonosz push up Biustonosz Push-up Model 2104 Black - Ava ,Ava,1,Biustonosz 2104 BLA,Ava,1,Biustonosz push-up Ava 2104,Ava,4
5906746934690, Biustonosz push up Biustonosz Push-up Model 2104 Black - Ava ,Ava,1,Biustonosz 2104 BLA,Ava,1,Biustonosz push-up Ava 2104,Ava,3
5906746934706, Biustonosz push up Biustonosz Push-up Model 2104 Black - Ava ,Ava,1,Biustonosz 2104 BLA,Ava,1,Biustonosz push-up Ava 2104,Ava,5
5906746934713, Biustonosz push up Biustonosz Push-up Model 2104 Black - Ava ,Ava,2,Biustonosz 2104 BLA,Ava,2,Biustonosz push-up Ava 2104,Ava,4
5906746934720, Biustonosz push up Biustonosz Push-up Model 2104 Black - Ava ,Ava,1,Biustonosz 2104 BLA,Ava,1,Biustonosz push-up Ava 2104,Ava,3
5906746934744, Biustonosz push up Biustonosz Push-up Model 2104 Black - Ava ,Ava,2,Biustonosz 2104 BLA,Ava,2,Biustonosz push-up Ava 2104,Ava,4
5906746934751, Biustonosz push up Biustonosz Push-up Model 2104 Black - Ava ,Ava,5,Biustonosz 2104 BLA,Ava,5,Biustonosz push-up Ava 2104,Ava,8
5906746934768, Biustonosz push up Biustonosz Push-up Model 2104 Black - Ava ,Ava,3,Biustonosz 2104 BLA,Ava,3,Biustonosz push-up Ava 2104,Ava,7
5906746934775, Biustonosz push up Biustonosz Push-up Model 2104 Black - Ava ,Ava,0,Biustonosz 2104 BLA,Ava,0,Biustonosz push-up Ava 2104,Ava,10
5906746934782, Biustonosz push up Biustonosz Push-up Model 2104 Black - Ava ,Ava,2,Biustonosz 2104 BLA,Ava,2,Biustonosz push-up Ava 2104,Ava,7
5906746934799, Biustonosz push up Biustonosz Push-up Model 2104 Black - Ava ,Ava,4,Biustonosz 2104 BLA,Ava,4,Biustonosz push-up Ava 2104,Ava,7
5906746934805, Biustonosz push up Biustonosz Push-up Model 2104 Black - Ava ,Ava,6,Biustonosz 2104 BLA,Ava,6,Biustonosz push-up Ava 2104,Ava,9
5906746934812, Biustonosz push up Biustonosz Push-up Model 2104 Black - Ava ,Ava,2,Biustonosz 2104 BLA,Ava,2,Biustonosz push-up Ava 2104,Ava,10
5906746934829, Biustonosz push up Biustonosz Push-up Model 2104 Black - Ava ,Ava,0,Biustonosz 2104 BLA,Ava,0,Biustonosz push-up Ava 2104,Ava,1
5906746934836, Biustonosz push up Biustonosz Push-up Model 2104 Black - Ava ,Ava,2,Biustonosz 2104 BLA,Ava,2,Biustonosz push-up Ava 2104,Ava,3
5906746934843, Biustonosz push up Biustonosz Push-up Model 2104 Black - Ava ,Ava,2,Biustonosz 2104 BLA,Ava,2,Biustonosz push-up Ava 2104,Ava,7
5906746934850, Biustonosz push up Biustonosz Push-up Model 2104 Black - Ava ,Ava,5,Biustonosz 2104 BLA,Ava,5,Biustonosz push-up Ava 2104,Ava,3
5906746934867, Biustonosz push up Biustonosz Push-up Model 2104 Black - Ava ,Ava,2,Biustonosz 2104 BLA,Ava,2,Biustonosz push-up Ava 2104,Ava,11
5906746934874, Biustonosz push up Biustonosz Push-up Model 2104 Black - Ava ,Ava,2,Biustonosz 2104 BLA,Ava,2,Biustonosz push-up Ava 2104,Ava,1
5906746938414, Biustonosz Soft Model Yasemin 2106 Bla Black - Ava ,Ava,2,Biustonosz 2106 BLA,Ava,2,Biustonosz soft Ava 2106,Ava,5
5906746938421, Biustonosz Soft Model Yasemin 2106 Bla Black - Ava ,Ava,3,Biustonosz 2106 BLA,Ava,3,Biustonosz soft Ava 2106,Ava,4
5906746938438, Biustonosz Soft Model Yasemin 2106 Bla Black - Ava ,Ava,2,Biustonosz 2106 BLA,Ava,2,Biustonosz soft Ava 2106,Ava,4
5906746938445, Biustonosz Soft Model Yasemin 2106 Bla Black - Ava ,Ava,0,Biustonosz 2106 BLA,Ava,0,Biustonosz soft Ava 2106,Ava,5
5906746938483, Biustonosz Soft Model Yasemin 2106 Bla Black - Ava ,Ava,1,Biustonosz 2106 BLA,Ava,1,Biustonosz soft Ava 2106,Ava,2
5906746938490, Biustonosz Soft Model Yasemin 2106 Bla Black - Ava ,Ava,2,Biustonosz 2106 BLA,Ava,2,Biustonosz soft Ava 2106,Ava,1
5906746938506, Biustonosz Soft Model Yasemin 2106 Bla Black - Ava ,Ava,6,Biustonosz 2106 BLA,Ava,6,Biustonosz soft Ava 2106,Ava,4
5906746938513, Biustonosz Soft Model Yasemin 2106 Bla Black - Ava ,Ava,3,Biustonosz 2106 BLA,Ava,3,Biustonosz soft Ava 2106,Ava,3
5906746938520, Biustonosz Soft Model Yasemin 2106 Bla Black - Ava ,Ava,0,Biustonosz 2106 BLA,Ava,0,Biustonosz soft Ava 2106,Ava,1
5906746938551, Biustonosz Soft Model Yasemin 2106 Bla Black - Ava ,Ava,0,Biustonosz 2106 BLA,Ava,0,Biustonosz soft Ava 2106,Ava,1
5906746938568, Biustonosz Soft Model Yasemin 2106 Bla Black - Ava ,Ava,4,Biustonosz 2106 BLA,Ava,4,Biustonosz soft Ava 2106,Ava,7
5906746938575, Biustonosz Soft Model Yasemin 2106 Bla Black - Ava ,Ava,5,Biustonosz 2106 BLA,Ava,5,Biustonosz soft Ava 2106,Ava,8
5906746938582, Biustonosz Soft Model Yasemin 2106 Bla Black - Ava ,Ava,3,Biustonosz 2106 BLA,Ava,3,Biustonosz soft Ava 2106,Ava,10
5906746938599, Biustonosz Soft Model Yasemin 2106 Bla Black - Ava ,Ava,2,Biustonosz 2106 BLA,Ava,2,Biustonosz soft Ava 2106,Ava,13
5906746938605, Biustonosz Soft Model Yasemin 2106 Bla Black - Ava ,Ava,0,Biustonosz 2106 BLA,Ava,0,Biustonosz soft Ava 2106,Ava,7
5906746938636, Biustonosz Soft Model Yasemin 2106 Bla Black - Ava ,Ava,2,Biustonosz 2106 BLA,Ava,2,Biustonosz soft Ava 2106,Ava,3
5906746938643, Biustonosz Soft Model Yasemin 2106 Bla Black - Ava ,Ava,1,Biustonosz 2106 BLA,Ava,1,Biustonosz soft Ava 2106,Ava,6
5906746938650, Biustonosz Soft Model Yasemin 2106 Bla Black - Ava ,Ava,0,Biustonosz 2106 BLA,Ava,0,Biustonosz soft Ava 2106,Ava,5
5906746938667, Biustonosz Soft Model Yasemin 2106 Bla Black - Ava ,Ava,1,Biustonosz 2106 BLA,Ava,1,Biustonosz soft Ava 2106,Ava,2
5906746938674, Biustonosz Soft Model Yasemin 2106 Bla Black - Ava ,Ava,1,Biustonosz 2106 BLA,Ava,1,Biustonosz soft Ava 2106,Ava,1
5906746938698, Biustonosz Soft Model Yasemin 2106 Bla Black - Ava ,Ava,3,Biustonosz 2106 BLA,Ava,3,Biustonosz soft Ava 2106,Ava,2
5906746938711, Biustonosz Soft Model Yasemin 2106 Bla Black - Ava ,Ava,4,Biustonosz 2106 BLA,Ava,4,Biustonosz soft Ava 2106,Ava,1
5906746938742, Biustonosz Soft Model Yasemin 2106 Bla Black - Ava ,Ava,3,Biustonosz 2106 BLA,Ava,3,Biustonosz soft Ava 2106,Ava,5
5906746938759, Biustonosz Soft Model Yasemin 2106 Bla Black - Ava ,Ava,3,Biustonosz 2106 BLA,Ava,3,Biustonosz soft Ava 2106,Ava,1
5906746939060, Figi Model Yasemin Bla 2106/B Black - Ava ,Ava,1,Figi 2106/B BLA,Ava,1,Figi Ava 2106/B Brazyliany S-3XL,Ava,3
5906746939084, Figi Model Yasemin Bla 2106/B Black - Ava ,Ava,1,Figi 2106/B BLA,Ava,1,Figi Ava 2106/B Brazyliany S-3XL,Ava,9
5906746939220, Biustonosz Soft Biustonosz Semi-Soft Model Yasemin 2105 Black - Ava ,Ava,0,Biustonosz 2105 BLA,Ava,0,Biustonosz semi soft Ava 2105,Ava,3
5906746939237, Biustonosz Soft Biustonosz Semi-Soft Model Yasemin 2105 Black - Ava ,Ava,3,Biustonosz 2105 BLA,Ava,3,Biustonosz semi soft Ava 2105,Ava,2
5906746939244, Biustonosz Soft Biustonosz Semi-Soft Model Yasemin 2105 Black - Ava ,Ava,2,Biustonosz 2105 BLA,Ava,2,Biustonosz semi soft Ava 2105,Ava,3
5906746939268, Biustonosz Soft Biustonosz Semi-Soft Model Yasemin 2105 Black - Ava ,Ava,2,Biustonosz 2105 BLA,Ava,2,Biustonosz semi soft Ava 2105,Ava,5
5906746939299, Biustonosz Soft Biustonosz Semi-Soft Model Yasemin 2105 Black - Ava ,Ava,2,Biustonosz 2105 BLA,Ava,2,Biustonosz semi soft Ava 2105,Ava,2
5906746939305, Biustonosz Soft Biustonosz Semi-Soft Model Yasemin 2105 Black - Ava ,Ava,6,Biustonosz 2105 BLA,Ava,6,Biustonosz semi soft Ava 2105,Ava,3
5906746939312, Biustonosz Soft Biustonosz Semi-Soft Model Yasemin 2105 Black - Ava ,Ava,5,Biustonosz 2105 BLA,Ava,5,Biustonosz semi soft Ava 2105,Ava,4
5906746939336, Biustonosz Soft Biustonosz Semi-Soft Model Yasemin 2105 Black - Ava ,Ava,0,Biustonosz 2105 BLA,Ava,0,Biustonosz semi soft Ava 2105,Ava,3
5906746939343, Biustonosz Soft Biustonosz Semi-Soft Model Yasemin 2105 Black - Ava ,Ava,0,Biustonosz 2105 BLA,Ava,0,Biustonosz semi soft Ava 2105,Ava,3
5906746939367, Biustonosz Soft Biustonosz Semi-Soft Model Yasemin 2105 Black - Ava ,Ava,4,Biustonosz 2105 BLA,Ava,4,Biustonosz semi soft Ava 2105,Ava,5
5906746939374, Biustonosz Soft Biustonosz Semi-Soft Model Yasemin 2105 Black - Ava ,Ava,4,Biustonosz 2105 BLA,Ava,4,Biustonosz semi soft Ava 2105,Ava,8
5906746939381, Biustonosz Soft Biustonosz Semi-Soft Model Yasemin 2105 Black - Ava ,Ava,6,Biustonosz 2105 BLA,Ava,6,Biustonosz semi soft Ava 2105,Ava,6
5906746939398, Biustonosz Soft Biustonosz Semi-Soft Model Yasemin 2105 Black - Ava ,Ava,5,Biustonosz 2105 BLA,Ava,5,Biustonosz semi soft Ava 2105,Ava,5
5906746939404, Biustonosz Soft Biustonosz Semi-Soft Model Yasemin 2105 Black - Ava ,Ava,1,Biustonosz 2105 BLA,Ava,1,Biustonosz semi soft Ava 2105,Ava,5
5906746939411, Biustonosz Soft Biustonosz Semi-Soft Model Yasemin 2105 Black - Ava ,Ava,0,Biustonosz 2105 BLA,Ava,0,Biustonosz semi soft Ava 2105,Ava,2
5906746939428, Biustonosz Soft Biustonosz Semi-Soft Model Yasemin 2105 Black - Ava ,Ava,0,Biustonosz 2105 BLA,Ava,0,Biustonosz semi soft Ava 2105,Ava,1
5906746939435, Biustonosz Soft Biustonosz Semi-Soft Model Yasemin 2105 Black - Ava ,Ava,3,Biustonosz 2105 BLA,Ava,3,Biustonosz semi soft Ava 2105,Ava,7
5906746939442, Biustonosz Soft Biustonosz Semi-Soft Model Yasemin 2105 Black - Ava ,Ava,0,Biustonosz 2105 BLA,Ava,0,Biustonosz semi soft Ava 2105,Ava,3
5906746939459, Biustonosz Soft Biustonosz Semi-Soft Model Yasemin 2105 Black - Ava ,Ava,0,Biustonosz 2105 BLA,Ava,0,Biustonosz semi soft Ava 2105,Ava,3
5906746939466, Biustonosz Soft Biustonosz Semi-Soft Model Yasemin 2105 Black - Ava ,Ava,4,Biustonosz 2105 BLA,Ava,4,Biustonosz semi soft Ava 2105,Ava,4
5906746939473, Biustonosz Soft Biustonosz Semi-Soft Model Yasemin 2105 Black - Ava ,Ava,1,Biustonosz 2105 BLA,Ava,1,Biustonosz semi soft Ava 2105,Ava,4
5906746939480, Biustonosz Soft Biustonosz Semi-Soft Model Yasemin 2105 Black - Ava ,Ava,0,Biustonosz 2105 BLA,Ava,0,Biustonosz semi soft Ava 2105,Ava,4
5906746939503, Biustonosz Soft Biustonosz Semi-Soft Model Yasemin 2105 Black - Ava ,Ava,5,Biustonosz 2105 BLA,Ava,5,Biustonosz semi soft Ava 2105,Ava,7
5906746939510, Biustonosz Soft Biustonosz Semi-Soft Model Yasemin 2105 Black - Ava ,Ava,4,Biustonosz 2105 BLA,Ava,4,Biustonosz semi soft Ava 2105,Ava,4
5906746939527, Biustonosz Soft Biustonosz Semi-Soft Model Yasemin 2105 Black - Ava ,Ava,0,Biustonosz 2105 BLA,Ava,0,Biustonosz semi soft Ava 2105,Ava,5
5906746939565, Biustonosz Soft Biustonosz Semi-Soft Model Yasemin 2105 Black - Ava ,Ava,2,Biustonosz 2105 BLA,Ava,2,Biustonosz semi soft Ava 2105,Ava,3
5906746939633, Biustonosz Soft Biustonosz Semi-Soft Model Yasemin 2105 Maxi Black - Ava ,Ava,0,Biustonosz 2105 MAXI BLA,Ava,0,Biustonosz semi soft Ava 2105 Maxi,Ava,2
5906746939664, Biustonosz Soft Biustonosz Semi-Soft Model Yasemin 2105 Maxi Black - Ava ,Ava,2,Biustonosz 2105 MAXI BLA,Ava,2,Biustonosz semi soft Ava 2105 Maxi,Ava,2
5906746939695, Biustonosz Soft Biustonosz Semi-Soft Model Yasemin 2105 Maxi Black - Ava ,Ava,0,Biustonosz 2105 MAXI BLA,Ava,0,Biustonosz semi soft Ava 2105 Maxi,Ava,1
5906746939701, Biustonosz Soft Biustonosz Semi-Soft Model Yasemin 2105 Maxi Black - Ava ,Ava,2,Biustonosz 2105 MAXI BLA,Ava,2,Biustonosz semi soft Ava 2105 Maxi,Ava,4
5906746939718, Biustonosz Soft Biustonosz Semi-Soft Model Yasemin 2105 Maxi Black - Ava ,Ava,0,Biustonosz 2105 MAXI BLA,Ava,0,Biustonosz semi soft Ava 2105 Maxi,Ava,7
5906746939756, Biustonosz Soft Biustonosz Semi-Soft Model Yasemin 2105 Maxi Black - Ava ,Ava,0,Biustonosz 2105 MAXI BLA,Ava,0,Biustonosz semi soft Ava 2105 Maxi,Ava,1
5906746939800, Biustonosz Soft Biustonosz Semi-Soft Model Yasemin 2105 Maxi Black - Ava ,Ava,0,Biustonosz 2105 MAXI BLA,Ava,0,Biustonosz semi soft Ava 2105 Maxi,Ava,4
5906746939817, Biustonosz Soft Biustonosz Semi-Soft Model Yasemin 2105 Maxi Black - Ava ,Ava,0,Biustonosz 2105 MAXI BLA,Ava,0,Biustonosz semi soft Ava 2105 Maxi,Ava,3
5906746940820, Biustonosz push up Biustonosz Usztywniany Model 2107 Beige - Ava ,Ava,1,Biustonosz 2107 BEI,Ava,1,Biustonosz full cup Ava 2107,Ava,2
5906746940837, Biustonosz push up Biustonosz Usztywniany Model 2107 Beige - Ava ,Ava,1,Biustonosz 2107 BEI,Ava,1,Biustonosz full cup Ava 2107,Ava,2
5906746940844, Biustonosz push up Biustonosz Usztywniany Model 2107 Beige - Ava ,Ava,1,Biustonosz 2107 BEI,Ava,1,Biustonosz full cup Ava 2107,Ava,1
5906746940899, Biustonosz push up Biustonosz Usztywniany Model 2107 Beige - Ava ,Ava,2,Biustonosz 2107 BEI,Ava,2,Biustonosz full cup Ava 2107,Ava,4
5906746940905, Biustonosz push up Biustonosz Usztywniany Model 2107 Beige - Ava ,Ava,1,Biustonosz 2107 BEI,Ava,1,Biustonosz full cup Ava 2107,Ava,1
5906746940936, Biustonosz push up Biustonosz Usztywniany Model 2107 Beige - Ava ,Ava,2,Biustonosz 2107 BEI,Ava,2,Biustonosz full cup Ava 2107,Ava,1
5906746940967, Biustonosz push up Biustonosz Usztywniany Model 2107 Beige - Ava ,Ava,2,Biustonosz 2107 BEI,Ava,2,Biustonosz full cup Ava 2107,Ava,1
5906746940974, Biustonosz push up Biustonosz Usztywniany Model 2107 Beige - Ava ,Ava,0,Biustonosz 2107 BEI,Ava,0,Biustonosz full cup Ava 2107,Ava,3
5906746940981, Biustonosz push up Biustonosz Usztywniany Model 2107 Beige - Ava ,Ava,1,Biustonosz 2107 BEI,Ava,1,Biustonosz full cup Ava 2107,Ava,1
5906746941001, Biustonosz push up Biustonosz Usztywniany Model 2107 Beige - Ava ,Ava,1,Biustonosz 2107 BEI,Ava,1,Biustonosz full cup Ava 2107,Ava,2
5906746941056, Biustonosz push up Biustonosz Usztywniany Model 2107 Beige - Ava ,Ava,0,Biustonosz 2107 BEI,Ava,0,Biustonosz full cup Ava 2107,Ava,1
5906746941063, Biustonosz push up Biustonosz Usztywniany Model 2107 Beige - Ava ,Ava,1,Biustonosz 2107 BEI,Ava,1,Biustonosz full cup Ava 2107,Ava,1
5906746941094, Biustonosz push up Biustonosz Usztywniany Model 2107 Beige - Ava ,Ava,0,Biustonosz 2107 BEI,Ava,0,Biustonosz full cup Ava 2107,Ava,1
5906746941100, Biustonosz push up Biustonosz Usztywniany Model 2107 Beige - Ava ,Ava,2,Biustonosz 2107 BEI,Ava,2,Biustonosz full cup Ava 2107,Ava,1
5906746941117, Biustonosz push up Biustonosz Usztywniany Model 2107 Beige - Ava ,Ava,2,Biustonosz 2107 BEI,Ava,2,Biustonosz full cup Ava 2107,Ava,1
5906746941124, Biustonosz push up Biustonosz Usztywniany Model 2107 Beige - Ava ,Ava,2,Biustonosz 2107 BEI,Ava,2,Biustonosz full cup Ava 2107,Ava,3
5906746941155, Biustonosz push up Biustonosz Usztywniany Model 2107 Beige - Ava ,Ava,2,Biustonosz 2107 BEI,Ava,2,Biustonosz full cup Ava 2107,Ava,2
5906746941162, Biustonosz push up Biustonosz Usztywniany Model 2107 Beige - Ava ,Ava,2,Biustonosz 2107 BEI,Ava,2,Biustonosz full cup Ava 2107,Ava,4
5906746941629, Biustonosz push up Biustonosz Usztywniany Model 2107 Black - Ava ,Ava,2,Biustonosz 2107 BLA,Ava,2,Biustonosz full cup Ava 2107,Ava,1
5906746941636, Biustonosz push up Biustonosz Usztywniany Model 2107 Black - Ava ,Ava,2,Biustonosz 2107 BLA,Ava,2,Biustonosz full cup Ava 2107,Ava,1
5906746941643, Biustonosz push up Biustonosz Usztywniany Model 2107 Black - Ava ,Ava,2,Biustonosz 2107 BLA,Ava,2,Biustonosz full cup Ava 2107,Ava,2
5906746941698, Biustonosz push up Biustonosz Usztywniany Model 2107 Black - Ava ,Ava,3,Biustonosz 2107 BLA,Ava,3,Biustonosz full cup Ava 2107,Ava,2
5906746941728, Biustonosz push up Biustonosz Usztywniany Model 2107 Black - Ava ,Ava,1,Biustonosz 2107 BLA,Ava,1,Biustonosz full cup Ava 2107,Ava,3
5906746941735, Biustonosz push up Biustonosz Usztywniany Model 2107 Black - Ava ,Ava,1,Biustonosz 2107 BLA,Ava,1,Biustonosz full cup Ava 2107,Ava,1
5906746941766, Biustonosz push up Biustonosz Usztywniany Model 2107 Black - Ava ,Ava,4,Biustonosz 2107 BLA,Ava,4,Biustonosz full cup Ava 2107,Ava,4
5906746941773, Biustonosz push up Biustonosz Usztywniany Model 2107 Black - Ava ,Ava,1,Biustonosz 2107 BLA,Ava,1,Biustonosz full cup Ava 2107,Ava,6
5906746941780, Biustonosz push up Biustonosz Usztywniany Model 2107 Black - Ava ,Ava,2,Biustonosz 2107 BLA,Ava,2,Biustonosz full cup Ava 2107,Ava,1
5906746941797, Biustonosz push up Biustonosz Usztywniany Model 2107 Black - Ava ,Ava,3,Biustonosz 2107 BLA,Ava,3,Biustonosz full cup Ava 2107,Ava,1
5906746941803, Biustonosz push up Biustonosz Usztywniany Model 2107 Black - Ava ,Ava,4,Biustonosz 2107 BLA,Ava,4,Biustonosz full cup Ava 2107,Ava,5
5906746941834, Biustonosz push up Biustonosz Usztywniany Model 2107 Black - Ava ,Ava,5,Biustonosz 2107 BLA,Ava,5,Biustonosz full cup Ava 2107,Ava,3
5906746941841, Biustonosz push up Biustonosz Usztywniany Model 2107 Black - Ava ,Ava,5,Biustonosz 2107 BLA,Ava,5,Biustonosz full cup Ava 2107,Ava,1
5906746941858, Biustonosz push up Biustonosz Usztywniany Model 2107 Black - Ava ,Ava,1,Biustonosz 2107 BLA,Ava,1,Biustonosz full cup Ava 2107,Ava,1
5906746941865, Biustonosz push up Biustonosz Usztywniany Model 2107 Black - Ava ,Ava,6,Biustonosz 2107 BLA,Ava,6,Biustonosz full cup Ava 2107,Ava,1
5906746941896, Biustonosz push up Biustonosz Usztywniany Model 2107 Black - Ava ,Ava,3,Biustonosz 2107 BLA,Ava,3,Biustonosz full cup Ava 2107,Ava,3
5906746941902, Biustonosz push up Biustonosz Usztywniany Model 2107 Black - Ava ,Ava,1,Biustonosz 2107 BLA,Ava,1,Biustonosz full cup Ava 2107,Ava,3
5906746941919, Biustonosz push up Biustonosz Usztywniany Model 2107 Black - Ava ,Ava,4,Biustonosz 2107 BLA,Ava,4,Biustonosz full cup Ava 2107,Ava,3
5906746941926, Biustonosz push up Biustonosz Usztywniany Model 2107 Black - Ava ,Ava,4,Biustonosz 2107 BLA,Ava,4,Biustonosz full cup Ava 2107,Ava,1
5906884468606, Piżama Damska Model Sandra 1708 Beige - M-Max ,M-Max,1,Piżama SANDRA 1708,M-max,1,Piżama Leveza 1708 Sandra kr/r M-2XL,Leveza,1
5906884468613, Piżama Damska Model Sandra 1708 Beige - M-Max ,M-Max,0,Piżama SANDRA 1708,M-max,0,Piżama Leveza 1708 Sandra kr/r M-2XL,Leveza,1
5906884468637, Piżama Damska Model Sandra 1708 Beige - M-Max ,M-Max,3,Piżama SANDRA 1708,M-max,3,Piżama Leveza 1708 Sandra kr/r M-2XL,Leveza,2
5906884468644, Piżama Damska Model Samanta 1709 Beige - M-Max ,M-Max,1,Piżama SAMANTA 1709,M-max,1,Piżama Leveza 1709 Samanta kr/r S-XL rozpinana,Leveza,3
5906884468668, Piżama Damska Model Samanta 1709 Beige - M-Max ,M-Max,2,Piżama SAMANTA 1709,M-max,2,Piżama Leveza 1709 Samanta kr/r S-XL rozpinana,Leveza,2
5906884468675, Piżama Damska Model Samanta 1709 Beige - M-Max ,M-Max,3,Piżama SAMANTA 1709,M-max,3,Piżama Leveza 1709 Samanta kr/r S-XL rozpinana,Leveza,3
5906884468767, Piżama Damska Model Dalia 1711 Powder Pink - M-Max ,M-Max,0,Piżama DALIA 1711,M-max,0,Piżama Leveza 1711 Dalia kr/r M-2XL,Leveza,3
5906884468859, Koszulka nocna Koszula Nocna Model Marietta 1714 Coral - M-Max ,M-Max,1,Koszula MARIETTA 1714,M-max,1,Koszula Leveza 1714 Marietta kr/r M-2XL,Leveza,4
5906884468866, Koszulka nocna Koszula Nocna Model Marietta 1714 Coral - M-Max ,M-Max,3,Koszula MARIETTA 1714,M-max,3,Koszula Leveza 1714 Marietta kr/r M-2XL,Leveza,2
5906884468880, Koszulka nocna Koszula Nocna Model Marietta 1714 Coral - M-Max ,M-Max,3,Koszula MARIETTA 1714,M-max,3,Koszula Leveza 1714 Marietta kr/r M-2XL,Leveza,1
5906884469146, Piżama Damska Model Oksana 1721 Coral/White - M-Max ,M-Max,3,Piżama OKSANA 1721,M-max,3,Piżama Laveza 1721 Oksana kr/r M-2XL,Leveza,2
5906884469153, Piżama Damska Model Oksana 1721 Coral/White - M-Max ,M-Max,3,Piżama OKSANA 1721,M-max,3,Piżama Laveza 1721 Oksana kr/r M-2XL,Leveza,1
5906884469160, Piżama Damska Model Oksana 1721 Coral/White - M-Max ,M-Max,3,Piżama OKSANA 1721,M-max,3,Piżama Laveza 1721 Oksana kr/r M-2XL,Leveza,1
5906884469177, Piżama Damska Model Odetta 1722 Coral/White - M-Max ,M-Max,0,Piżama ODETTA 1722,M-max,0,Piżama Leveza 1722 Odetta kr/r M-2XL,Leveza,1
5906884469184, Piżama Damska Model Odetta 1722 Coral/White - M-Max ,M-Max,3,Piżama ODETTA 1722,M-max,3,Piżama Leveza 1722 Odetta kr/r M-2XL,Leveza,2
5906884469191, Piżama Damska Model Odetta 1722 Coral/White - M-Max ,M-Max,2,Piżama ODETTA 1722,M-max,2,Piżama Leveza 1722 Odetta kr/r M-2XL,Leveza,3
5906884469207, Piżama Damska Model Odetta 1722 Coral/White - M-Max ,M-Max,0,Piżama ODETTA 1722,M-max,0,Piżama Leveza 1722 Odetta kr/r M-2XL,Leveza,3
5906884469221, Koszulka nocna Koszula Nocna Model Oriana 1723 Coral/White - M-Max ,M-Max,3,Koszula ORIANA 1723,M-max,3,Koszula Leveza 1723 Oriana kr/r M-2XL,Leveza,3
5906884469238, Koszulka nocna Koszula Nocna Model Oriana 1723 Coral/White - M-Max ,M-Max,3,Koszula ORIANA 1723,M-max,3,Koszula Leveza 1723 Oriana kr/r M-2XL,Leveza,3
5906884469245, Koszulka nocna Koszula Nocna Model Oriana 1723 Coral/White - M-Max ,M-Max,2,Koszula ORIANA 1723,M-max,2,Koszula Leveza 1723 Oriana kr/r M-2XL,Leveza,1
5906884469337, Koszulka nocna Koszula Nocna Model Venus 1726 Śmietana - M-Max ,M-Max,3,Koszula VENUS 1726,M-max,3,Koszula Leveza 1726 Venus kr/r M-2XL,Leveza,2
5907333360434, Figi Model Amber Brasil Maxi Beige - Julimex ,Julimex,11,Figi AMBER BRASIL MAXI,Julimex,11,Figi Julimex Amber Brasil Maxi S-2XL,Julimex,14
5907333360441, Figi Model Amber Brasil Maxi Beige - Julimex ,Julimex,18,Figi AMBER BRASIL MAXI,Julimex,16,Figi Julimex Amber Brasil Maxi S-2XL,Julimex,26
5907333360458, Figi Model Amber Brasil Maxi Beige - Julimex ,Julimex,15,Figi AMBER BRASIL MAXI,Julimex,15,Figi Julimex Amber Brasil Maxi S-2XL,Julimex,26
5907333360465, Figi Model Amber Brasil Maxi Beige - Julimex ,Julimex,8,Figi AMBER BRASIL MAXI,Julimex,8,Figi Julimex Amber Brasil Maxi S-2XL,Julimex,17
5907333360472, Figi Model Amber Brasil Maxi Beige - Julimex ,Julimex,11,Figi AMBER BRASIL MAXI,Julimex,11,Figi Julimex Amber Brasil Maxi S-2XL,Julimex,13
5907333360489, Figi Model Amber Brasil Maxi Black - Julimex ,Julimex,18,Figi AMBER BRASIL MAXI,Julimex,18,Figi Julimex Amber Brasil Maxi S-2XL,Julimex,11
5907333360496, Figi Model Amber Brasil Maxi Black - Julimex ,Julimex,15,Figi AMBER BRASIL MAXI,Julimex,15,Figi Julimex Amber Brasil Maxi S-2XL,Julimex,9
5907333360502, Figi Model Amber Brasil Maxi Black - Julimex ,Julimex,10,Figi AMBER BRASIL MAXI,Julimex,10,Figi Julimex Amber Brasil Maxi S-2XL,Julimex,16
5907333360519, Figi Model Amber Brasil Maxi Black - Julimex ,Julimex,9,Figi AMBER BRASIL MAXI,Julimex,9,Figi Julimex Amber Brasil Maxi S-2XL,Julimex,10
5907333360526, Figi Model Amber Brasil Maxi Black - Julimex ,Julimex,22,Figi AMBER BRASIL MAXI,Julimex,22,Figi Julimex Amber Brasil Maxi S-2XL,Julimex,9
5907333360533, Biustonosz Soft Model Jelly Bra Basic Black - Julimex ,Julimex,0,Biustonosz JELLY BRA BASIC,Julimex,14,,,12
5907333360540, Biustonosz Soft Model Jelly Bra Basic Black - Julimex ,Julimex,3,Biustonosz JELLY BRA BASIC,Julimex,7,,,14
5907333360557, Biustonosz Soft Model Jelly Bra Basic Black - Julimex ,Julimex,7,Biustonosz JELLY BRA BASIC,Julimex,11,,,24
5907333360571, Biustonosz Soft Model Jelly Bra Basic Beige - Julimex ,Julimex,0,Biustonosz JELLY BRA BASIC,Julimex,20,,,16
5907333360588, Biustonosz Soft Model Jelly Bra Basic Beige - Julimex ,Julimex,0,Biustonosz JELLY BRA BASIC,Julimex,15,,,11
5907333360595, Biustonosz Soft Model Jelly Bra Basic Beige - Julimex ,Julimex,0,Biustonosz JELLY BRA BASIC,Julimex,20,,,23
5907333360601, Biustonosz Soft Model Jelly Bra Basic Beige - Julimex ,Julimex,7,Biustonosz JELLY BRA BASIC,Julimex,17,,,25
5907333360618, Biustonosz Soft Model Jelly Bra Comfort Beige - Julimex ,Julimex,33,Biustonosz JELLY BRA COMFORT,Julimex,31,Biustonosz bez fiszbin Julimex Jelly Bra Comfort,Julimex,46
5907333360625, Biustonosz Soft Model Jelly Bra Comfort Black - Julimex ,Julimex,12,Biustonosz JELLY BRA COMFORT,Julimex,12,Biustonosz bez fiszbin Julimex Jelly Bra Comfort,Julimex,21
5907333360632, Biustonosz Soft Model Jelly Bra Comfort Beige - Julimex ,Julimex,30,Biustonosz JELLY BRA COMFORT,Julimex,28,Biustonosz bez fiszbin Julimex Jelly Bra Comfort,Julimex,60
5907333360649, Biustonosz Soft Model Jelly Bra Comfort Beige - Julimex ,Julimex,23,Biustonosz JELLY BRA COMFORT,Julimex,21,Biustonosz bez fiszbin Julimex Jelly Bra Comfort,Julimex,70
5907333360656, Biustonosz Soft Model Jelly Bra Comfort Beige - Julimex ,Julimex,16,Biustonosz JELLY BRA COMFORT,Julimex,16,Biustonosz bez fiszbin Julimex Jelly Bra Comfort,Julimex,35
5907333360663, Biustonosz Soft Model Jelly Bra Comfort Black - Julimex ,Julimex,12,Biustonosz JELLY BRA COMFORT,Julimex,12,Biustonosz bez fiszbin Julimex Jelly Bra Comfort,Julimex,31
5907333360670, Biustonosz Soft Model Jelly Bra Comfort Black - Julimex ,Julimex,16,Biustonosz JELLY BRA COMFORT,Julimex,15,Biustonosz bez fiszbin Julimex Jelly Bra Comfort,Julimex,37
5907333360687, Biustonosz Soft Model Jelly Bra Comfort Black - Julimex ,Julimex,8,Biustonosz JELLY BRA COMFORT,Julimex,8,Biustonosz bez fiszbin Julimex Jelly Bra Comfort,Julimex,26
5907333360700,  Body Model 419 Beige - Julimex ,Julimex,2,Body 419,Julimex,2,Body Julimex Pod Biust Wyszczuplające 419 Seamless S-2XL,Julimex,21
5907333360717,  Body Model 419 Beige - Julimex ,Julimex,5,Body 419,Julimex,5,Body Julimex Pod Biust Wyszczuplające 419 Seamless S-2XL,Julimex,8
5907333360724,  Body Model 419 Beige - Julimex ,Julimex,4,Body 419,Julimex,4,Body Julimex Pod Biust Wyszczuplające 419 Seamless S-2XL,Julimex,4
5907333360731,  Body Model 419 Beige - Julimex ,Julimex,1,Body 419,Julimex,1,Body Julimex Pod Biust Wyszczuplające 419 Seamless S-2XL,Julimex,7
5907333360793,  Body Model 421 Beige - Julimex ,Julimex,1,Body 421,Julimex,1,Body Julimex Wyszczuplające 421 Seamless S-2XL,Julimex,8
5907333360809,  Body Model 421 Beige - Julimex ,Julimex,1,Body 421,Julimex,1,Body Julimex Wyszczuplające 421 Seamless S-2XL,Julimex,8
5907333360816,  Body Model 421 Beige - Julimex ,Julimex,0,Body 421,Julimex,0,Body Julimex Wyszczuplające 421 Seamless S-2XL,Julimex,7
5907333360823,  Body Model 421 Beige - Julimex ,Julimex,2,Body 421,Julimex,2,Body Julimex Wyszczuplające 421 Seamless S-2XL,Julimex,4
5907333360830,  Body Model 421 Beige - Julimex ,Julimex,0,Body 421,Julimex,0,Body Julimex Wyszczuplające 421 Seamless S-2XL,Julimex,12
5907333360892,  Figi Model 441 Beige - Julimex ,Julimex,1,Figi 441,Julimex,0,Figi Julimex Wysoka Talia 441 Seamless S-2XL,Julimex,19
5907333360908,  Figi Model 441 Beige - Julimex ,Julimex,3,Figi 441,Julimex,2,Figi Julimex Wysoka Talia 441 Seamless S-2XL,Julimex,22
5907333360915,  Figi Model 441 Beige - Julimex ,Julimex,3,Figi 441,Julimex,2,Figi Julimex Wysoka Talia 441 Seamless S-2XL,Julimex,20
5907333360922,  Figi Model 441 Beige - Julimex ,Julimex,3,Figi 441,Julimex,3,Figi Julimex Wysoka Talia 441 Seamless S-2XL,Julimex,6
5907333360939,  Figi Model 441 Beige - Julimex ,Julimex,3,Figi 441,Julimex,2,Figi Julimex Wysoka Talia 441 Seamless S-2XL,Julimex,15
5907333361110, Figi Brazyliany Model Cotton Mood Brasil Beige - Julimex ,Julimex,0,Figi COTTON MOOD BRASIL,Julimex,0,Figi Julimex Cotton Mood Brasil S-2XL,Julimex,3
5907333361134, Figi Model Cotton Mood Classic Beige - Julimex ,Julimex,6,Figi COTTON MOOD CLASSIC,Julimex,6,Figi Julimex Cotton Mood Classic S-2XL,Julimex,10
5907333361141, Figi Model Cotton Mood Classic Beige - Julimex ,Julimex,11,Figi COTTON MOOD CLASSIC,Julimex,11,Figi Julimex Cotton Mood Classic S-2XL,Julimex,5
5907333361158, Figi Model Cotton Mood Classic Beige - Julimex ,Julimex,5,Figi COTTON MOOD CLASSIC,Julimex,5,Figi Julimex Cotton Mood Classic S-2XL,Julimex,10
5907333361165, Figi Model Cotton Mood Classic Beige - Julimex ,Julimex,0,Figi COTTON MOOD CLASSIC,Julimex,0,Figi Julimex Cotton Mood Classic S-2XL,Julimex,2
5907333361172, Figi Model Cotton Mood Classic Beige - Julimex ,Julimex,7,Figi COTTON MOOD CLASSIC,Julimex,7,Figi Julimex Cotton Mood Classic S-2XL,Julimex,1
5907333361189, Figi Model Cotton Mood Classic Black - Julimex ,Julimex,6,Figi COTTON MOOD CLASSIC,Julimex,6,Figi Julimex Cotton Mood Classic S-2XL,Julimex,6
5907333361196, Figi Model Cotton Mood Classic Black - Julimex ,Julimex,4,Figi COTTON MOOD CLASSIC,Julimex,4,Figi Julimex Cotton Mood Classic S-2XL,Julimex,17
5907333361202, Figi Model Cotton Mood Classic Black - Julimex ,Julimex,1,Figi COTTON MOOD CLASSIC,Julimex,1,Figi Julimex Cotton Mood Classic S-2XL,Julimex,4
5907333361219, Figi Model Cotton Mood Classic Black - Julimex ,Julimex,0,Figi COTTON MOOD CLASSIC,Julimex,0,Figi Julimex Cotton Mood Classic S-2XL,Julimex,16
5907333361226, Figi Model Cotton Mood Classic Black - Julimex ,Julimex,7,Figi COTTON MOOD CLASSIC,Julimex,7,Figi Julimex Cotton Mood Classic S-2XL,Julimex,9
5907333361288, Figi Model Cotton Mood Maxi Black - Julimex ,Julimex,6,Figi COTTON MOOD MAXI,Julimex,6,Figi Julimex Cotton Mood Maxi S-2XL,Julimex,5
5907333361295, Figi Model Cotton Mood Maxi Black - Julimex ,Julimex,3,Figi COTTON MOOD MAXI,Julimex,3,Figi Julimex Cotton Mood Maxi S-2XL,Julimex,10
5907333361301, Figi Model Cotton Mood Maxi Black - Julimex ,Julimex,6,Figi COTTON MOOD MAXI,Julimex,6,Figi Julimex Cotton Mood Maxi S-2XL,Julimex,19
5907333361318, Figi Model Cotton Mood Maxi Black - Julimex ,Julimex,5,Figi COTTON MOOD MAXI,Julimex,5,Figi Julimex Cotton Mood Maxi S-2XL,Julimex,9
5907333361325, Figi Model Cotton Mood Maxi Black - Julimex ,Julimex,8,Figi COTTON MOOD MAXI,Julimex,8,Figi Julimex Cotton Mood Maxi S-2XL,Julimex,8
5907333361448, Figi Brazyliany Model Cotton Mood Brasil Black - Julimex ,Julimex,1,Figi COTTON MOOD BRASIL,Julimex,1,Figi Julimex Cotton Mood Brasil S-2XL,Julimex,21
5907333361455, Figi Brazyliany Model Cotton Mood Brasil Black - Julimex ,Julimex,0,Figi COTTON MOOD BRASIL,Julimex,0,Figi Julimex Cotton Mood Brasil S-2XL,Julimex,20
5907333361479,  Figi Model 471 Beige - Julimex ,Julimex,3,Figi 471,Julimex,3,Figi Julimex Wyszczuplające 471 Seamless Maxi S-2XL,Julimex,4
5907333361486,  Figi Model 471 Beige - Julimex ,Julimex,6,Figi 471,Julimex,6,Figi Julimex Wyszczuplające 471 Seamless Maxi S-2XL,Julimex,7
5907333361493,  Figi Model 471 Beige - Julimex ,Julimex,4,Figi 471,Julimex,4,Figi Julimex Wyszczuplające 471 Seamless Maxi S-2XL,Julimex,4
5907333361509,  Figi Model 471 Beige - Julimex ,Julimex,6,Figi 471,Julimex,6,Figi Julimex Wyszczuplające 471 Seamless Maxi S-2XL,Julimex,5
5907333361516,  Figi Model 471 Beige - Julimex ,Julimex,4,Figi 471,Julimex,4,Figi Julimex Wyszczuplające 471 Seamless Maxi S-2XL,Julimex,4
5907333361714, Figi Model Mousse Classic Black - Julimex ,Julimex,4,FiGI MOUSSE CLASSIC,Julimex,4,Figi Julimex Mousse Classic XS-2XL,Julimex,44
5907333361738, Figi Model Mousse Classic Black - Julimex ,Julimex,17,FiGI MOUSSE CLASSIC,Julimex,17,Figi Julimex Mousse Classic XS-2XL,Julimex,36
5907333361837, Figi Model Mousse Maxi Black - Julimex ,Julimex,21,Figi MOUSSE MAXI,Julimex,21,Figi Julimex Mousse Maxi XS-2XL,Julimex,49
5907333361851, Figi Model Mousse Maxi Black - Julimex ,Julimex,16,Figi MOUSSE MAXI,Julimex,16,Figi Julimex Mousse Maxi XS-2XL,Julimex,59
5907333361905, Figi Model Infinity Classic Beige - Julimex ,Julimex,9,Figi INFINITY CLASSIC,Julimex,9,Figi Julimex Infinity Classic S-XL,Julimex,50
5907333361912, Figi Model Infinity Classic Beige - Julimex ,Julimex,8,Figi INFINITY CLASSIC,Julimex,8,Figi Julimex Infinity Classic S-XL,Julimex,68
5907333361929, Figi Model Infinity Classic Beige - Julimex ,Julimex,3,Figi INFINITY CLASSIC,Julimex,3,Figi Julimex Infinity Classic S-XL,Julimex,39
5907333361936, Figi Model Infinity Classic Beige - Julimex ,Julimex,12,Figi INFINITY CLASSIC,Julimex,12,Figi Julimex Infinity Classic S-XL,Julimex,30
5907333361950, Figi Model Infinity Classic Black - Julimex ,Julimex,5,Figi INFINITY CLASSIC,Julimex,5,Figi Julimex Infinity Classic S-XL,Julimex,33
5907333361967, Figi Model Infinity Classic Black - Julimex ,Julimex,0,Figi INFINITY CLASSIC,Julimex,0,Figi Julimex Infinity Classic S-XL,Julimex,23
5907333361974, Figi Model Infinity Classic Black - Julimex ,Julimex,6,Figi INFINITY CLASSIC,Julimex,6,Figi Julimex Infinity Classic S-XL,Julimex,6
5907333361981, Figi Model Infinity Classic Black - Julimex ,Julimex,6,Figi INFINITY CLASSIC,Julimex,6,Figi Julimex Infinity Classic S-XL,Julimex,9
5907333361998, Figi Model Bamboo Classic Beige - Julimex ,Julimex,6,Figi BAMBOO CLASSIC,Julimex,6,Figi Julimex Bamboo Classic S-2XL,Julimex,10
5907333362001, Figi Model Bamboo Classic Beige - Julimex ,Julimex,9,Figi BAMBOO CLASSIC,Julimex,9,Figi Julimex Bamboo Classic S-2XL,Julimex,12
5907333362018, Figi Model Bamboo Classic Beige - Julimex ,Julimex,5,Figi BAMBOO CLASSIC,Julimex,5,Figi Julimex Bamboo Classic S-2XL,Julimex,18
5907333362025, Figi Model Bamboo Classic Beige - Julimex ,Julimex,7,Figi BAMBOO CLASSIC,Julimex,7,Figi Julimex Bamboo Classic S-2XL,Julimex,10
5907333362032, Figi Model Bamboo Classic Beige - Julimex ,Julimex,6,Figi BAMBOO CLASSIC,Julimex,6,Figi Julimex Bamboo Classic S-2XL,Julimex,8
5907333362049, Figi Model Bamboo Classic Black - Julimex ,Julimex,6,Figi BAMBOO CLASSIC,Julimex,6,Figi Julimex Bamboo Classic S-2XL,Julimex,13
5907333362056, Figi Model Bamboo Classic Black - Julimex ,Julimex,6,Figi BAMBOO CLASSIC,Julimex,6,Figi Julimex Bamboo Classic S-2XL,Julimex,20
5907333362063, Figi Model Bamboo Classic Black - Julimex ,Julimex,6,Figi BAMBOO CLASSIC,Julimex,6,Figi Julimex Bamboo Classic S-2XL,Julimex,10
5907333362070, Figi Model Bamboo Classic Black - Julimex ,Julimex,6,Figi BAMBOO CLASSIC,Julimex,6,Figi Julimex Bamboo Classic S-2XL,Julimex,15
5907333362087, Figi Model Bamboo Classic Black - Julimex ,Julimex,6,Figi BAMBOO CLASSIC,Julimex,6,Figi Julimex Bamboo Classic S-2XL,Julimex,13
5907333362155, Figi Model Dark Plum Simple Brasil Śliwka - Julimex ,Julimex,9,Figi SIMPLE BRASIL,Julimex,5,Figi Julimex Dark Plum Simple Brasil S-XL,Julimex,6
5907333362193, Figi Model Dark Plum Simple Classic Śliwka - Julimex ,Julimex,7,Figi SIMPLE CLASSIC,Julimex,3,Figi Julimex Dark Plum Simple Classic S-XL,Julimex,7
5907333362230, Figi Model Dark Plum Simple Maxi Śliwka - Julimex ,Julimex,3,Figi SIMPLE MAXI,Julimex,0,Figi Julimex Dark Plum Simple Maxi S-2XL,Julimex,5
5907333362537, Figi Model Mallow Hipster Hipphuggers Pink - Julimex ,Julimex,4,Figi MALLOW HIPSTER HIPPHUGGERS,Julimex,4,Figi Julimex Mallow Hipster Hipphuggers S-XL,Julimex,1
5907333362544, Figi Model Mallow Hipster Hipphuggers Pink - Julimex ,Julimex,8,Figi MALLOW HIPSTER HIPPHUGGERS,Julimex,8,Figi Julimex Mallow Hipster Hipphuggers S-XL,Julimex,2
5907333362629, Figi Brazyliany Model Mallow Brasil Maxi Pink - Julimex ,Julimex,0,Figi MALLOW BRASIL MAXI,Julimex,0,Figi Julimex Mallow Simple Brasil Maxi S-XL,Julimex,6
5907333362674, Figi Model Mallow Classsic Pink - Julimex ,Julimex,10,Figi MALLOW CLASSIC,Julimex,10,Figi Julimex Mallow Simple Classic S-XL,Julimex,7
5907333362711, Figi Model Mallow Maxi Pink - Julimex ,Julimex,8,Figi MALLOW MAXI,Julimex,8,Figi Julimex Mallow Simple Maxi S-2XL,Julimex,8
5907371500588, Stringi Model BBL 208 White - Babell ,Babell,1,Figi BBL 208,Babell,1,Stringi Babell BBL 208 S-XL,Babell,2
5907371500595, Stringi Model BBL 208 White - Babell ,Babell,0,Figi BBL 208,Babell,0,Stringi Babell BBL 208 S-XL,Babell,4
5907371500601, Stringi Model BBL 208 White - Babell ,Babell,4,Figi BBL 208,Babell,4,Stringi Babell BBL 208 S-XL,Babell,5
5907371500618, Stringi Model BBL 208 White - Babell ,Babell,2,Figi BBL 208,Babell,2,Stringi Babell BBL 208 S-XL,Babell,4
5907371500625, Stringi Model BBL 208 Black - Babell ,Babell,2,Figi BBL 208,Babell,2,Stringi Babell BBL 208 S-XL,Babell,4
5907371500632, Stringi Model BBL 208 Black - Babell ,Babell,5,Figi BBL 208,Babell,5,Stringi Babell BBL 208 S-XL,Babell,8
5907371500649, Stringi Model BBL 208 Black - Babell ,Babell,5,Figi BBL 208,Babell,5,Stringi Babell BBL 208 S-XL,Babell,7
5907371500656, Stringi Model BBL 208 Black - Babell ,Babell,0,Figi BBL 208,Babell,0,Stringi Babell BBL 208 S-XL,Babell,4
5907371500663, Stringi Model BBL 208 Beige - Babell ,Babell,1,Figi BBL 208,Babell,1,Stringi Babell BBL 208 S-XL,Babell,5
5907371500670, Stringi Model BBL 208 Beige - Babell ,Babell,0,Figi BBL 208,Babell,0,Stringi Babell BBL 208 S-XL,Babell,6
5907371500687, Stringi Model BBL 208 Beige - Babell ,Babell,0,Figi BBL 208,Babell,0,Stringi Babell BBL 208 S-XL,Babell,6
5907371500694, Stringi Model BBL 208 Beige - Babell ,Babell,0,Figi BBL 208,Babell,0,Stringi Babell BBL 208 S-XL,Babell,3
5907371500700, Figi Model BBL 209 White - Babell ,Babell,0,Figi BBL 209,Babell,0,Figi Babell BBL 209 S-2XL,Babell,3
5907371500717, Figi Model BBL 209 White - Babell ,Babell,2,Figi BBL 209,Babell,2,Figi Babell BBL 209 S-2XL,Babell,4
5907371500724, Figi Model BBL 209 White - Babell ,Babell,3,Figi BBL 209,Babell,3,Figi Babell BBL 209 S-2XL,Babell,6
5907371500731, Figi Model BBL 209 White - Babell ,Babell,4,Figi BBL 209,Babell,4,Figi Babell BBL 209 S-2XL,Babell,2
5907371500748, Figi Model BBL 209 White - Babell ,Babell,2,Figi BBL 209,Babell,2,Figi Babell BBL 209 S-2XL,Babell,3
5907371500762, Figi Model BBL 209 Black - Babell ,Babell,4,Figi BBL 209,Babell,4,Figi Babell BBL 209 S-2XL,Babell,3
5907371500779, Figi Model BBL 209 Black - Babell ,Babell,3,Figi BBL 209,Babell,3,Figi Babell BBL 209 S-2XL,Babell,2
5907371500786, Figi Model BBL 209 Black - Babell ,Babell,2,Figi BBL 209,Babell,2,Figi Babell BBL 209 S-2XL,Babell,3
5907371500816, Figi Model BBL 209 Beige - Babell ,Babell,6,Figi BBL 209,Babell,6,Figi Babell BBL 209 S-2XL,Babell,7
5907371500823, Figi Model BBL 209 Beige - Babell ,Babell,0,Figi BBL 209,Babell,0,Figi Babell BBL 209 S-2XL,Babell,5
5907371500830, Figi Model BBL 209 Beige - Babell ,Babell,4,Figi BBL 209,Babell,4,Figi Babell BBL 209 S-2XL,Babell,5
5907371501349, Figi Model BBL 211 Black - Babell ,Babell,3,Figi BBL 211,Babell,3,Figi Babell BBL 211 S-XL,Babell,2
5907371501356, Figi Model BBL 211 Black - Babell ,Babell,4,Figi BBL 211,Babell,4,Figi Babell BBL 211 S-XL,Babell,4
5907371501363, Figi Model BBL 211 Black - Babell ,Babell,4,Figi BBL 211,Babell,4,Figi Babell BBL 211 S-XL,Babell,3
5907371501370, Figi Model BBL 211 Black - Babell ,Babell,0,Figi BBL 211,Babell,0,Figi Babell BBL 211 S-XL,Babell,2
5907371501387, Figi Model BBL 211 White - Babell ,Babell,4,Figi BBL 211,Babell,4,Figi Babell BBL 211 S-XL,Babell,2
5907371501394, Figi Model BBL 211 White - Babell ,Babell,3,Figi BBL 211,Babell,3,Figi Babell BBL 211 S-XL,Babell,3
5907371501400, Figi Model BBL 211 White - Babell ,Babell,4,Figi BBL 211,Babell,4,Figi Babell BBL 211 S-XL,Babell,3
5907371501417, Figi Model BBL 211 White - Babell ,Babell,2,Figi BBL 211,Babell,2,Figi Babell BBL 211 S-XL,Babell,5
5907371501424, Figi Model BBL 211 Beige - Babell ,Babell,3,Figi BBL 211,Babell,3,Figi Babell BBL 211 S-XL,Babell,2
5907371501431, Figi Model BBL 211 Beige - Babell ,Babell,4,Figi BBL 211,Babell,4,Figi Babell BBL 211 S-XL,Babell,6
5907371501448, Figi Model BBL 211 Beige - Babell ,Babell,3,Figi BBL 211,Babell,3,Figi Babell BBL 211 S-XL,Babell,9
5907371501455, Figi Model BBL 211 Beige - Babell ,Babell,3,Figi BBL 211,Babell,3,Figi Babell BBL 211 S-XL,Babell,4
5907371501622, Figi Model BBL 213 Black - Babell ,Babell,1,Figi BBL 213,Babell,1,Figi Babell BBL 213 S-2XL,Babell,5
5907371501639, Figi Model BBL 213 Black - Babell ,Babell,0,Figi BBL 213,Babell,0,Figi Babell BBL 213 S-2XL,Babell,1
5907371501646, Figi Model BBL 213 Black - Babell ,Babell,2,Figi BBL 213,Babell,2,Figi Babell BBL 213 S-2XL,Babell,4
5907371501653, Figi Model BBL 213 Black - Babell ,Babell,0,Figi BBL 213,Babell,0,Figi Babell BBL 213 S-2XL,Babell,3
5907371501684, Figi Model BBL 213 White - Babell ,Babell,1,Figi BBL 213,Babell,1,Figi Babell BBL 213 S-2XL,Babell,8
5907371501691, Figi Model BBL 213 White - Babell ,Babell,1,Figi BBL 213,Babell,1,Figi Babell BBL 213 S-2XL,Babell,7
5907371501707, Figi Model BBL 213 White - Babell ,Babell,1,Figi BBL 213,Babell,1,Figi Babell BBL 213 S-2XL,Babell,3
5907371501721, Figi Model BBL 213 Beige - Babell ,Babell,3,Figi BBL 213,Babell,3,Figi Babell BBL 213 S-2XL,Babell,4
5907371501738, Figi Model BBL 213 Beige - Babell ,Babell,1,Figi BBL 213,Babell,1,Figi Babell BBL 213 S-2XL,Babell,5
5907371501745, Figi Model BBL 213 Beige - Babell ,Babell,1,Figi BBL 213,Babell,1,Figi Babell BBL 213 S-2XL,Babell,4
5907371501752, Figi Model BBL 213 Beige - Babell ,Babell,1,Figi BBL 213,Babell,1,Figi Babell BBL 213 S-2XL,Babell,2
5907371501776, Figi Model BBL 214 Black - Babell ,Babell,0,Figi BBL 214,Babell,0,Figi Babell BBL 214 S-2XL,Babell,5
5907371501783, Figi Model BBL 214 Black - Babell ,Babell,0,Figi BBL 214,Babell,0,Figi Babell BBL 214 S-2XL,Babell,5
5907371501790, Figi Model BBL 214 Black - Babell ,Babell,0,Figi BBL 214,Babell,0,Figi Babell BBL 214 S-2XL,Babell,4
5907371501806, Figi Model BBL 214 Black - Babell ,Babell,1,Figi BBL 214,Babell,1,Figi Babell BBL 214 S-2XL,Babell,4
5907371501837, Figi Model BBL 214 White - Babell ,Babell,2,Figi BBL 214,Babell,2,Figi Babell BBL 214 S-2XL,Babell,4
5907371501844, Figi Model BBL 214 White - Babell ,Babell,0,Figi BBL 214,Babell,0,Figi Babell BBL 214 S-2XL,Babell,3
5907371501851, Figi Model BBL 214 White - Babell ,Babell,0,Figi BBL 214,Babell,0,Figi Babell BBL 214 S-2XL,Babell,3
5907371501875, Figi Model BBL 214 Beige - Babell ,Babell,3,Figi BBL 214,Babell,3,Figi Babell BBL 214 S-2XL,Babell,5
5907371501899, Figi Model BBL 214 Beige - Babell ,Babell,3,Figi BBL 214,Babell,3,Figi Babell BBL 214 S-2XL,Babell,4
5907996350360, Figi Model BBL 005 White - Babell ,Babell,5,Figi BBL 005,Babell,5,Figi Babell BBL 005 M-2XL,Babell,6
5907996350377, Figi Model BBL 005 White - Babell ,Babell,4,Figi BBL 005,Babell,4,Figi Babell BBL 005 M-2XL,Babell,4
5907996350384, Figi Model BBL 005 White - Babell ,Babell,3,Figi BBL 005,Babell,3,Figi Babell BBL 005 M-2XL,Babell,7
5907996350391, Figi Model BBL 005 White - Babell ,Babell,5,Figi BBL 005,Babell,5,Figi Babell BBL 005 M-2XL,Babell,6
5907996350414, Figi Model BBL 005 Black - Babell ,Babell,6,Figi BBL 005,Babell,6,Figi Babell BBL 005 M-2XL,Babell,4
5907996350421, Figi Model BBL 005 Black - Babell ,Babell,3,Figi BBL 005,Babell,3,Figi Babell BBL 005 M-2XL,Babell,9
5907996350438, Figi Model BBL 005 Black - Babell ,Babell,5,Figi BBL 005,Babell,5,Figi Babell BBL 005 M-2XL,Babell,5
5907996350445, Figi Model BBL 005 Black - Babell ,Babell,2,Figi BBL 005,Babell,2,Figi Babell BBL 005 M-2XL,Babell,5
5907996352210, Figi Model BBL 005 Black - Babell ,Babell,4,Figi BBL 005,Babell,4,Figi Babell BBL 005 3XL-4XL,Babell,2
5907996352227, Figi Model BBL 005 Black - Babell ,Babell,2,Figi BBL 005,Babell,2,Figi Babell BBL 005 3XL-4XL,Babell,1
5907996352234, Figi Model BBL 005 White - Babell ,Babell,3,Figi BBL 005,Babell,3,Figi Babell BBL 005 3XL-4XL,Babell,2
5907996352241, Figi Model BBL 005 White - Babell ,Babell,2,Figi BBL 005,Babell,2,Figi Babell BBL 005 3XL-4XL,Babell,2
5907996352777,  Bluzka Model Kiti White - Babell ,Babell,3,Koszulka KITI,Babell,3,Koszulka Babell Kiti S-2XL,Babell,1
5907996352784,  Bluzka Model Kiti White - Babell ,Babell,3,Koszulka KITI,Babell,3,Koszulka Babell Kiti S-2XL,Babell,5
5907996352791,  Bluzka Model Kiti White - Babell ,Babell,3,Koszulka KITI,Babell,3,Koszulka Babell Kiti S-2XL,Babell,4
5907996352807,  Bluzka Model Kiti White - Babell ,Babell,0,Koszulka KITI,Babell,0,Koszulka Babell Kiti S-2XL,Babell,1
5907996352814,  Bluzka Model Kiti White - Babell ,Babell,2,Koszulka KITI,Babell,2,Koszulka Babell Kiti S-2XL,Babell,4
5907996352852,  Bluzka Model Kiti Black - Babell ,Babell,3,Koszulka KITI,Babell,3,Koszulka Babell Kiti S-2XL,Babell,5
5907996353132, Koszulka Top Model Indi White - Babell ,Babell,3,Koszulka INDI,Babell,3,Koszulka Babell Indi S-2XL,Babell,2
5907996353149, Koszulka Top Model Indi White - Babell ,Babell,2,Koszulka INDI,Babell,2,Koszulka Babell Indi S-2XL,Babell,3
5907996353156, Koszulka Top Model Indi White - Babell ,Babell,2,Koszulka INDI,Babell,2,Koszulka Babell Indi S-2XL,Babell,9
5907996353163, Koszulka Top Model Indi White - Babell ,Babell,3,Koszulka INDI,Babell,3,Koszulka Babell Indi S-2XL,Babell,2
5907996353170, Koszulka Top Model Indi White - Babell ,Babell,0,Koszulka INDI,Babell,0,Koszulka Babell Indi S-2XL,Babell,3
5907996353187, Koszulka Top Model Indi White - Babell ,Babell,2,Koszulka INDI,Babell,2,Koszulka Babell Indi 3XL,Babell,1
5907996353194, Koszulka Top Model Indi Black - Babell ,Babell,3,Koszulka INDI,Babell,3,Koszulka Babell Indi S-2XL,Babell,3
5907996353200, Koszulka Top Model Indi Black - Babell ,Babell,3,Koszulka INDI,Babell,3,Koszulka Babell Indi S-2XL,Babell,5
5907996353217, Koszulka Top Model Indi Black - Babell ,Babell,4,Koszulka INDI,Babell,4,Koszulka Babell Indi S-2XL,Babell,3
5907996353224, Koszulka Top Model Indi Black - Babell ,Babell,2,Koszulka INDI,Babell,2,Koszulka Babell Indi S-2XL,Babell,1
5907996353248, Koszulka Top Model Indi Black - Babell ,Babell,2,Koszulka INDI,Babell,2,Koszulka Babell Indi 3XL,Babell,1
5907996353491,  Bluzka Model  Carla k.r White - Babell ,Babell,3,Koszulka CARLA,Babell,3,Koszulka Babell Carla S-2XL,Babell,1
5907996353507,  Bluzka Model  Carla k.r White - Babell ,Babell,4,Koszulka CARLA,Babell,4,Koszulka Babell Carla S-2XL,Babell,2
5907996353514,  Bluzka Model  Carla k.r White - Babell ,Babell,0,Koszulka CARLA,Babell,4,Koszulka Babell Carla S-2XL,Babell,9
5907996353521,  Bluzka Model  Carla k.r White - Babell ,Babell,3,Koszulka CARLA,Babell,3,Koszulka Babell Carla S-2XL,Babell,1
5907996353538,  Bluzka Model  Carla k.r White - Babell ,Babell,0,Koszulka CARLA,Babell,3,Koszulka Babell Carla S-2XL,Babell,3
5907996353545,  Bluzka Model  Carla k.r White - Babell ,Babell,5,Koszulka CARLA,Babell,4,Koszulka Babell Carla 3XL,Babell,1
5907996353552,  Bluzka Model Carla k.r Black - Babell ,Babell,3,Koszulka CARLA,Babell,3,Koszulka Babell Carla S-2XL,Babell,1
5907996353569,  Bluzka Model Carla k.r Black - Babell ,Babell,7,Koszulka CARLA,Babell,7,Koszulka Babell Carla S-2XL,Babell,6
5907996353576,  Bluzka Model Carla k.r Black - Babell ,Babell,6,Koszulka CARLA,Babell,6,Koszulka Babell Carla S-2XL,Babell,3
5907996353583,  Bluzka Model Carla k.r Black - Babell ,Babell,2,Koszulka CARLA,Babell,2,Koszulka Babell Carla S-2XL,Babell,3
5907996353590,  Bluzka Model Carla k.r Black - Babell ,Babell,2,Koszulka CARLA,Babell,2,Koszulka Babell Carla S-2XL,Babell,1
5907996353606,  Bluzka Model Carla k.r Black - Babell ,Babell,3,Koszulka CARLA,Babell,3,Koszulka Babell Carla 3XL,Babell,2
5907996354511,  Bluzka Model Manati 3/4 White - Babell ,Babell,3,Koszulka MANATI 3/4,Babell,3,Koszulka Babell Manati 3/4 S-2XL,Babell,2
5907996354528,  Bluzka Model Manati 3/4 White - Babell ,Babell,5,Koszulka MANATI 3/4,Babell,5,Koszulka Babell Manati 3/4 S-2XL,Babell,3
5907996354535,  Bluzka Model Manati 3/4 White - Babell ,Babell,2,Koszulka MANATI 3/4,Babell,2,Koszulka Babell Manati 3/4 S-2XL,Babell,5
5907996354542,  Bluzka Model Manati 3/4 White - Babell ,Babell,4,Koszulka MANATI 3/4,Babell,3,Koszulka Babell Manati 3/4 S-2XL,Babell,2
5907996354559,  Bluzka Model Manati 3/4 White - Babell ,Babell,2,Koszulka MANATI 3/4,Babell,2,Koszulka Babell Manati 3/4 S-2XL,Babell,2
5907996354566,  Bluzka Model Manati 3/4 Black - Babell ,Babell,5,Koszulka MANATI 3/4,Babell,5,Koszulka Babell Manati 3/4 S-2XL,Babell,2
5907996354573,  Bluzka Model Manati 3/4 Black - Babell ,Babell,3,Koszulka MANATI 3/4,Babell,3,Koszulka Babell Manati 3/4 S-2XL,Babell,5
5907996354580,  Bluzka Model Manati 3/4 Black - Babell ,Babell,3,Koszulka MANATI 3/4,Babell,3,Koszulka Babell Manati 3/4 S-2XL,Babell,3
5907996354597,  Bluzka Model Manati 3/4 Black - Babell ,Babell,4,Koszulka MANATI 3/4,Babell,4,Koszulka Babell Manati 3/4 S-2XL,Babell,3
5907996354603,  Bluzka Model Manati 3/4 Black - Babell ,Babell,3,Koszulka MANATI 3/4,Babell,3,Koszulka Babell Manati 3/4 S-2XL,Babell,4
5907996357260, Koszulka nocna Podkoszulka Model Nata White - Babell ,Babell,0,Koszulka NATA,Babell,0,Koszulka Babell Nata S-XL,Babell,1
5907996357314, Koszulka nocna Podkoszulka Model Nata Black - Babell ,Babell,4,Koszulka NATA,Babell,4,Koszulka Babell Nata S-XL,Babell,1
5907996357338, Koszulka nocna Podkoszulka Model Nata Black - Babell ,Babell,3,Koszulka NATA,Babell,3,Koszulka Babell Nata S-XL,Babell,1
5907996357345, Koszulka nocna Podkoszulka Model Nata Black - Babell ,Babell,6,Koszulka NATA,Babell,6,Koszulka Babell Nata 2XL-3XL,Babell,3
5907996357352, Koszulka nocna Podkoszulka Model Nata Beige - Babell ,Babell,0,Koszulka NATA,Babell,0,Koszulka Babell Nata S-XL,Babell,2
5907996357376, Koszulka nocna Podkoszulka Model Nata Beige - Babell ,Babell,0,Koszulka NATA,Babell,0,Koszulka Babell Nata S-XL,Babell,4
5907996357383, Koszulka nocna Podkoszulka Model Nata Beige - Babell ,Babell,0,Koszulka NATA,Babell,0,Koszulka Babell Nata S-XL,Babell,1
5907996357390, Koszulka nocna Podkoszulka Model Nata Beige - Babell ,Babell,1,Koszulka NATA,Babell,1,Koszulka Babell Nata 2XL-3XL,Babell,2
5907996357406, Koszulka nocna Bluzka Model Alita White - Babell ,Babell,2,Koszulka ALITA,Babell,2,Koszulka Babell Alita S-XL,Babell,7
5907996357413, Koszulka nocna Bluzka Model Alita White - Babell ,Babell,1,Koszulka ALITA,Babell,1,Koszulka Babell Alita S-XL,Babell,7
5907996357420, Koszulka nocna Bluzka Model Alita White - Babell ,Babell,2,Koszulka ALITA,Babell,2,Koszulka Babell Alita S-XL,Babell,3
5907996357437, Koszulka nocna Bluzka Model Alita White - Babell ,Babell,4,Koszulka ALITA,Babell,4,Koszulka Babell Alita S-XL,Babell,1
5907996357451, Koszulka nocna Bluzka Model Alita Black - Babell ,Babell,3,Koszulka ALITA,Babell,2,Koszulka Babell Alita S-XL,Babell,3
5907996357468, Koszulka nocna Bluzka Model Alita Black - Babell ,Babell,2,Koszulka ALITA,Babell,2,Koszulka Babell Alita S-XL,Babell,2
5907996357475, Koszulka nocna Bluzka Model Alita Black - Babell ,Babell,5,Koszulka ALITA,Babell,5,Koszulka Babell Alita S-XL,Babell,4
5907996357482, Koszulka nocna Bluzka Model Alita Black - Babell ,Babell,5,Koszulka ALITA,Babell,5,Koszulka Babell Alita S-XL,Babell,1
5907996357499, Koszulka nocna Bluzka Model Alita Black - Babell ,Babell,1,Koszulka ALITA,Babell,1,Koszulka Babell Alita 2XL-3XL,Babell,4
5907996357512, Koszulka nocna Bluzka Model Alita Beige - Babell ,Babell,4,Koszulka ALITA,Babell,4,Koszulka Babell Alita S-XL,Babell,3
5907996357529, Koszulka nocna Bluzka Model Alita Beige - Babell ,Babell,0,Koszulka ALITA,Babell,0,Koszulka Babell Alita S-XL,Babell,1
5907996357543, Koszulka nocna Bluzka Model Alita Beige - Babell ,Babell,3,Koszulka ALITA,Babell,3,Koszulka Babell Alita 2XL-3XL,Babell,3
5908211912950, Biustonosz Soft Model Lara WB-748 181228 Black - Kinga ,Kinga,14,Biustonosz WB-748,Kinga,0,Biustonosz soft bez fiszbin Kinga WB-748 Lara,Kinga,2
5908211912974, Biustonosz Soft Model Lara WB-748 181228 Black - Kinga ,Kinga,0,Biustonosz WB-748,Kinga,0,Biustonosz soft bez fiszbin Kinga WB-748 Lara,Kinga,2
5908211913001, Biustonosz Soft Model Lara WB-748 181228 Black - Kinga ,Kinga,1,Biustonosz WB-748,Kinga,0,Biustonosz soft bez fiszbin Kinga WB-748 Lara,Kinga,5
5908211913018, Biustonosz Soft Model Lara WB-748 181228 Black - Kinga ,Kinga,0,Biustonosz WB-748,Kinga,0,Biustonosz soft bez fiszbin Kinga WB-748 Lara,Kinga,5
5908211913025, Biustonosz Soft Model Lara WB-748 181228 Black - Kinga ,Kinga,15,Biustonosz WB-748,Kinga,0,Biustonosz soft bez fiszbin Kinga WB-748 Lara,Kinga,5
5908231280589, Figi Model Air Black - Julimex Lingerie ,Julimex Lingerie,11,Figi AIR,Julimex,11,Figi Julimex Air S-XL,Julimex,9
5908231280596, Figi Model Air Black - Julimex Lingerie ,Julimex Lingerie,14,Figi AIR,Julimex,14,Figi Julimex Air S-XL,Julimex,19
5908231280602, Figi Model Air Black - Julimex Lingerie ,Julimex Lingerie,6,Figi AIR,Julimex,6,Figi Julimex Air S-XL,Julimex,9
5908231280619, Figi Model Air Black - Julimex Lingerie ,Julimex Lingerie,8,Figi AIR,Julimex,8,Figi Julimex Air S-XL,Julimex,12
5908231280626, Figi Model Air Naturalny - Julimex Lingerie ,Julimex Lingerie,9,Figi AIR,Julimex,9,Figi Julimex Air S-XL,Julimex,11
5908231280633, Figi Model Air Naturalny - Julimex Lingerie ,Julimex Lingerie,15,Figi AIR,Julimex,15,Figi Julimex Air S-XL,Julimex,22
5908231280640, Figi Model Air Naturalny - Julimex Lingerie ,Julimex Lingerie,19,Figi AIR,Julimex,19,Figi Julimex Air S-XL,Julimex,8
5908231280657, Figi Model Air Naturalny - Julimex Lingerie ,Julimex Lingerie,22,Figi AIR,Julimex,22,Figi Julimex Air S-XL,Julimex,20
5908310442143,  Figi Model Promessa White - Wolbar ,Wolbar,2,Figi PROMESSA,Wolbar,2,Figi Wolbar Promessa S-2XL,Wolbar,10
5908310442150,  Figi Model Promessa White - Wolbar ,Wolbar,3,Figi PROMESSA,Wolbar,3,Figi Wolbar Promessa S-2XL,Wolbar,8
5908310442228,  Figi Model Promessa White - Wolbar ,Wolbar,3,Figi PROMESSA,Wolbar,3,Figi Wolbar Promessa S-2XL,Wolbar,9
5908310442273,  Figi Model Promessa White - Wolbar ,Wolbar,3,Figi PROMESSA,Wolbar,3,Figi Wolbar Promessa S-2XL,Wolbar,14
5908310442730,  Figi Model Promessa Black - Wolbar ,Wolbar,0,Figi PROMESSA,Wolbar,0,Figi Wolbar Promessa S-2XL,Wolbar,9
5908310442785,  Figi Model Promessa Black - Wolbar ,Wolbar,2,Figi PROMESSA,Wolbar,2,Figi Wolbar Promessa S-2XL,Wolbar,8
5908310442792,  Figi Model Promessa Black - Wolbar ,Wolbar,3,Figi PROMESSA,Wolbar,3,Figi Wolbar Promessa S-2XL,Wolbar,7
5908310442938,  Figi Model Promessa Black - Wolbar ,Wolbar,2,Figi PROMESSA,Wolbar,2,Figi Wolbar Promessa S-2XL,Wolbar,8
5908310442952,  Figi Model Promessa Beige - Wolbar ,Wolbar,0,Figi PROMESSA,Wolbar,0,Figi Wolbar Promessa S-2XL,Wolbar,7
5908310442969,  Figi Model Promessa Beige - Wolbar ,Wolbar,2,Figi PROMESSA,Wolbar,2,Figi Wolbar Promessa S-2XL,Wolbar,10
5908310442976,  Figi Model Promessa Beige - Wolbar ,Wolbar,0,Figi PROMESSA,Wolbar,0,Figi Wolbar Promessa S-2XL,Wolbar,10
5908310442983,  Figi Model Promessa Beige - Wolbar ,Wolbar,2,Figi PROMESSA,Wolbar,2,Figi Wolbar Promessa S-2XL,Wolbar,13
5908310442990,  Figi Model Promessa Beige - Wolbar ,Wolbar,2,Figi PROMESSA,Wolbar,2,Figi Wolbar Promessa S-2XL,Wolbar,8
61300126,  Skarpety Model 151 Kabarette Nero - Gabriella ,Gabriella,10,Skarpety 151 KABARETTE,GABRIELLA,10,Skarpetki Gabriella 613 kabaretki 151,Gabriella,56
